 0
SECTION
 2
HEADER
 9
$ACADVER
 1
AC1004
 9
$EXTMIN
 10
0
 20
0
 9
$EXTMAX
 10
34
 20
85.670599
 9
$LTSCALE
 40
0.5
 0
ENDSEC
 0
SECTION
 2
TABLES
 0
TABLE
 2
LTYPE
 70
2
 0
LTYPE
 2
CONTINUOUS
 70
64
 3
Solid line
 72
65
 73
0
 40
0.0
 0
LTYPE
 2
TRAZOS
 70
64
 3
TRAZOS__ __ __ __ __ __ __ __ __ __ __ __ __ _
 72
65
 73
4
 40
0.75
 49
0.5
 49
-0.25
 49
0.0
 49
0.0
 0
LTYPE
 2
PUNTOS
 70
64
 3
PUNTOS . . . . . . . . . . . . . . . . . . . .
 72
65
 73
2
 40
0.75
 49
0.0
 49
-0.75
 0
LTYPE
 2
TRAZO_PUNTO
 70
64
 3
TRAZOS_PUNTO__ . __ . __ . __ . __ . __ . __ . __
 72
65
 73
4
 40
1.0
 49
0.5
 49
-0.25
 49
0.0
 49
-0.25
 0
LTYPE
 2
TRAZO_PUNTO2
 70
64
 3
TRAZOS_PUNTO2__ . . __ . . __ . . __ . . __ . . __
 72
65
 73
6
 40
1.25
 49
0.5
 49
-0.25
 49
0.0
 49
-0.25
 49
0.0
 49
-0.25
 0
ENDTAB
 0
TABLE
 2
LAYER
 70
1
 0
LAYER
 2
0
 70
0
 62
7
 6
CONTINUOUS
 0
LAYER
 2
UNIFILAR
 70
0
 62
7
 6
CONTINUOUS
 0
LAYER
 2
TEXTO_NUDOS
 70
0
 62
7
 6
CONTINUOUS
 0
LAYER
 2
TEXTO_RAMAS
 70
0
 62
7
 6
CONTINUOUS
 0
LAYER
 2
SIMBOLOGIA_GRAFICA
 70
0
 62
7
 6
CONTINUOUS
 0
ENDTAB
 0
TABLE
 2
STYLE
 0
STYLE
 2
ROMANS
 70
0
 40
2.5
 41
1
 50
0
 71
0
 42
2.5
 3
Romans
 4

 0
STYLE
 2
ROMANS
 70
0
 40
2.5
 41
1
 50
0
 71
0
 42
2.5
 3
Romans
 4

 0
ENDTAB
 0
ENDSEC
 0
SECTION
 2
BLOCKS
 0
BLOCK
 8
SIMBOLOGIA_GRAFICA
 6
CONTINUOUS
 62
7
 2
CONEXION_RED_IPCI
 70
0
10
0
20
0
30
0
 3
CONEXION_RED_IPCI
 1

 0
CIRCLE
 8
0
 6
CONTINUOUS
 62
0
10
0
20
0
30
0
 40
1.5
 0
LINE
 8
0
 6
CONTINUOUS
 62
0
10
-1.5
20
0
30
0
11
-3.5
21
0
31
0
 0
LINE
 8
0
 6
CONTINUOUS
 62
0
10
-1.5
20
0
30
0
11
-2.8
21
0.8
31
0
 0
LINE
 8
0
 6
CONTINUOUS
 62
0
10
-1.5
20
0
30
0
11
-2.8
21
-0.8
31
0
 0
ENDBLK
 0
BLOCK
 8
0
 6
CONTINUOUS
 62
0
 2
DEPOSITO_ACUMULADOR_IPCI
 70
0
10
0
20
0
30
0
 3
DEPOSITO_ACUMULADOR_IPCI
 1

 0
LINE
 8
0
 6
CONTINUOUS
 62
0
10
-1.125
20
1.125
30
0
11
1.125
21
1.125
31
0
 0
LINE
 8
0
 6
CONTINUOUS
 62
0
10
-1.125
20
-1.125
30
0
11
-1.125
21
1.125
31
0
 0
LINE
 8
0
 6
CONTINUOUS
 62
0
10
1.125
20
-1.125
30
0
11
-1.125
21
-1.125
31
0
 0
LINE
 8
0
 6
CONTINUOUS
 62
0
10
1.125
20
1.125
30
0
11
1.125
21
-1.125
31
0
 0
SOLID
 8
0
 6
CONTINUOUS
 62
0
10
0.6
20
0
30
0
11
0.597003
21
0.0599
31
0
13
0.589961
23
-0.109297
33
0
12
0.597925
22
-0.049854
32
0
 0
SOLID
 8
0
 6
CONTINUOUS
 62
0
10
0.597003
20
0.0599
30
0
11
0.58804
21
0.119202
31
0
13
0.576102
23
-0.167649
33
0
12
0.589961
22
-0.109297
32
0
 0
SOLID
 8
0
 6
CONTINUOUS
 62
0
10
0.58804
20
0.119202
30
0
11
0.573202
21
0.177312
31
0
13
0.556487
23
-0.224326
33
0
12
0.576102
22
-0.167649
32
0
 0
SOLID
 8
0
 6
CONTINUOUS
 62
0
10
0.573202
20
0.177312
30
0
11
0.552637
21
0.233651
31
0
13
0.531312
23
-0.278761
33
0
12
0.556487
22
-0.224326
32
0
 0
SOLID
 8
0
 6
CONTINUOUS
 62
0
10
0.552637
20
0.233651
30
0
11
0.52655
21
0.287655
31
0
13
0.500828
23
-0.330411
33
0
12
0.531312
22
-0.278761
32
0
 0
SOLID
 8
0
 6
CONTINUOUS
 62
0
10
0.52655
20
0.287655
30
0
11
0.495201
21
0.338786
31
0
13
0.46534
23
-0.37876
33
0
12
0.500828
22
-0.330411
32
0
 0
SOLID
 8
0
 6
CONTINUOUS
 62
0
10
0.495201
20
0.338786
30
0
11
0.458905
21
0.386531
31
0
13
0.425202
23
-0.423324
33
0
12
0.46534
22
-0.37876
32
0
 0
SOLID
 8
0
 6
CONTINUOUS
 62
0
10
0.458905
20
0.386531
30
0
11
0.418024
21
0.430414
31
0
13
0.380816
23
-0.463659
33
0
12
0.425202
22
-0.423324
32
0
 0
SOLID
 8
0
 6
CONTINUOUS
 62
0
10
0.418024
20
0.430414
30
0
11
0.372966
21
0.469996
31
0
13
0.332625
23
-0.49936
33
0
12
0.380816
22
-0.463659
32
0
 0
SOLID
 8
0
 6
CONTINUOUS
 62
0
10
0.372966
20
0.469996
30
0
11
0.324181
21
0.504883
31
0
13
0.28111
23
-0.530073
33
0
12
0.332625
22
-0.49936
32
0
 0
SOLID
 8
0
 6
CONTINUOUS
 62
0
10
0.324181
20
0.504883
30
0
11
0.272158
21
0.534724
31
0
13
0.226787
23
-0.555489
33
0
12
0.28111
22
-0.530073
32
0
 0
SOLID
 8
0
 6
CONTINUOUS
 62
0
10
0.272158
20
0.534724
30
0
11
0.217415
21
0.559223
31
0
13
0.170197
23
-0.575355
33
0
12
0.226787
22
-0.555489
32
0
 0
SOLID
 8
0
 6
CONTINUOUS
 62
0
10
0.217415
20
0.559223
30
0
11
0.160499
21
0.578135
31
0
13
0.111907
23
-0.589472
33
0
12
0.170197
22
-0.575355
32
0
 0
SOLID
 8
0
 6
CONTINUOUS
 62
0
10
0.160499
20
0.578135
30
0
11
0.10198
21
0.59127
31
0
13
0.052499
23
-0.597699
33
0
12
0.111907
22
-0.589472
32
0
 0
SOLID
 8
0
 6
CONTINUOUS
 62
0
10
0.10198
20
0.59127
30
0
11
0.042442
21
0.598497
31
0
13
-0.007433
23
-0.599954
33
0
12
0.052499
22
-0.597699
32
0
 0
SOLID
 8
0
 6
CONTINUOUS
 62
0
10
0.042442
20
0.598497
30
0
11
-0.01752
21
0.599744
31
0
13
-0.067291
23
-0.596215
33
0
12
-0.007433
22
-0.599954
32
0
 0
SOLID
 8
0
 6
CONTINUOUS
 62
0
10
-0.01752
20
0.599744
30
0
11
-0.077307
21
0.594999
31
0
13
-0.126477
23
-0.586518
33
0
12
-0.067291
22
-0.596215
32
0
 0
SOLID
 8
0
 6
CONTINUOUS
 62
0
10
-0.077307
20
0.594999
30
0
11
-0.136321
21
0.584309
31
0
13
-0.1844
23
-0.570961
33
0
12
-0.126477
22
-0.586518
32
0
 0
SOLID
 8
0
 6
CONTINUOUS
 62
0
10
-0.136321
20
0.584309
30
0
11
-0.193974
21
0.56778
31
0
13
-0.240479
23
-0.5497
33
0
12
-0.1844
22
-0.570961
32
0
 0
SOLID
 8
0
 6
CONTINUOUS
 62
0
10
-0.193974
20
0.56778
30
0
11
-0.249688
21
0.545578
31
0
13
-0.294156
23
-0.522946
33
0
12
-0.240479
22
-0.5497
32
0
 0
SOLID
 8
0
 6
CONTINUOUS
 62
0
10
-0.249688
20
0.545578
30
0
11
-0.302908
21
0.517926
31
0
13
-0.344894
23
-0.490966
33
0
12
-0.294156
22
-0.522946
32
0
 0
SOLID
 8
0
 6
CONTINUOUS
 62
0
10
-0.302908
20
0.517926
30
0
11
-0.353101
21
0.485098
31
0
13
-0.392186
23
-0.454082
33
0
12
-0.344894
22
-0.490966
32
0
 0
SOLID
 8
0
 6
CONTINUOUS
 62
0
10
-0.353101
20
0.485098
30
0
11
-0.399766
21
0.447423
31
0
13
-0.435559
23
-0.41266
33
0
12
-0.392186
22
-0.454082
32
0
 0
SOLID
 8
0
 6
CONTINUOUS
 62
0
10
-0.399766
20
0.447423
30
0
11
-0.442436
21
0.405278
31
0
13
-0.474581
23
-0.367115
33
0
12
-0.435559
22
-0.41266
32
0
 0
SOLID
 8
0
 6
CONTINUOUS
 62
0
10
-0.442436
20
0.405278
30
0
11
-0.480686
21
0.359083
31
0
13
-0.50886
23
-0.317902
33
0
12
-0.474581
22
-0.367115
32
0
 0
SOLID
 8
0
 6
CONTINUOUS
 62
0
10
-0.480686
20
0.359083
30
0
11
-0.514133
21
0.309301
31
0
13
-0.538055
23
-0.265512
33
0
12
-0.50886
22
-0.317902
32
0
 0
SOLID
 8
0
 6
CONTINUOUS
 62
0
10
-0.514133
20
0.309301
30
0
11
-0.542443
21
0.256428
31
0
13
-0.561874
23
-0.21047
33
0
12
-0.538055
22
-0.265512
32
0
 0
SOLID
 8
0
 6
CONTINUOUS
 62
0
10
-0.542443
20
0.256428
30
0
11
-0.565333
21
0.200993
31
0
13
-0.580079
23
-0.153325
33
0
12
-0.561874
22
-0.21047
32
0
 0
SOLID
 8
0
 6
CONTINUOUS
 62
0
10
-0.565333
20
0.200993
30
0
11
-0.582575
21
0.14355
31
0
13
-0.592488
23
-0.094647
33
0
12
-0.580079
22
-0.153325
32
0
 0
SOLID
 8
0
 6
CONTINUOUS
 62
0
10
-0.582575
20
0.14355
30
0
11
-0.593996
21
0.084672
31
0
13
-0.598977
23
-0.035025
33
0
12
-0.592488
22
-0.094647
32
0
 0
SOLID
 8
0
 6
CONTINUOUS
 62
0
10
-0.593996
20
0.084672
30
0
11
-0.599481
21
0.024948
31
0
13
-0.599481
23
0.024948
33
0
12
-0.598977
22
-0.035025
32
0
 0
ENDBLK
 0
BLOCK
 8
0
 6
CONTINUOUS
 62
0
 2
NUDO_DERIVACION_IPCI
 70
0
10
0
20
0
30
0
 3
NUDO_DERIVACION_IPCI
 1

 0
SOLID
 8
0
 6
CONTINUOUS
 62
0
10
0.75
20
0
30
0
11
0.746253
21
0.074875
31
0
13
0.737451
23
-0.136622
33
0
12
0.747407
22
-0.062317
32
0
 0
SOLID
 8
0
 6
CONTINUOUS
 62
0
10
0.746253
20
0.074875
30
0
11
0.73505
21
0.149002
31
0
13
0.720128
23
-0.209562
33
0
12
0.737451
22
-0.136622
32
0
 0
SOLID
 8
0
 6
CONTINUOUS
 62
0
10
0.73505
20
0.149002
30
0
11
0.716502
21
0.22164
31
0
13
0.695609
23
-0.280407
33
0
12
0.720128
22
-0.209562
32
0
 0
SOLID
 8
0
 6
CONTINUOUS
 62
0
10
0.716502
20
0.22164
30
0
11
0.690796
21
0.292064
31
0
13
0.66414
23
-0.348452
33
0
12
0.695609
22
-0.280407
32
0
 0
SOLID
 8
0
 6
CONTINUOUS
 62
0
10
0.690796
20
0.292064
30
0
11
0.658187
21
0.359569
31
0
13
0.626035
23
-0.413014
33
0
12
0.66414
22
-0.348452
32
0
 0
SOLID
 8
0
 6
CONTINUOUS
 62
0
10
0.658187
20
0.359569
30
0
11
0.619002
21
0.423482
31
0
13
0.581674
23
-0.47345
33
0
12
0.626035
22
-0.413014
32
0
 0
SOLID
 8
0
 6
CONTINUOUS
 62
0
10
0.619002
20
0.423482
30
0
11
0.573632
21
0.483163
31
0
13
0.531502
23
-0.529155
33
0
12
0.581674
22
-0.47345
32
0
 0
SOLID
 8
0
 6
CONTINUOUS
 62
0
10
0.573632
20
0.483163
30
0
11
0.52253
21
0.538017
31
0
13
0.47602
23
-0.579573
33
0
12
0.531502
22
-0.529155
32
0
 0
SOLID
 8
0
 6
CONTINUOUS
 62
0
10
0.52253
20
0.538017
30
0
11
0.466207
21
0.587495
31
0
13
0.415781
23
-0.624201
33
0
12
0.47602
22
-0.579573
32
0
 0
SOLID
 8
0
 6
CONTINUOUS
 62
0
10
0.466207
20
0.587495
30
0
11
0.405227
21
0.631103
31
0
13
0.351388
23
-0.662591
33
0
12
0.415781
22
-0.624201
32
0
 0
SOLID
 8
0
 6
CONTINUOUS
 62
0
10
0.405227
20
0.631103
30
0
11
0.340197
21
0.668406
31
0
13
0.283483
23
-0.694361
33
0
12
0.351388
22
-0.662591
32
0
 0
SOLID
 8
0
 6
CONTINUOUS
 62
0
10
0.340197
20
0.668406
30
0
11
0.271768
21
0.699029
31
0
13
0.212747
23
-0.719193
33
0
12
0.283483
22
-0.694361
32
0
 0
SOLID
 8
0
 6
CONTINUOUS
 62
0
10
0.271768
20
0.699029
30
0
11
0.200624
21
0.722669
31
0
13
0.139884
23
-0.736839
33
0
12
0.212747
22
-0.719193
32
0
 0
SOLID
 8
0
 6
CONTINUOUS
 62
0
10
0.200624
20
0.722669
30
0
11
0.127475
21
0.739087
31
0
13
0.065624
23
-0.747123
33
0
12
0.139884
22
-0.736839
32
0
 0
SOLID
 8
0
 6
CONTINUOUS
 62
0
10
0.127475
20
0.739087
30
0
11
0.053053
21
0.748121
31
0
13
-0.009291
23
-0.749942
33
0
12
0.065624
22
-0.747123
32
0
 0
SOLID
 8
0
 6
CONTINUOUS
 62
0
10
0.053053
20
0.748121
30
0
11
-0.0219
21
0.74968
31
0
13
-0.084114
23
-0.745268
33
0
12
-0.009291
22
-0.749942
32
0
 0
SOLID
 8
0
 6
CONTINUOUS
 62
0
10
-0.0219
20
0.74968
30
0
11
-0.096633
21
0.743749
31
0
13
-0.158097
23
-0.733148
33
0
12
-0.084114
22
-0.745268
32
0
 0
SOLID
 8
0
 6
CONTINUOUS
 62
0
10
-0.096633
20
0.743749
30
0
11
-0.170402
21
0.730386
31
0
13
-0.2305
23
-0.713702
33
0
12
-0.158097
22
-0.733148
32
0
 0
SOLID
 8
0
 6
CONTINUOUS
 62
0
10
-0.170402
20
0.730386
30
0
11
-0.242467
21
0.709725
31
0
13
-0.300599
23
-0.687124
33
0
12
-0.2305
22
-0.713702
32
0
 0
SOLID
 8
0
 6
CONTINUOUS
 62
0
10
-0.242467
20
0.709725
30
0
11
-0.31211
21
0.681973
31
0
13
-0.367696
23
-0.653682
33
0
12
-0.300599
22
-0.687124
32
0
 0
SOLID
 8
0
 6
CONTINUOUS
 62
0
10
-0.31211
20
0.681973
30
0
11
-0.378635
21
0.647407
31
0
13
-0.431118
23
-0.613708
33
0
12
-0.367696
22
-0.653682
32
0
 0
SOLID
 8
0
 6
CONTINUOUS
 62
0
10
-0.378635
20
0.647407
30
0
11
-0.441376
21
0.606372
31
0
13
-0.490233
23
-0.567602
33
0
12
-0.431118
22
-0.613708
32
0
 0
SOLID
 8
0
 6
CONTINUOUS
 62
0
10
-0.441376
20
0.606372
30
0
11
-0.499707
21
0.559279
31
0
13
-0.544449
23
-0.515825
33
0
12
-0.490233
22
-0.567602
32
0
 0
SOLID
 8
0
 6
CONTINUOUS
 62
0
10
-0.499707
20
0.559279
30
0
11
-0.553045
21
0.506597
31
0
13
-0.593226
23
-0.458893
33
0
12
-0.544449
22
-0.515825
32
0
 0
SOLID
 8
0
 6
CONTINUOUS
 62
0
10
-0.553045
20
0.506597
30
0
11
-0.600858
21
0.448854
31
0
13
-0.636075
23
-0.397377
33
0
12
-0.593226
22
-0.458893
32
0
 0
SOLID
 8
0
 6
CONTINUOUS
 62
0
10
-0.600858
20
0.448854
30
0
11
-0.642667
21
0.386626
31
0
13
-0.672569
23
-0.33189
33
0
12
-0.636075
22
-0.397377
32
0
 0
SOLID
 8
0
 6
CONTINUOUS
 62
0
10
-0.642667
20
0.386626
30
0
11
-0.678054
21
0.320535
31
0
13
-0.702343
23
-0.263087
33
0
12
-0.672569
22
-0.33189
32
0
 0
SOLID
 8
0
 6
CONTINUOUS
 62
0
10
-0.678054
20
0.320535
30
0
11
-0.706667
21
0.251241
31
0
13
-0.725099
23
-0.191656
33
0
12
-0.702343
22
-0.263087
32
0
 0
SOLID
 8
0
 6
CONTINUOUS
 62
0
10
-0.706667
20
0.251241
30
0
11
-0.728219
21
0.179437
31
0
13
-0.74061
23
-0.118309
33
0
12
-0.725099
22
-0.191656
32
0
 0
SOLID
 8
0
 6
CONTINUOUS
 62
0
10
-0.728219
20
0.179437
30
0
11
-0.742494
21
0.10584
31
0
13
-0.748721
23
-0.043781
33
0
12
-0.74061
22
-0.118309
32
0
 0
SOLID
 8
0
 6
CONTINUOUS
 62
0
10
-0.742494
20
0.10584
30
0
11
-0.749351
21
0.031185
31
0
13
-0.749351
23
0.031185
33
0
12
-0.748721
22
-0.043781
32
0
 0
ENDBLK
 0
BLOCK
 8
0
 6
CONTINUOUS
 62
0
 2
NUDO_PASO_IPCI
 70
0
10
0
20
0
30
0
 3
NUDO_PASO_IPCI
 1

 0
SOLID
 8
0
 6
CONTINUOUS
 62
0
10
0.75
20
0
30
0
11
0.746253
21
0.074875
31
0
13
0.737451
23
-0.136622
33
0
12
0.747407
22
-0.062317
32
0
 0
SOLID
 8
0
 6
CONTINUOUS
 62
0
10
0.746253
20
0.074875
30
0
11
0.73505
21
0.149002
31
0
13
0.720128
23
-0.209562
33
0
12
0.737451
22
-0.136622
32
0
 0
SOLID
 8
0
 6
CONTINUOUS
 62
0
10
0.73505
20
0.149002
30
0
11
0.716502
21
0.22164
31
0
13
0.695609
23
-0.280407
33
0
12
0.720128
22
-0.209562
32
0
 0
SOLID
 8
0
 6
CONTINUOUS
 62
0
10
0.716502
20
0.22164
30
0
11
0.690796
21
0.292064
31
0
13
0.66414
23
-0.348452
33
0
12
0.695609
22
-0.280407
32
0
 0
SOLID
 8
0
 6
CONTINUOUS
 62
0
10
0.690796
20
0.292064
30
0
11
0.658187
21
0.359569
31
0
13
0.626035
23
-0.413014
33
0
12
0.66414
22
-0.348452
32
0
 0
SOLID
 8
0
 6
CONTINUOUS
 62
0
10
0.658187
20
0.359569
30
0
11
0.619002
21
0.423482
31
0
13
0.581674
23
-0.47345
33
0
12
0.626035
22
-0.413014
32
0
 0
SOLID
 8
0
 6
CONTINUOUS
 62
0
10
0.619002
20
0.423482
30
0
11
0.573632
21
0.483163
31
0
13
0.531502
23
-0.529155
33
0
12
0.581674
22
-0.47345
32
0
 0
SOLID
 8
0
 6
CONTINUOUS
 62
0
10
0.573632
20
0.483163
30
0
11
0.52253
21
0.538017
31
0
13
0.47602
23
-0.579573
33
0
12
0.531502
22
-0.529155
32
0
 0
SOLID
 8
0
 6
CONTINUOUS
 62
0
10
0.52253
20
0.538017
30
0
11
0.466207
21
0.587495
31
0
13
0.415781
23
-0.624201
33
0
12
0.47602
22
-0.579573
32
0
 0
SOLID
 8
0
 6
CONTINUOUS
 62
0
10
0.466207
20
0.587495
30
0
11
0.405227
21
0.631103
31
0
13
0.351388
23
-0.662591
33
0
12
0.415781
22
-0.624201
32
0
 0
SOLID
 8
0
 6
CONTINUOUS
 62
0
10
0.405227
20
0.631103
30
0
11
0.340197
21
0.668406
31
0
13
0.283483
23
-0.694361
33
0
12
0.351388
22
-0.662591
32
0
 0
SOLID
 8
0
 6
CONTINUOUS
 62
0
10
0.340197
20
0.668406
30
0
11
0.271768
21
0.699029
31
0
13
0.212747
23
-0.719193
33
0
12
0.283483
22
-0.694361
32
0
 0
SOLID
 8
0
 6
CONTINUOUS
 62
0
10
0.271768
20
0.699029
30
0
11
0.200624
21
0.722669
31
0
13
0.139884
23
-0.736839
33
0
12
0.212747
22
-0.719193
32
0
 0
SOLID
 8
0
 6
CONTINUOUS
 62
0
10
0.200624
20
0.722669
30
0
11
0.127475
21
0.739087
31
0
13
0.065624
23
-0.747123
33
0
12
0.139884
22
-0.736839
32
0
 0
SOLID
 8
0
 6
CONTINUOUS
 62
0
10
0.127475
20
0.739087
30
0
11
0.053053
21
0.748121
31
0
13
-0.009291
23
-0.749942
33
0
12
0.065624
22
-0.747123
32
0
 0
SOLID
 8
0
 6
CONTINUOUS
 62
0
10
0.053053
20
0.748121
30
0
11
-0.0219
21
0.74968
31
0
13
-0.084114
23
-0.745268
33
0
12
-0.009291
22
-0.749942
32
0
 0
SOLID
 8
0
 6
CONTINUOUS
 62
0
10
-0.0219
20
0.74968
30
0
11
-0.096633
21
0.743749
31
0
13
-0.158097
23
-0.733148
33
0
12
-0.084114
22
-0.745268
32
0
 0
SOLID
 8
0
 6
CONTINUOUS
 62
0
10
-0.096633
20
0.743749
30
0
11
-0.170402
21
0.730386
31
0
13
-0.2305
23
-0.713702
33
0
12
-0.158097
22
-0.733148
32
0
 0
SOLID
 8
0
 6
CONTINUOUS
 62
0
10
-0.170402
20
0.730386
30
0
11
-0.242467
21
0.709725
31
0
13
-0.300599
23
-0.687124
33
0
12
-0.2305
22
-0.713702
32
0
 0
SOLID
 8
0
 6
CONTINUOUS
 62
0
10
-0.242467
20
0.709725
30
0
11
-0.31211
21
0.681973
31
0
13
-0.367696
23
-0.653682
33
0
12
-0.300599
22
-0.687124
32
0
 0
SOLID
 8
0
 6
CONTINUOUS
 62
0
10
-0.31211
20
0.681973
30
0
11
-0.378635
21
0.647407
31
0
13
-0.431118
23
-0.613708
33
0
12
-0.367696
22
-0.653682
32
0
 0
SOLID
 8
0
 6
CONTINUOUS
 62
0
10
-0.378635
20
0.647407
30
0
11
-0.441376
21
0.606372
31
0
13
-0.490233
23
-0.567602
33
0
12
-0.431118
22
-0.613708
32
0
 0
SOLID
 8
0
 6
CONTINUOUS
 62
0
10
-0.441376
20
0.606372
30
0
11
-0.499707
21
0.559279
31
0
13
-0.544449
23
-0.515825
33
0
12
-0.490233
22
-0.567602
32
0
 0
SOLID
 8
0
 6
CONTINUOUS
 62
0
10
-0.499707
20
0.559279
30
0
11
-0.553045
21
0.506597
31
0
13
-0.593226
23
-0.458893
33
0
12
-0.544449
22
-0.515825
32
0
 0
SOLID
 8
0
 6
CONTINUOUS
 62
0
10
-0.553045
20
0.506597
30
0
11
-0.600858
21
0.448854
31
0
13
-0.636075
23
-0.397377
33
0
12
-0.593226
22
-0.458893
32
0
 0
SOLID
 8
0
 6
CONTINUOUS
 62
0
10
-0.600858
20
0.448854
30
0
11
-0.642667
21
0.386626
31
0
13
-0.672569
23
-0.33189
33
0
12
-0.636075
22
-0.397377
32
0
 0
SOLID
 8
0
 6
CONTINUOUS
 62
0
10
-0.642667
20
0.386626
30
0
11
-0.678054
21
0.320535
31
0
13
-0.702343
23
-0.263087
33
0
12
-0.672569
22
-0.33189
32
0
 0
SOLID
 8
0
 6
CONTINUOUS
 62
0
10
-0.678054
20
0.320535
30
0
11
-0.706667
21
0.251241
31
0
13
-0.725099
23
-0.191656
33
0
12
-0.702343
22
-0.263087
32
0
 0
SOLID
 8
0
 6
CONTINUOUS
 62
0
10
-0.706667
20
0.251241
30
0
11
-0.728219
21
0.179437
31
0
13
-0.74061
23
-0.118309
33
0
12
-0.725099
22
-0.191656
32
0
 0
SOLID
 8
0
 6
CONTINUOUS
 62
0
10
-0.728219
20
0.179437
30
0
11
-0.742494
21
0.10584
31
0
13
-0.748721
23
-0.043781
33
0
12
-0.74061
22
-0.118309
32
0
 0
SOLID
 8
0
 6
CONTINUOUS
 62
0
10
-0.742494
20
0.10584
30
0
11
-0.749351
21
0.031185
31
0
13
-0.749351
23
0.031185
33
0
12
-0.748721
22
-0.043781
32
0
 0
ENDBLK
 0
BLOCK
 8
0
 6
CONTINUOUS
 62
0
 2
CONEXION_PLANTAS_IPCI
 70
0
10
0
20
0
30
0
 3
CONEXION_PLANTAS_IPCI
 1

 0
CIRCLE
 8
0
 6
CONTINUOUS
 62
0
10
-0.004736
20
-0.005671
30
0
 40
1.5
 0
SOLID
 8
0
 6
CONTINUOUS
 62
0
10
-1.069716
20
1.050651
30
0
11
-1.169852
21
0.939054
31
0
13
1.047775
23
-1.074419
33
0
12
-0.004736
22
-0.005671
32
0
 0
SOLID
 8
0
 6
CONTINUOUS
 62
0
10
-1.169852
20
0.939054
30
0
11
-1.258346
21
0.818016
31
0
13
1.0154
23
-1.105363
33
0
12
1.047775
22
-1.074419
32
0
 0
SOLID
 8
0
 6
CONTINUOUS
 62
0
10
-1.258346
20
0.818016
30
0
11
-1.334315
21
0.688749
31
0
13
0.900518
23
-1.201713
33
0
12
1.0154
22
-1.105363
32
0
 0
SOLID
 8
0
 6
CONTINUOUS
 62
0
10
-1.334315
20
0.688749
30
0
11
-1.396999
21
0.552544
31
0
13
0.77659
23
-1.286112
33
0
12
0.900518
22
-1.201713
32
0
 0
SOLID
 8
0
 6
CONTINUOUS
 62
0
10
-1.396999
20
0.552544
30
0
11
-1.445772
21
0.410761
31
0
13
0.644856
23
-1.357718
33
0
12
0.77659
22
-1.286112
32
0
 0
SOLID
 8
0
 6
CONTINUOUS
 62
0
10
-1.445772
20
0.410761
30
0
11
-1.480147
21
0.264817
31
0
13
0.506632
23
-1.415814
33
0
12
0.644856
22
-1.357718
32
0
 0
SOLID
 8
0
 6
CONTINUOUS
 62
0
10
-1.480147
20
0.264817
30
0
11
-1.499779
21
0.11617
31
0
13
0.363297
23
-1.459821
33
0
12
0.506632
22
-1.415814
32
0
 0
SOLID
 8
0
 6
CONTINUOUS
 62
0
10
-1.499779
20
0.11617
30
0
11
-1.504474
21
-0.033694
31
0
13
0.216286
23
-1.489298
33
0
12
0.363297
22
-1.459821
32
0
 0
SOLID
 8
0
 6
CONTINUOUS
 62
0
10
-1.504474
20
-0.033694
30
0
11
-1.494184
21
-0.183278
31
0
13
0.067066
23
-1.503952
33
0
12
0.216286
22
-1.489298
32
0
 0
SOLID
 8
0
 6
CONTINUOUS
 62
0
10
-1.494184
20
-0.183278
30
0
11
-1.469012
21
-0.331087
31
0
13
-0.082871
23
-1.503635
33
0
12
0.067066
22
-1.503952
32
0
 0
SOLID
 8
0
 6
CONTINUOUS
 62
0
10
-1.469012
20
-0.331087
30
0
11
-1.429209
21
-0.475645
31
0
13
-0.232027
23
-1.488351
33
0
12
-0.082871
22
-1.503635
32
0
 0
SOLID
 8
0
 6
CONTINUOUS
 62
0
10
-1.429209
20
-0.475645
30
0
11
-1.375174
21
-0.615507
31
0
13
-0.378913
23
-1.458252
33
0
12
-0.232027
22
-1.488351
32
0
 0
SOLID
 8
0
 6
CONTINUOUS
 62
0
10
-1.375174
20
-0.615507
30
0
11
-1.307445
21
-0.749276
31
0
13
-0.52206
23
-1.41364
33
0
12
-0.378913
22
-1.458252
32
0
 0
SOLID
 8
0
 6
CONTINUOUS
 62
0
10
-1.307445
20
-0.749276
30
0
11
-1.226701
21
-0.875615
31
0
13
-0.660037
23
-1.35496
33
0
12
-0.52206
22
-1.41364
32
0
 0
SOLID
 8
0
 6
CONTINUOUS
 62
0
10
-1.226701
20
-0.875615
30
0
11
-1.133746
21
-0.993262
31
0
13
-0.791468
23
-1.282798
33
0
12
-0.660037
22
-1.35496
32
0
 0
SOLID
 8
0
 6
CONTINUOUS
 62
0
10
-1.133746
20
-0.993262
30
0
11
-1.029511
21
-1.101041
31
0
13
-0.915037
23
-1.197876
33
0
12
-0.791468
22
-1.282798
32
0
 0
ENDBLK
 0
BLOCK
 8
0
 6
CONTINUOUS
 62
0
 2
BOCA_INCENDIOS_IPCI
 70
0
10
0
20
0
30
0
 3
BOCA_INCENDIOS_IPCI
 1

 0
LINE
 8
0
 6
CONTINUOUS
 62
0
10
-2
20
1.2
30
0
11
2
21
1.2
31
0
 0
LINE
 8
0
 6
CONTINUOUS
 62
0
10
2
20
1.2
30
0
11
2
21
-1.2
31
0
 0
LINE
 8
0
 6
CONTINUOUS
 62
0
10
2
20
-1.2
30
0
11
-2
21
-1.2
31
0
 0
LINE
 8
0
 6
CONTINUOUS
 62
0
10
-2
20
-1.2
30
0
11
-2
21
1.2
31
0
 0
CIRCLE
 8
0
 6
CONTINUOUS
 62
0
10
-0.75
20
0
30
0
 40
0.85
 0
CIRCLE
 8
0
 6
CONTINUOUS
 62
0
10
-0.75
20
0
30
0
 40
0.25
 0
LINE
 8
0
 6
CONTINUOUS
 62
0
10
-0.75
20
0.85
30
0
11
1.535532
21
0.85
31
0
 0
ENDBLK
 0
BLOCK
 8
0
 6
CONTINUOUS
 62
0
 2
ROCIADOR_AUTOMATICO_IPCI
 70
0
10
0
20
0
30
0
 3
ROCIADOR_AUTOMATICO_IPCI
 1

 0
CIRCLE
 8
0
 6
CONTINUOUS
 62
0
10
-0.004736
20
-0.005671
30
0
 40
1.5
 0
ENDBLK
 0
BLOCK
 8
0
 6
CONTINUOUS
 62
0
 2
LLAVE_PASO_IPCI
 70
0
10
0
20
0
30
0
 3
LLAVE_PASO_IPCI
 1

 0
LINE
 8
0
 6
CONTINUOUS
 62
0
10
0.056294
20
-0.042034
30
0
11
0.056294
21
0.042034
31
0
 0
LINE
 8
0
 6
CONTINUOUS
 62
0
10
0.056294
20
0.042034
30
0
11
0
21
-0
31
0
 0
LINE
 8
0
 6
CONTINUOUS
 62
0
10
0
20
-0
30
0
11
0.056294
21
-0.042034
31
0
 0
LINE
 8
0
 6
CONTINUOUS
 62
0
10
-0.056294
20
-0.042034
30
0
11
-0.056294
21
0.042034
31
0
 0
LINE
 8
0
 6
CONTINUOUS
 62
0
10
-0.056294
20
0.042034
30
0
11
0
21
-0
31
0
 0
LINE
 8
0
 6
CONTINUOUS
 62
0
10
0
20
-0
30
0
11
-0.056294
21
-0.042034
31
0
 0
ENDBLK
 0
BLOCK
 8
0
 6
CONTINUOUS
 62
0
 2
VALVULA_RETENCION_IPCI
 70
0
10
0
20
0
30
0
 3
VALVULA_RETENCION_IPCI
 1

 0
LINE
 8
0
 6
CONTINUOUS
 62
0
10
-0.75
20
1.125
30
0
11
0.75
21
0
31
0
 0
LINE
 8
0
 6
CONTINUOUS
 62
0
10
0.75
20
0
30
0
11
-0.75
21
-1.125
31
0
 0
LINE
 8
0
 6
CONTINUOUS
 62
0
10
-0.75
20
-1.125
30
0
11
-0.75
21
1.125
31
0
 0
LINE
 8
0
 6
CONTINUOUS
 62
0
10
0.75
20
-1.125
30
0
11
0.75
21
1.125
31
0
 0
ENDBLK
 0
BLOCK
 8
0
 6
CONTINUOUS
 62
0
 2
VALVULA_CONTROL_ALARMA_IPCI
 70
0
10
0
20
0
30
0
 3
VALVULA_CONTROL_ALARMA_IPCI
 1

 0
LINE
 8
0
 6
CONTINUOUS
 62
0
10
1.125
20
0.9
30
0
11
1.125
21
-0.9
31
0
 0
LINE
 8
0
 6
CONTINUOUS
 62
0
10
1.125
20
-0.9
30
0
11
-1.125
21
-0.9
31
0
 0
LINE
 8
0
 6
CONTINUOUS
 62
0
10
-1.125
20
-0.9
30
0
11
-1.125
21
0.9
31
0
 0
LINE
 8
0
 6
CONTINUOUS
 62
0
10
-1.125
20
0.9
30
0
11
1.125
21
0.9
31
0
 0
LINE
 8
0
 6
CONTINUOUS
 62
0
10
0
20
0.9
30
0
11
-0
21
1.639816
31
0
 0
CIRCLE
 8
0
 6
CONTINUOUS
 62
0
10
-0
20
2.439816
30
0
 40
0.8
 0
ENDBLK
 0
BLOCK
 8
0
 6
CONTINUOUS
 62
0
 2
HIDRANTE_EXTERIOR_IPCI
 70
0
10
0
20
0
30
0
 3
HIDRANTE_EXTERIOR_IPCI
 1

 0
LINE
 8
0
 6
CONTINUOUS
 62
0
10
1
20
5
30
0
11
1
21
6
31
0
 0
LINE
 8
0
 6
CONTINUOUS
 62
0
10
-1
20
6
30
0
11
-1
21
5
31
0
 0
LINE
 8
0
 6
CONTINUOUS
 62
0
10
-1
20
2
30
0
11
1
21
2
31
0
 0
CIRCLE
 8
0
 6
CONTINUOUS
 62
0
10
0
20
0
30
0
 40
0.5
 0
LINE
 8
0
 6
CONTINUOUS
 62
0
10
-1
20
5
30
0
11
-2
21
5
31
0
 0
LINE
 8
0
 6
CONTINUOUS
 62
0
10
-2
20
4
30
0
11
-1
21
4
31
0
 0
LINE
 8
0
 6
CONTINUOUS
 62
0
10
-2
20
5
30
0
11
-2
21
4
31
0
 0
LINE
 8
0
 6
CONTINUOUS
 62
0
10
-1
20
4
30
0
11
-1
21
2
31
0
 0
LINE
 8
0
 6
CONTINUOUS
 62
0
10
0
20
0.5
30
0
11
0
21
2
31
0
 0
LINE
 8
0
 6
CONTINUOUS
 62
0
10
1
20
4
30
0
11
2
21
4
31
0
 0
LINE
 8
0
 6
CONTINUOUS
 62
0
10
2
20
5
30
0
11
1
21
5
31
0
 0
LINE
 8
0
 6
CONTINUOUS
 62
0
10
1
20
2
30
0
11
1
21
4
31
0
 0
LINE
 8
0
 6
CONTINUOUS
 62
0
10
2
20
4
30
0
11
2
21
5
31
0
 0
LINE
 8
0
 6
CONTINUOUS
 62
0
10
1
20
6
30
0
11
-1
21
6
31
0
 0
ENDBLK
 0
BLOCK
 8
0
 6
CONTINUOUS
 62
0
 2
VALVULA_REG_PRESION_IPCI
 70
0
10
0
20
0
30
0
 3
VALVULA_REG_PRESION_IPCI
 1

 0
LINE
 8
0
 6
CONTINUOUS
 62
0
10
-1.50002
20
1.125
30
0
11
1.49998
21
0
31
0
 0
LINE
 8
0
 6
CONTINUOUS
 62
0
10
-1.50002
20
-1.125
30
0
11
1.49998
21
0
31
0
 0
LINE
 8
0
 6
CONTINUOUS
 62
0
10
1.49998
20
1.125
30
0
11
-1.50002
21
1.125
31
0
 0
LINE
 8
0
 6
CONTINUOUS
 62
0
10
-1.50002
20
-1.125
30
0
11
1.49998
21
-1.125
31
0
 0
LINE
 8
0
 6
CONTINUOUS
 62
0
10
-1.50002
20
1.125
30
0
11
-1.50002
21
-1.125
31
0
 0
LINE
 8
0
 6
CONTINUOUS
 62
0
10
1.49998
20
-1.125
30
0
11
1.49998
21
1.125
31
0
 0
ENDBLK
 0
BLOCK
 8
0
 6
CONTINUOUS
 62
0
 2
BOCA_RELLENO_IPCI
 70
0
10
0
20
0
30
0
 3
BOCA_RELLENO_IPCI
 1

 0
SOLID
 8
0
 6
ByLayer
 62
0
10
-2
20
1.2
30
0
11
2
21
1.2
31
0
13
2
23
-1.2
33
0
12
-2
22
-1.2
32
0
 0
ENDBLK
 0
BLOCK
 8
0
 6
ByLayer
 62
0
 2
HIDRANTE_RELLENO_IPCI
 70
0
10
0
20
0
30
0
 3
HIDRANTE_RELLENO_IPCI
 1

 0
SOLID
 8
0
 6
ByLayer
 62
0
10
-2
20
5
30
0
11
2
21
5
31
0
13
2
23
4
33
0
12
-2
22
4
32
0
 0
SOLID
 8
0
 6
ByLayer
 62
0
10
-1
20
6
30
0
11
1
21
6
31
0
13
1
23
2
33
0
12
-1
22
2
32
0
 0
ENDBLK
 0
BLOCK
 8
0
 6
ByLayer
 62
0
 2
ROCIADOR_RELLENO_IPCI
 70
0
10
0
20
0
30
0
 3
ROCIADOR_RELLENO_IPCI
 1

 0
SOLID
 8
0
 6
ByLayer
 62
0
10
1.5
20
0
30
0
11
1.492506
21
0.14975
31
0
13
1.474903
23
-0.273244
33
0
12
1.494813
22
-0.124634
32
0
 0
SOLID
 8
0
 6
ByLayer
 62
0
10
1.492506
20
0.14975
30
0
11
1.4701
21
0.298004
31
0
13
1.440255
23
-0.419123
33
0
12
1.474903
22
-0.273244
32
0
 0
SOLID
 8
0
 6
ByLayer
 62
0
10
1.4701
20
0.298004
30
0
11
1.433005
21
0.44328
31
0
13
1.391218
23
-0.560815
33
0
12
1.440255
22
-0.419123
32
0
 0
SOLID
 8
0
 6
ByLayer
 62
0
10
1.433005
20
0.44328
30
0
11
1.381591
21
0.584128
31
0
13
1.328279
23
-0.696903
33
0
12
1.391218
22
-0.560815
32
0
 0
SOLID
 8
0
 6
ByLayer
 62
0
10
1.381591
20
0.584128
30
0
11
1.316374
21
0.719138
31
0
13
1.252069
23
-0.826028
33
0
12
1.328279
22
-0.696903
32
0
 0
SOLID
 8
0
 6
ByLayer
 62
0
10
1.316374
20
0.719138
30
0
11
1.238003
21
0.846964
31
0
13
1.163349
23
-0.9469
33
0
12
1.252069
22
-0.826028
32
0
 0
SOLID
 8
0
 6
ByLayer
 62
0
10
1.238003
20
0.846964
30
0
11
1.147263
21
0.966327
31
0
13
1.063005
23
-1.05831
33
0
12
1.163349
22
-0.9469
32
0
 0
SOLID
 8
0
 6
ByLayer
 62
0
10
1.147263
20
0.966327
30
0
11
1.04506
21
1.076034
31
0
13
0.952039
23
-1.159147
33
0
12
1.063005
22
-1.05831
32
0
 0
SOLID
 8
0
 6
ByLayer
 62
0
10
1.04506
20
1.076034
30
0
11
0.932415
21
1.17499
31
0
13
0.831562
23
-1.248401
33
0
12
0.952039
22
-1.159147
32
0
 0
SOLID
 8
0
 6
ByLayer
 62
0
10
0.932415
20
1.17499
30
0
11
0.810453
21
1.262206
31
0
13
0.702775
23
-1.325182
33
0
12
0.831562
22
-1.248401
32
0
 0
SOLID
 8
0
 6
ByLayer
 62
0
10
0.810453
20
1.262206
30
0
11
0.680394
21
1.336811
31
0
13
0.566967
23
-1.388722
33
0
12
0.702775
22
-1.325182
32
0
 0
SOLID
 8
0
 6
ByLayer
 62
0
10
0.680394
20
1.336811
30
0
11
0.543537
21
1.398059
31
0
13
0.425493
23
-1.438386
33
0
12
0.566967
22
-1.388722
32
0
 0
SOLID
 8
0
 6
ByLayer
 62
0
10
0.543537
20
1.398059
30
0
11
0.401248
21
1.445337
31
0
13
0.279769
23
-1.473679
33
0
12
0.425493
22
-1.438386
32
0
 0
SOLID
 8
0
 6
ByLayer
 62
0
10
0.401248
20
1.445337
30
0
11
0.254951
21
1.478175
31
0
13
0.131249
23
-1.494247
33
0
12
0.279769
22
-1.473679
32
0
 0
SOLID
 8
0
 6
ByLayer
 62
0
10
0.254951
20
1.478175
30
0
11
0.106106
21
1.496242
31
0
13
-0.018583
23
-1.499885
33
0
12
0.131249
22
-1.494247
32
0
 0
SOLID
 8
0
 6
ByLayer
 62
0
10
0.106106
20
1.496242
30
0
11
-0.043799
21
1.49936
31
0
13
-0.168229
23
-1.490537
33
0
12
-0.018583
22
-1.499885
32
0
 0
SOLID
 8
0
 6
ByLayer
 62
0
10
-0.043799
20
1.49936
30
0
11
-0.193267
21
1.487497
31
0
13
-0.316194
23
-1.466295
33
0
12
-0.168229
22
-1.490537
32
0
 0
SOLID
 8
0
 6
ByLayer
 62
0
10
-0.193267
20
1.487497
30
0
11
-0.340803
21
1.460771
31
0
13
-0.460999
23
-1.427403
33
0
12
-0.316194
22
-1.466295
32
0
 0
SOLID
 8
0
 6
ByLayer
 62
0
10
-0.340803
20
1.460771
30
0
11
-0.484934
21
1.41945
31
0
13
-0.601199
23
-1.374249
33
0
12
-0.460999
22
-1.427403
32
0
 0
SOLID
 8
0
 6
ByLayer
 62
0
10
-0.484934
20
1.41945
30
0
11
-0.62422
21
1.363946
31
0
13
-0.735391
23
-1.307364
33
0
12
-0.601199
22
-1.374249
32
0
 0
SOLID
 8
0
 6
ByLayer
 62
0
10
-0.62422
20
1.363946
30
0
11
-0.757269
21
1.294814
31
0
13
-0.862236
23
-1.227416
33
0
12
-0.735391
22
-1.307364
32
0
 0
SOLID
 8
0
 6
ByLayer
 62
0
10
-0.757269
20
1.294814
30
0
11
-0.882752
21
1.212745
31
0
13
-0.980465
23
-1.135204
33
0
12
-0.862236
22
-1.227416
32
0
 0
SOLID
 8
0
 6
ByLayer
 62
0
10
-0.882752
20
1.212745
30
0
11
-0.999414
21
1.118558
31
0
13
-1.088898
23
-1.031649
33
0
12
-0.980465
22
-1.135204
32
0
 0
SOLID
 8
0
 6
ByLayer
 62
0
10
-0.999414
20
1.118558
30
0
11
-1.106091
21
1.013195
31
0
13
-1.186452
23
-0.917787
33
0
12
-1.088898
22
-1.031649
32
0
 0
SOLID
 8
0
 6
ByLayer
 62
0
10
-1.106091
20
1.013195
30
0
11
-1.201715
21
0.897708
31
0
13
-1.27215
23
-0.794754
33
0
12
-1.186452
22
-0.917787
32
0
 0
SOLID
 8
0
 6
ByLayer
 62
0
10
-1.201715
20
0.897708
30
0
11
-1.285333
21
0.773252
31
0
13
-1.345138
23
-0.663781
33
0
12
-1.27215
22
-0.794754
32
0
 0
SOLID
 8
0
 6
ByLayer
 62
0
10
-1.285333
20
0.773252
30
0
11
-1.356108
21
0.64107
31
0
13
-1.404685
23
-0.526175
33
0
12
-1.345138
22
-0.663781
32
0
 0
SOLID
 8
0
 6
ByLayer
 62
0
10
-1.356108
20
0.64107
30
0
11
-1.413334
21
0.502482
31
0
13
-1.450197
23
-0.383312
33
0
12
-1.404685
22
-0.526175
32
0
 0
SOLID
 8
0
 6
ByLayer
 62
0
10
-1.413334
20
0.502482
30
0
11
-1.456437
21
0.358874
31
0
13
-1.48122
23
-0.236619
33
0
12
-1.450197
22
-0.383312
32
0
 0
SOLID
 8
0
 6
ByLayer
 62
0
10
-1.456437
20
0.358874
30
0
11
-1.484989
21
0.21168
31
0
13
-1.497442
23
-0.087561
33
0
12
-1.48122
22
-0.236619
32
0
 0
SOLID
 8
0
 6
ByLayer
 62
0
10
-1.484989
20
0.21168
30
0
11
-1.498703
21
0.062371
31
0
13
-1.498703
23
0.062371
33
0
12
-1.497442
22
-0.087561
32
0
 0
ENDBLK
 0
BLOCK
 8
0
 6
ByLayer
 62
0
 2
VALVULA_PROP_GENERAL_IPCI
 70
0
10
0
20
0
30
0
 3
VALVULA_PROP_GENERAL_IPCI
 1

 0
LINE
 8
0
 6
CONTINUOUS
 62
0
10
-0.75
20
0.725
30
0
11
0.75
21
0.725
31
0
 0
LINE
 8
0
 6
CONTINUOUS
 62
0
10
-0.75
20
-0.725
30
0
11
0.75
21
-0.725
31
0
 0
LINE
 8
0
 6
CONTINUOUS
 62
0
10
-0.507951
20
-0.48396
30
0
11
0.628941
21
-0.48396
31
0
 0
ARC
 8
0
 6
CONTINUOUS
 62
0
10
-0.390994
20
0.50898
30
0
 40
0.803054
 50
278.013611
 51
351.954468
 0
LINE
 8
0
 6
CONTINUOUS
 62
0
10
-0.75
20
-0.725
30
0
11
-0.75
21
0.725
31
0
 0
LINE
 8
0
 6
CONTINUOUS
 62
0
10
-0.507951
20
-0.48396
30
0
11
-0.507951
21
0.60495
31
0
 0
LINE
 8
0
 6
CONTINUOUS
 62
0
10
0.75
20
-0.725
30
0
11
0.75
21
0.725
31
0
 0
ENDBLK
 0
BLOCK
 8
0
 6
CONTINUOUS
 62
0
 2
LLAVE_VACIADO_IPCI
 70
0
10
0
20
0
30
0
 3
LLAVE_VACIADO_IPCI
 1

 0
SOLID
 8
0
 6
CONTINUOUS
 62
0
10
0.026239
20
0
30
0
11
0.026108
21
0.00262
31
0
13
0.0258
23
-0.00478
33
0
12
0.026149
22
-0.00218
32
0
 0
SOLID
 8
0
 6
CONTINUOUS
 62
0
10
0.026108
20
0.00262
30
0
11
0.025716
21
0.005213
31
0
13
0.025194
23
-0.007332
33
0
12
0.0258
22
-0.00478
32
0
 0
SOLID
 8
0
 6
CONTINUOUS
 62
0
10
0.025716
20
0.005213
30
0
11
0.025067
21
0.007754
31
0
13
0.024336
23
-0.00981
33
0
12
0.025194
22
-0.007332
32
0
 0
SOLID
 8
0
 6
CONTINUOUS
 62
0
10
0.025067
20
0.007754
30
0
11
0.024168
21
0.010218
31
0
13
0.023235
23
-0.012191
33
0
12
0.024336
22
-0.00981
32
0
 0
SOLID
 8
0
 6
CONTINUOUS
 62
0
10
0.024168
20
0.010218
30
0
11
0.023027
21
0.01258
31
0
13
0.021902
23
-0.01445
33
0
12
0.023235
22
-0.012191
32
0
 0
SOLID
 8
0
 6
CONTINUOUS
 62
0
10
0.023027
20
0.01258
30
0
11
0.021656
21
0.014816
31
0
13
0.02035
23
-0.016564
33
0
12
0.021902
22
-0.01445
32
0
 0
SOLID
 8
0
 6
CONTINUOUS
 62
0
10
0.021656
20
0.014816
30
0
11
0.020069
21
0.016904
31
0
13
0.018595
23
-0.018513
33
0
12
0.02035
22
-0.016564
32
0
 0
SOLID
 8
0
 6
CONTINUOUS
 62
0
10
0.020069
20
0.016904
30
0
11
0.018281
21
0.018823
31
0
13
0.016654
23
-0.020277
33
0
12
0.018595
22
-0.018513
32
0
 0
SOLID
 8
0
 6
CONTINUOUS
 62
0
10
0.018281
20
0.018823
30
0
11
0.016311
21
0.020554
31
0
13
0.014546
23
-0.021838
33
0
12
0.016654
22
-0.020277
32
0
 0
SOLID
 8
0
 6
CONTINUOUS
 62
0
10
0.016311
20
0.020554
30
0
11
0.014177
21
0.02208
31
0
13
0.012294
23
-0.023181
33
0
12
0.014546
22
-0.021838
32
0
 0
SOLID
 8
0
 6
CONTINUOUS
 62
0
10
0.014177
20
0.02208
30
0
11
0.011902
21
0.023385
31
0
13
0.009918
23
-0.024293
33
0
12
0.012294
22
-0.023181
32
0
 0
SOLID
 8
0
 6
CONTINUOUS
 62
0
10
0.011902
20
0.023385
30
0
11
0.009508
21
0.024456
31
0
13
0.007443
23
-0.025162
33
0
12
0.009918
22
-0.024293
32
0
 0
SOLID
 8
0
 6
CONTINUOUS
 62
0
10
0.009508
20
0.024456
30
0
11
0.007019
21
0.025283
31
0
13
0.004894
23
-0.025779
33
0
12
0.007443
22
-0.025162
32
0
 0
SOLID
 8
0
 6
CONTINUOUS
 62
0
10
0.007019
20
0.025283
30
0
11
0.00446
21
0.025858
31
0
13
0.002296
23
-0.026139
33
0
12
0.004894
22
-0.025779
32
0
 0
SOLID
 8
0
 6
CONTINUOUS
 62
0
10
0.00446
20
0.025858
30
0
11
0.001856
21
0.026174
31
0
13
-0.000325
23
-0.026237
33
0
12
0.002296
22
-0.026139
32
0
 0
SOLID
 8
0
 6
CONTINUOUS
 62
0
10
0.001856
20
0.026174
30
0
11
-0.000766
21
0.026228
31
0
13
-0.002943
23
-0.026074
33
0
12
-0.000325
22
-0.026237
32
0
 0
SOLID
 8
0
 6
CONTINUOUS
 62
0
10
-0.000766
20
0.026228
30
0
11
-0.003381
21
0.026021
31
0
13
-0.005531
23
-0.02565
33
0
12
-0.002943
22
-0.026074
32
0
 0
SOLID
 8
0
 6
CONTINUOUS
 62
0
10
-0.003381
20
0.026021
30
0
11
-0.005962
21
0.025553
31
0
13
-0.008064
23
-0.024969
33
0
12
-0.005531
22
-0.02565
32
0
 0
SOLID
 8
0
 6
CONTINUOUS
 62
0
10
-0.005962
20
0.025553
30
0
11
-0.008483
21
0.02483
31
0
13
-0.010517
23
-0.02404
33
0
12
-0.008064
22
-0.024969
32
0
 0
SOLID
 8
0
 6
CONTINUOUS
 62
0
10
-0.008483
20
0.02483
30
0
11
-0.010919
21
0.023859
31
0
13
-0.012864
23
-0.02287
33
0
12
-0.010517
22
-0.02404
32
0
 0
SOLID
 8
0
 6
CONTINUOUS
 62
0
10
-0.010919
20
0.023859
30
0
11
-0.013247
21
0.02265
31
0
13
-0.015083
23
-0.021471
33
0
12
-0.012864
22
-0.02287
32
0
 0
SOLID
 8
0
 6
CONTINUOUS
 62
0
10
-0.013247
20
0.02265
30
0
11
-0.015442
21
0.021214
31
0
13
-0.017151
23
-0.019858
33
0
12
-0.015083
22
-0.021471
32
0
 0
SOLID
 8
0
 6
CONTINUOUS
 62
0
10
-0.015442
20
0.021214
30
0
11
-0.017483
21
0.019567
31
0
13
-0.019048
23
-0.018047
33
0
12
-0.017151
22
-0.019858
32
0
 0
SOLID
 8
0
 6
CONTINUOUS
 62
0
10
-0.017483
20
0.019567
30
0
11
-0.019349
21
0.017724
31
0
13
-0.020754
23
-0.016055
33
0
12
-0.019048
22
-0.018047
32
0
 0
SOLID
 8
0
 6
CONTINUOUS
 62
0
10
-0.019349
20
0.017724
30
0
11
-0.021021
21
0.015704
31
0
13
-0.022254
23
-0.013903
33
0
12
-0.020754
22
-0.016055
32
0
 0
SOLID
 8
0
 6
CONTINUOUS
 62
0
10
-0.021021
20
0.015704
30
0
11
-0.022484
21
0.013526
31
0
13
-0.02353
23
-0.011611
33
0
12
-0.022254
22
-0.013903
32
0
 0
SOLID
 8
0
 6
CONTINUOUS
 62
0
10
-0.022484
20
0.013526
30
0
11
-0.023722
21
0.011214
31
0
13
-0.024572
23
-0.009204
33
0
12
-0.02353
22
-0.011611
32
0
 0
SOLID
 8
0
 6
CONTINUOUS
 62
0
10
-0.023722
20
0.011214
30
0
11
-0.024723
21
0.00879
31
0
13
-0.025368
23
-0.006705
33
0
12
-0.024572
22
-0.009204
32
0
 0
SOLID
 8
0
 6
CONTINUOUS
 62
0
10
-0.024723
20
0.00879
30
0
11
-0.025477
21
0.006278
31
0
13
-0.025911
23
-0.004139
33
0
12
-0.025368
22
-0.006705
32
0
 0
SOLID
 8
0
 6
CONTINUOUS
 62
0
10
-0.025477
20
0.006278
30
0
11
-0.025977
21
0.003703
31
0
13
-0.026195
23
-0.001532
33
0
12
-0.025911
22
-0.004139
32
0
 0
SOLID
 8
0
 6
CONTINUOUS
 62
0
10
-0.025977
20
0.003703
30
0
11
-0.026217
21
0.001091
31
0
13
-0.026217
23
0.001091
33
0
12
-0.026195
22
-0.001532
32
0
 0
LINE
 8
0
 6
CONTINUOUS
 62
0
10
0
20
-0.281938
30
0
11
0
21
-0.349496
31
0
 0
LINE
 8
0
 6
CONTINUOUS
 62
0
10
0
20
-0.281938
30
0
11
-0.025378
21
-0.239821
31
0
 0
LINE
 8
0
 6
CONTINUOUS
 62
0
10
0
20
-0.281938
30
0
11
0.025378
21
-0.239821
31
0
 0
LINE
 8
0
 6
CONTINUOUS
 62
0
10
-0.042224
20
-0.206336
30
0
11
0.042224
21
-0.206336
31
0
 0
LINE
 8
0
 6
CONTINUOUS
 62
0
10
0.042224
20
-0.206336
30
0
11
0
21
-0.150038
31
0
 0
LINE
 8
0
 6
CONTINUOUS
 62
0
10
0
20
-0.150038
30
0
11
-0.042224
21
-0.206336
31
0
 0
LINE
 8
0
 6
CONTINUOUS
 62
0
10
-0.042224
20
-0.093739
30
0
11
0.042224
21
-0.093739
31
0
 0
LINE
 8
0
 6
CONTINUOUS
 62
0
10
-0
20
-0.150038
30
0
11
-0.042224
21
-0.093739
31
0
 0
LINE
 8
0
 6
CONTINUOUS
 62
0
10
0.042224
20
-0.093739
30
0
11
-0
21
-0.150038
31
0
 0
LINE
 8
0
 6
CONTINUOUS
 62
0
10
0
20
-0.206336
30
0
11
0
21
-0.236725
31
0
 0
LINE
 8
0
 6
CONTINUOUS
 62
0
10
0
20
-0.093739
30
0
11
0
21
0
31
0
 0
ENDBLK
 0
BLOCK
 8
0
 6
CONTINUOUS
 62
0
 2
MANOMETRO_INV_IPCI
 70
0
10
0
20
0
30
0
 3
MANOMETRO_INV_IPCI
 1

 0
TEXT
 8
0
 6
CONTINUOUS
 62
0
10
0
20
-0.196685
30
0
11
0
21
-0.196685
31
0
 1
bar
 7
ROMANS
 40
0.05
 41
1
 50
0
 72
1
 73
0
 0
LINE
 8
0
 6
CONTINUOUS
 62
0
10
0
20
-0.093739
30
0
11
0
21
-0.0262
31
0
 0
CIRCLE
 8
0
 6
CONTINUOUS
 62
0
10
0
20
-0.177977
30
0
 40
0.084238
 0
SOLID
 8
0
 6
CONTINUOUS
 62
0
10
0.026239
20
0
30
0
11
0.026108
21
0.00262
31
0
13
0.0258
23
-0.00478
33
0
12
0.026149
22
-0.00218
32
0
 0
SOLID
 8
0
 6
CONTINUOUS
 62
0
10
0.026108
20
0.00262
30
0
11
0.025716
21
0.005213
31
0
13
0.025194
23
-0.007332
33
0
12
0.0258
22
-0.00478
32
0
 0
SOLID
 8
0
 6
CONTINUOUS
 62
0
10
0.025716
20
0.005213
30
0
11
0.025067
21
0.007754
31
0
13
0.024336
23
-0.00981
33
0
12
0.025194
22
-0.007332
32
0
 0
SOLID
 8
0
 6
CONTINUOUS
 62
0
10
0.025067
20
0.007754
30
0
11
0.024168
21
0.010218
31
0
13
0.023235
23
-0.012191
33
0
12
0.024336
22
-0.00981
32
0
 0
SOLID
 8
0
 6
CONTINUOUS
 62
0
10
0.024168
20
0.010218
30
0
11
0.023027
21
0.01258
31
0
13
0.021902
23
-0.01445
33
0
12
0.023235
22
-0.012191
32
0
 0
SOLID
 8
0
 6
CONTINUOUS
 62
0
10
0.023027
20
0.01258
30
0
11
0.021656
21
0.014816
31
0
13
0.02035
23
-0.016564
33
0
12
0.021902
22
-0.01445
32
0
 0
SOLID
 8
0
 6
CONTINUOUS
 62
0
10
0.021656
20
0.014816
30
0
11
0.020069
21
0.016904
31
0
13
0.018595
23
-0.018513
33
0
12
0.02035
22
-0.016564
32
0
 0
SOLID
 8
0
 6
CONTINUOUS
 62
0
10
0.020069
20
0.016904
30
0
11
0.018281
21
0.018823
31
0
13
0.016654
23
-0.020277
33
0
12
0.018595
22
-0.018513
32
0
 0
SOLID
 8
0
 6
CONTINUOUS
 62
0
10
0.018281
20
0.018823
30
0
11
0.016311
21
0.020554
31
0
13
0.014546
23
-0.021838
33
0
12
0.016654
22
-0.020277
32
0
 0
SOLID
 8
0
 6
CONTINUOUS
 62
0
10
0.016311
20
0.020554
30
0
11
0.014177
21
0.02208
31
0
13
0.012294
23
-0.023181
33
0
12
0.014546
22
-0.021838
32
0
 0
SOLID
 8
0
 6
CONTINUOUS
 62
0
10
0.014177
20
0.02208
30
0
11
0.011902
21
0.023385
31
0
13
0.009918
23
-0.024293
33
0
12
0.012294
22
-0.023181
32
0
 0
SOLID
 8
0
 6
CONTINUOUS
 62
0
10
0.011902
20
0.023385
30
0
11
0.009508
21
0.024456
31
0
13
0.007443
23
-0.025162
33
0
12
0.009918
22
-0.024293
32
0
 0
SOLID
 8
0
 6
CONTINUOUS
 62
0
10
0.009508
20
0.024456
30
0
11
0.007019
21
0.025283
31
0
13
0.004894
23
-0.025779
33
0
12
0.007443
22
-0.025162
32
0
 0
SOLID
 8
0
 6
CONTINUOUS
 62
0
10
0.007019
20
0.025283
30
0
11
0.00446
21
0.025858
31
0
13
0.002296
23
-0.026139
33
0
12
0.004894
22
-0.025779
32
0
 0
SOLID
 8
0
 6
CONTINUOUS
 62
0
10
0.00446
20
0.025858
30
0
11
0.001856
21
0.026174
31
0
13
-0.000325
23
-0.026237
33
0
12
0.002296
22
-0.026139
32
0
 0
SOLID
 8
0
 6
CONTINUOUS
 62
0
10
0.001856
20
0.026174
30
0
11
-0.000766
21
0.026228
31
0
13
-0.002943
23
-0.026074
33
0
12
-0.000325
22
-0.026237
32
0
 0
SOLID
 8
0
 6
CONTINUOUS
 62
0
10
-0.000766
20
0.026228
30
0
11
-0.003381
21
0.026021
31
0
13
-0.005531
23
-0.02565
33
0
12
-0.002943
22
-0.026074
32
0
 0
SOLID
 8
0
 6
CONTINUOUS
 62
0
10
-0.003381
20
0.026021
30
0
11
-0.005962
21
0.025553
31
0
13
-0.008064
23
-0.024969
33
0
12
-0.005531
22
-0.02565
32
0
 0
SOLID
 8
0
 6
CONTINUOUS
 62
0
10
-0.005962
20
0.025553
30
0
11
-0.008483
21
0.02483
31
0
13
-0.010517
23
-0.02404
33
0
12
-0.008064
22
-0.024969
32
0
 0
SOLID
 8
0
 6
CONTINUOUS
 62
0
10
-0.008483
20
0.02483
30
0
11
-0.010919
21
0.023859
31
0
13
-0.012864
23
-0.02287
33
0
12
-0.010517
22
-0.02404
32
0
 0
SOLID
 8
0
 6
CONTINUOUS
 62
0
10
-0.010919
20
0.023859
30
0
11
-0.013247
21
0.02265
31
0
13
-0.015083
23
-0.021471
33
0
12
-0.012864
22
-0.02287
32
0
 0
SOLID
 8
0
 6
CONTINUOUS
 62
0
10
-0.013247
20
0.02265
30
0
11
-0.015442
21
0.021214
31
0
13
-0.017151
23
-0.019858
33
0
12
-0.015083
22
-0.021471
32
0
 0
SOLID
 8
0
 6
CONTINUOUS
 62
0
10
-0.015442
20
0.021214
30
0
11
-0.017483
21
0.019567
31
0
13
-0.019048
23
-0.018047
33
0
12
-0.017151
22
-0.019858
32
0
 0
SOLID
 8
0
 6
CONTINUOUS
 62
0
10
-0.017483
20
0.019567
30
0
11
-0.019349
21
0.017724
31
0
13
-0.020754
23
-0.016055
33
0
12
-0.019048
22
-0.018047
32
0
 0
SOLID
 8
0
 6
CONTINUOUS
 62
0
10
-0.019349
20
0.017724
30
0
11
-0.021021
21
0.015704
31
0
13
-0.022254
23
-0.013903
33
0
12
-0.020754
22
-0.016055
32
0
 0
SOLID
 8
0
 6
CONTINUOUS
 62
0
10
-0.021021
20
0.015704
30
0
11
-0.022484
21
0.013526
31
0
13
-0.02353
23
-0.011611
33
0
12
-0.022254
22
-0.013903
32
0
 0
SOLID
 8
0
 6
CONTINUOUS
 62
0
10
-0.022484
20
0.013526
30
0
11
-0.023722
21
0.011214
31
0
13
-0.024572
23
-0.009204
33
0
12
-0.02353
22
-0.011611
32
0
 0
SOLID
 8
0
 6
CONTINUOUS
 62
0
10
-0.023722
20
0.011214
30
0
11
-0.024723
21
0.00879
31
0
13
-0.025368
23
-0.006705
33
0
12
-0.024572
22
-0.009204
32
0
 0
SOLID
 8
0
 6
CONTINUOUS
 62
0
10
-0.024723
20
0.00879
30
0
11
-0.025477
21
0.006278
31
0
13
-0.025911
23
-0.004139
33
0
12
-0.025368
22
-0.006705
32
0
 0
SOLID
 8
0
 6
CONTINUOUS
 62
0
10
-0.025477
20
0.006278
30
0
11
-0.025977
21
0.003703
31
0
13
-0.026195
23
-0.001532
33
0
12
-0.025911
22
-0.004139
32
0
 0
SOLID
 8
0
 6
CONTINUOUS
 62
0
10
-0.025977
20
0.003703
30
0
11
-0.026217
21
0.001091
31
0
13
-0.026217
23
0.001091
33
0
12
-0.026195
22
-0.001532
32
0
 0
ENDBLK
 0
BLOCK
 8
0
 6
CONTINUOUS
 62
0
 2
MANOMETRO_IPCI
 70
0
10
0
20
0
30
0
 3
MANOMETRO_IPCI
 1

 0
TEXT
 8
0
 6
CONTINUOUS
 62
0
10
0
20
0.159268
30
0
11
0
21
0.159268
31
0
 1
bar
 7
ROMANS
 40
0.05
 41
1
 50
0
 72
1
 73
0
 0
CIRCLE
 8
0
 6
CONTINUOUS
 62
0
10
0
20
0.177977
30
0
 40
0.084238
 0
LINE
 8
0
 6
CONTINUOUS
 62
0
10
0
20
0.093739
30
0
11
0
21
0.0262
31
0
 0
SOLID
 8
0
 6
CONTINUOUS
 62
0
10
0.026239
20
0
30
0
11
0.026108
21
0.00262
31
0
13
0.0258
23
-0.00478
33
0
12
0.026149
22
-0.00218
32
0
 0
SOLID
 8
0
 6
CONTINUOUS
 62
0
10
0.026108
20
0.00262
30
0
11
0.025716
21
0.005213
31
0
13
0.025194
23
-0.007332
33
0
12
0.0258
22
-0.00478
32
0
 0
SOLID
 8
0
 6
CONTINUOUS
 62
0
10
0.025716
20
0.005213
30
0
11
0.025067
21
0.007754
31
0
13
0.024336
23
-0.00981
33
0
12
0.025194
22
-0.007332
32
0
 0
SOLID
 8
0
 6
CONTINUOUS
 62
0
10
0.025067
20
0.007754
30
0
11
0.024168
21
0.010218
31
0
13
0.023235
23
-0.012191
33
0
12
0.024336
22
-0.00981
32
0
 0
SOLID
 8
0
 6
CONTINUOUS
 62
0
10
0.024168
20
0.010218
30
0
11
0.023027
21
0.01258
31
0
13
0.021902
23
-0.01445
33
0
12
0.023235
22
-0.012191
32
0
 0
SOLID
 8
0
 6
CONTINUOUS
 62
0
10
0.023027
20
0.01258
30
0
11
0.021656
21
0.014816
31
0
13
0.02035
23
-0.016564
33
0
12
0.021902
22
-0.01445
32
0
 0
SOLID
 8
0
 6
CONTINUOUS
 62
0
10
0.021656
20
0.014816
30
0
11
0.020069
21
0.016904
31
0
13
0.018595
23
-0.018513
33
0
12
0.02035
22
-0.016564
32
0
 0
SOLID
 8
0
 6
CONTINUOUS
 62
0
10
0.020069
20
0.016904
30
0
11
0.018281
21
0.018823
31
0
13
0.016654
23
-0.020277
33
0
12
0.018595
22
-0.018513
32
0
 0
SOLID
 8
0
 6
CONTINUOUS
 62
0
10
0.018281
20
0.018823
30
0
11
0.016311
21
0.020554
31
0
13
0.014546
23
-0.021838
33
0
12
0.016654
22
-0.020277
32
0
 0
SOLID
 8
0
 6
CONTINUOUS
 62
0
10
0.016311
20
0.020554
30
0
11
0.014177
21
0.02208
31
0
13
0.012294
23
-0.023181
33
0
12
0.014546
22
-0.021838
32
0
 0
SOLID
 8
0
 6
CONTINUOUS
 62
0
10
0.014177
20
0.02208
30
0
11
0.011902
21
0.023385
31
0
13
0.009918
23
-0.024293
33
0
12
0.012294
22
-0.023181
32
0
 0
SOLID
 8
0
 6
CONTINUOUS
 62
0
10
0.011902
20
0.023385
30
0
11
0.009508
21
0.024456
31
0
13
0.007443
23
-0.025162
33
0
12
0.009918
22
-0.024293
32
0
 0
SOLID
 8
0
 6
CONTINUOUS
 62
0
10
0.009508
20
0.024456
30
0
11
0.007019
21
0.025283
31
0
13
0.004894
23
-0.025779
33
0
12
0.007443
22
-0.025162
32
0
 0
SOLID
 8
0
 6
CONTINUOUS
 62
0
10
0.007019
20
0.025283
30
0
11
0.00446
21
0.025858
31
0
13
0.002296
23
-0.026139
33
0
12
0.004894
22
-0.025779
32
0
 0
SOLID
 8
0
 6
CONTINUOUS
 62
0
10
0.00446
20
0.025858
30
0
11
0.001856
21
0.026174
31
0
13
-0.000325
23
-0.026237
33
0
12
0.002296
22
-0.026139
32
0
 0
SOLID
 8
0
 6
CONTINUOUS
 62
0
10
0.001856
20
0.026174
30
0
11
-0.000766
21
0.026228
31
0
13
-0.002943
23
-0.026074
33
0
12
-0.000325
22
-0.026237
32
0
 0
SOLID
 8
0
 6
CONTINUOUS
 62
0
10
-0.000766
20
0.026228
30
0
11
-0.003381
21
0.026021
31
0
13
-0.005531
23
-0.02565
33
0
12
-0.002943
22
-0.026074
32
0
 0
SOLID
 8
0
 6
CONTINUOUS
 62
0
10
-0.003381
20
0.026021
30
0
11
-0.005962
21
0.025553
31
0
13
-0.008064
23
-0.024969
33
0
12
-0.005531
22
-0.02565
32
0
 0
SOLID
 8
0
 6
CONTINUOUS
 62
0
10
-0.005962
20
0.025553
30
0
11
-0.008483
21
0.02483
31
0
13
-0.010517
23
-0.02404
33
0
12
-0.008064
22
-0.024969
32
0
 0
SOLID
 8
0
 6
CONTINUOUS
 62
0
10
-0.008483
20
0.02483
30
0
11
-0.010919
21
0.023859
31
0
13
-0.012864
23
-0.02287
33
0
12
-0.010517
22
-0.02404
32
0
 0
SOLID
 8
0
 6
CONTINUOUS
 62
0
10
-0.010919
20
0.023859
30
0
11
-0.013247
21
0.02265
31
0
13
-0.015083
23
-0.021471
33
0
12
-0.012864
22
-0.02287
32
0
 0
SOLID
 8
0
 6
CONTINUOUS
 62
0
10
-0.013247
20
0.02265
30
0
11
-0.015442
21
0.021214
31
0
13
-0.017151
23
-0.019858
33
0
12
-0.015083
22
-0.021471
32
0
 0
SOLID
 8
0
 6
CONTINUOUS
 62
0
10
-0.015442
20
0.021214
30
0
11
-0.017483
21
0.019567
31
0
13
-0.019048
23
-0.018047
33
0
12
-0.017151
22
-0.019858
32
0
 0
SOLID
 8
0
 6
CONTINUOUS
 62
0
10
-0.017483
20
0.019567
30
0
11
-0.019349
21
0.017724
31
0
13
-0.020754
23
-0.016055
33
0
12
-0.019048
22
-0.018047
32
0
 0
SOLID
 8
0
 6
CONTINUOUS
 62
0
10
-0.019349
20
0.017724
30
0
11
-0.021021
21
0.015704
31
0
13
-0.022254
23
-0.013903
33
0
12
-0.020754
22
-0.016055
32
0
 0
SOLID
 8
0
 6
CONTINUOUS
 62
0
10
-0.021021
20
0.015704
30
0
11
-0.022484
21
0.013526
31
0
13
-0.02353
23
-0.011611
33
0
12
-0.022254
22
-0.013903
32
0
 0
SOLID
 8
0
 6
CONTINUOUS
 62
0
10
-0.022484
20
0.013526
30
0
11
-0.023722
21
0.011214
31
0
13
-0.024572
23
-0.009204
33
0
12
-0.02353
22
-0.011611
32
0
 0
SOLID
 8
0
 6
CONTINUOUS
 62
0
10
-0.023722
20
0.011214
30
0
11
-0.024723
21
0.00879
31
0
13
-0.025368
23
-0.006705
33
0
12
-0.024572
22
-0.009204
32
0
 0
SOLID
 8
0
 6
CONTINUOUS
 62
0
10
-0.024723
20
0.00879
30
0
11
-0.025477
21
0.006278
31
0
13
-0.025911
23
-0.004139
33
0
12
-0.025368
22
-0.006705
32
0
 0
SOLID
 8
0
 6
CONTINUOUS
 62
0
10
-0.025477
20
0.006278
30
0
11
-0.025977
21
0.003703
31
0
13
-0.026195
23
-0.001532
33
0
12
-0.025911
22
-0.004139
32
0
 0
SOLID
 8
0
 6
CONTINUOUS
 62
0
10
-0.025977
20
0.003703
30
0
11
-0.026217
21
0.001091
31
0
13
-0.026217
23
0.001091
33
0
12
-0.026195
22
-0.001532
32
0
 0
ENDBLK
 0
BLOCK
 8
0
 6
CONTINUOUS
 62
0
 2
BOMBA_MARCHA_IPCI
 70
0
10
0
20
0
30
0
 3
BOMBA_MARCHA_IPCI
 1

 0
LINE
 8
0
 6
CONTINUOUS
 62
0
10
0.092173
20
0
30
0
11
-0.055041
21
-0.073935
31
0
 0
LINE
 8
0
 6
CONTINUOUS
 62
0
10
-0.055041
20
-0.073935
30
0
11
-0.055041
21
0.073935
31
0
 0
CIRCLE
 8
0
 6
CONTINUOUS
 62
0
10
0
20
0
30
0
 40
0.092173
 0
LINE
 8
0
 6
CONTINUOUS
 62
0
10
0.092173
20
-0
30
0
11
-0.055041
21
0.073935
31
0
 0
SOLID
 8
0
 6
CONTINUOUS
 62
0
10
-0.055041
20
-0.073935
30
0
11
-0.055041
21
0.073935
31
0
13
-0.055041
23
0.073935
33
0
12
0.092173
22
0
32
0
 0
ENDBLK
 0
BLOCK
 8
0
 6
CONTINUOUS
 62
0
 2
BOMBA_PARO_IPCI
 70
0
10
0
20
0
30
0
 3
BOMBA_PARO_IPCI
 1

 0
LINE
 8
0
 6
CONTINUOUS
 62
0
10
0.092173
20
0
30
0
11
-0.055041
21
-0.073935
31
0
 0
LINE
 8
0
 6
CONTINUOUS
 62
0
10
-0.055041
20
-0.073935
30
0
11
-0.055041
21
0.073935
31
0
 0
CIRCLE
 8
0
 6
CONTINUOUS
 62
0
10
0
20
0
30
0
 40
0.092173
 0
LINE
 8
0
 6
CONTINUOUS
 62
0
10
0.092173
20
-0
30
0
11
-0.055041
21
0.073935
31
0
 0
ENDBLK
 0
BLOCK
 8
0
 6
CONTINUOUS
 62
0
 2
VALVULA_REGULACION_IPCI
 70
0
10
0
20
0
30
0
 3
VALVULA_REGULACION_IPCI
 1

 0
LINE
 8
0
 6
CONTINUOUS
 62
0
10
0.056294
20
-0.042034
30
0
11
0.056294
21
0.042034
31
0
 0
LINE
 8
0
 6
CONTINUOUS
 62
0
10
0
20
-0
30
0
11
0
21
0.06305
31
0
 0
LINE
 8
0
 6
CONTINUOUS
 62
0
10
0
20
0.06305
30
0
11
0.024604
21
0.063063
31
0
 0
LINE
 8
0
 6
CONTINUOUS
 62
0
10
0.056294
20
0.042034
30
0
11
0
21
-0
31
0
 0
LINE
 8
0
 6
CONTINUOUS
 62
0
10
0
20
-0
30
0
11
0.056294
21
-0.042034
31
0
 0
LINE
 8
0
 6
CONTINUOUS
 62
0
10
-0.056294
20
-0.042034
30
0
11
-0.056294
21
0.042034
31
0
 0
LINE
 8
0
 6
CONTINUOUS
 62
0
10
-0.056294
20
0.042034
30
0
11
0
21
-0
31
0
 0
LINE
 8
0
 6
CONTINUOUS
 62
0
10
0
20
-0
30
0
11
-0.056294
21
-0.042034
31
0
 0
LINE
 8
0
 6
CONTINUOUS
 62
0
10
0
20
0.06305
30
0
11
-0.024604
21
0.063063
31
0
 0
ENDBLK
 0
BLOCK
 8
0
 6
CONTINUOUS
 62
0
 2
VALVULA_EQUILIBRADO_IPCI
 70
0
10
0
20
0
30
0
 3
VALVULA_EQUILIBRADO_IPCI
 1

 0
LINE
 8
0
 6
CONTINUOUS
 62
0
10
0.056295
20
-0.042037
30
0
11
0.056295
21
0.042037
31
0
 0
LINE
 8
0
 6
CONTINUOUS
 62
0
10
0.056295
20
-0.081568
30
0
11
0.023539
21
-0.066207
31
0
 0
LINE
 8
0
 6
CONTINUOUS
 62
0
10
0.056295
20
-0.081568
30
0
11
0.023539
21
-0.096929
31
0
 0
LINE
 8
0
 6
CONTINUOUS
 62
0
10
0.023539
20
-0.066207
30
0
11
0.023539
21
-0.096929
31
0
 0
LINE
 8
0
 6
CONTINUOUS
 62
0
10
0.046537
20
0.056295
30
0
11
-0
21
0.021542
31
0
 0
LINE
 8
0
 6
CONTINUOUS
 62
0
10
-0
20
-0.021542
30
0
11
0.046537
21
-0.056295
31
0
 0
LINE
 8
0
 6
CONTINUOUS
 62
0
10
-0
20
-0
30
0
11
0.056295
21
-0.042037
31
0
 0
LINE
 8
0
 6
CONTINUOUS
 62
0
10
0.056295
20
0.042037
30
0
11
-0
21
-0
31
0
 0
LINE
 8
0
 6
CONTINUOUS
 62
0
10
-0.056295
20
-0.042037
30
0
11
-0.056295
21
0.042037
31
0
 0
LINE
 8
0
 6
CONTINUOUS
 62
0
10
-0.046537
20
0.056295
30
0
11
-0
21
0.021542
31
0
 0
LINE
 8
0
 6
CONTINUOUS
 62
0
10
-0
20
-0.021542
30
0
11
-0.046537
21
-0.056295
31
0
 0
LINE
 8
0
 6
CONTINUOUS
 62
0
10
-0
20
-0
30
0
11
-0.056295
21
-0.042037
31
0
 0
LINE
 8
0
 6
CONTINUOUS
 62
0
10
-0.056295
20
0.042037
30
0
11
-0
21
-0
31
0
 0
LINE
 8
0
 6
CONTINUOUS
 62
0
10
-0.056295
20
-0.081568
30
0
11
0.023539
21
-0.081568
31
0
 0
ENDBLK
 0
BLOCK
 8
0
 6
CONTINUOUS
 62
0
 2
VALVULA_DIFERENCIAL_IPCI
 70
0
10
0
20
0
30
0
 3
VALVULA_DIFERENCIAL_IPCI
 1

 0
LINE
 8
0
 6
CONTINUOUS
 62
0
10
0.056294
20
-0.042034
30
0
11
0.056294
21
0.042034
31
0
 0
LINE
 8
0
 6
CONTINUOUS
 62
0
10
0.056294
20
0.042034
30
0
11
0
21
0
31
0
 0
LINE
 8
0
 6
CONTINUOUS
 62
0
10
0
20
0
30
0
11
0.056294
21
-0.042034
31
0
 0
LINE
 8
0
 6
CONTINUOUS
 62
0
10
-0.056294
20
-0.042034
30
0
11
-0.056294
21
0.042034
31
0
 0
LINE
 8
0
 6
CONTINUOUS
 62
0
10
-0.056294
20
0.042034
30
0
11
0
21
0
31
0
 0
LINE
 8
0
 6
CONTINUOUS
 62
0
10
0
20
0
30
0
11
-0.056294
21
-0.042034
31
0
 0
SOLID
 8
0
 6
CONTINUOUS
 62
0
10
0.056294
20
0.042034
30
0
11
0
21
0
31
0
13
0
23
0
33
0
12
0.056294
22
-0.042034
32
0
 0
LINE
 8
0
 6
CONTINUOUS
 62
0
10
-0.056295
20
-0.081568
30
0
11
0.023539
21
-0.081568
31
0
 0
LINE
 8
0
 6
CONTINUOUS
 62
0
10
0.023539
20
-0.066207
30
0
11
0.023539
21
-0.096929
31
0
 0
LINE
 8
0
 6
CONTINUOUS
 62
0
10
0.056295
20
-0.081568
30
0
11
0.023539
21
-0.096929
31
0
 0
LINE
 8
0
 6
CONTINUOUS
 62
0
10
0.056295
20
-0.081568
30
0
11
0.023539
21
-0.066207
31
0
 0
ENDBLK
 0
BLOCK
 8
0
 6
CONTINUOUS
 62
0
 2
FILTRO_IPCI
 70
0
10
0
20
0
30
0
 3
FILTRO_IPCI
 1

 0
LINE
 8
0
 6
CONTINUOUS
 62
0
10
0.050264
20
-0.07506
30
0
11
0.029755
21
-0.102406
31
0
 0
LINE
 8
0
 6
CONTINUOUS
 62
0
10
0.070773
20
-0.047714
30
0
11
0.050264
21
-0.07506
31
0
 0
LINE
 8
0
 6
CONTINUOUS
 62
0
10
-0.050264
20
0
30
0
11
0.050264
21
-0.07506
31
0
 0
ENDBLK
 0
BLOCK
 8
0
 6
CONTINUOUS
 62
0
 2
CAUDALIMETRO_IPCI
 70
0
10
0
20
0
30
0
 3
CAUDALIMETRO_IPCI
 1

 0
LINE
 8
0
 6
CONTINUOUS
 62
0
10
-0.052479
20
0
30
0
11
0.052479
21
-0
31
0
 0
LINE
 8
0
 6
CONTINUOUS
 62
0
10
-0.076981
20
-0.038394
30
0
11
0.076981
21
-0.038394
31
0
 0
LINE
 8
0
 6
CONTINUOUS
 62
0
10
-0.076981
20
0.038394
30
0
11
0.076981
21
0.038394
31
0
 0
LINE
 8
0
 6
CONTINUOUS
 62
0
10
-0.076981
20
-0.038394
30
0
11
-0.076981
21
0.038394
31
0
 0
LINE
 8
0
 6
CONTINUOUS
 62
0
10
0.076981
20
-0.038394
30
0
11
0.076981
21
0.038394
31
0
 0
ENDBLK
 0
BLOCK
 8
0
 6
CONTINUOUS
 62
0
 2
VALVULA_REG_AE_RSF
 70
0
10
0
20
0
30
0
 3
VALVULA_REG_AE_RSF
 1

 0
TEXT
 8
0
 6
CONTINUOUS
 62
0
10
0
20
0.091633
30
0
11
0
21
0.091633
31
0
 1
E
 7
ROMANS
 40
0.04
 41
1
 50
0
 72
1
 73
0
 0
CIRCLE
 8
0
 6
CONTINUOUS
 62
0
10
0
20
0.110863
30
0
 40
0.032196
 0
LINE
 8
0
 6
CONTINUOUS
 62
0
10
-0.024604
20
0.042046
30
0
11
0.024604
21
0.042046
31
0
 0
LINE
 8
0
 6
CONTINUOUS
 62
0
10
-0.024604
20
0.067887
30
0
11
0.024604
21
0.067887
31
0
 0
LINE
 8
0
 6
CONTINUOUS
 62
0
10
0
20
-0
30
0
11
0
21
0.042034
31
0
 0
LINE
 8
0
 6
CONTINUOUS
 62
0
10
-0.024604
20
0.042046
30
0
11
-0.024604
21
0.067887
31
0
 0
LINE
 8
0
 6
CONTINUOUS
 62
0
10
0.024604
20
0.042046
30
0
11
0.024604
21
0.067887
31
0
 0
LINE
 8
0
 6
CONTINUOUS
 62
0
10
0
20
-0
30
0
11
-0.056294
21
-0.042034
31
0
 0
LINE
 8
0
 6
CONTINUOUS
 62
0
10
-0.056294
20
0.042034
30
0
11
0
21
-0
31
0
 0
LINE
 8
0
 6
CONTINUOUS
 62
0
10
-0.056294
20
-0.042034
30
0
11
-0.056294
21
0.042034
31
0
 0
LINE
 8
0
 6
CONTINUOUS
 62
0
10
0
20
-0
30
0
11
0.056294
21
-0.042034
31
0
 0
LINE
 8
0
 6
CONTINUOUS
 62
0
10
0.056294
20
0.042034
30
0
11
0
21
-0
31
0
 0
LINE
 8
0
 6
CONTINUOUS
 62
0
10
0.056294
20
-0.042034
30
0
11
0.056294
21
0.042034
31
0
 0
ENDBLK
 0
BLOCK
 8
0
 6
CONTINUOUS
 62
0
 2
VALVULA_REGULACION_AE_IPCI
 70
0
10
0
20
0
30
0
 3
VALVULA_REGULACION_AE_IPCI
 1

 0
LINE
 8
0
 6
CONTINUOUS
 62
0
10
0
20
0.06305
30
0
11
-0.024604
21
0.063063
31
0
 0
LINE
 8
0
 6
CONTINUOUS
 62
0
10
0
20
-0
30
0
11
-0.056294
21
-0.042034
31
0
 0
LINE
 8
0
 6
CONTINUOUS
 62
0
10
-0.056294
20
0.042034
30
0
11
0
21
-0
31
0
 0
LINE
 8
0
 6
CONTINUOUS
 62
0
10
-0.056294
20
-0.042034
30
0
11
-0.056294
21
0.042034
31
0
 0
LINE
 8
0
 6
CONTINUOUS
 62
0
10
0
20
-0
30
0
11
0.056294
21
-0.042034
31
0
 0
LINE
 8
0
 6
CONTINUOUS
 62
0
10
0.056294
20
0.042034
30
0
11
0
21
-0
31
0
 0
LINE
 8
0
 6
CONTINUOUS
 62
0
10
0
20
0.06305
30
0
11
0.024604
21
0.063063
31
0
 0
LINE
 8
0
 6
CONTINUOUS
 62
0
10
0
20
-0
30
0
11
0
21
0.06305
31
0
 0
LINE
 8
0
 6
CONTINUOUS
 62
0
10
0.056294
20
-0.042034
30
0
11
0.056294
21
0.042034
31
0
 0
CIRCLE
 8
0
 6
CONTINUOUS
 62
0
10
0.000833
20
0.108396
30
0
 40
0.032196
 0
TEXT
 8
0
 6
CONTINUOUS
 62
0
10
0.000833
20
0.089167
30
0
11
0.000833
21
0.089167
31
0
 1
E
 7
ROMANS
 40
0.04
 41
1
 50
0
 72
1
 73
0
 0
ENDBLK
 0
BLOCK
 8
0
 6
CONTINUOUS
 62
0
 2
LLAVE_PASO_AE_IPCI
 70
0
10
0
20
0
30
0
 3
LLAVE_PASO_AE_IPCI
 1

 0
TEXT
 8
0
 6
CONTINUOUS
 62
0
10
0.000833
20
0.074647
30
0
11
0.000833
21
0.074647
31
0
 1
E
 7
ROMANS
 40
0.04
 41
1
 50
0
 72
1
 73
0
 0
CIRCLE
 8
0
 6
CONTINUOUS
 62
0
10
0.000833
20
0.093876
30
0
 40
0.032196
 0
LINE
 8
0
 6
CONTINUOUS
 62
0
10
0
20
-0
30
0
11
-0.056294
21
-0.042034
31
0
 0
LINE
 8
0
 6
CONTINUOUS
 62
0
10
-0.056294
20
0.042034
30
0
11
0
21
-0
31
0
 0
LINE
 8
0
 6
CONTINUOUS
 62
0
10
-0.056294
20
-0.042034
30
0
11
-0.056294
21
0.042034
31
0
 0
LINE
 8
0
 6
CONTINUOUS
 62
0
10
0
20
-0
30
0
11
0.056294
21
-0.042034
31
0
 0
LINE
 8
0
 6
CONTINUOUS
 62
0
10
0.056294
20
0.042034
30
0
11
0
21
-0
31
0
 0
LINE
 8
0
 6
CONTINUOUS
 62
0
10
0.056294
20
-0.042034
30
0
11
0.056294
21
0.042034
31
0
 0
ENDBLK
 0
ENDSEC
 0
SECTION
 2
ENTITIES
 0
INSERT
 8
UNIFILAR
 6
CONTINUOUS
 62
94
 2
NUDO_DERIVACION_IPCI
10
16.869223
20
0.587429
30
0
41
0.045
42
0.045
43
1
 50
0
 0
TEXT
 8
TEXTO_NUDOS
 6
CONTINUOUS
 62
94
10
16.869223
20
0.671179
30
0
11
16.869223
21
0.671179
31
0
 1
2
 7
ROMANS
 40
0.06
 41
1
 50
0
 72
1
 73
0
 0
INSERT
 8
UNIFILAR
 6
CONTINUOUS
 62
94
 2
NUDO_DERIVACION_IPCI
10
16.869223
20
0.277023
30
0
41
0.045
42
0.045
43
1
 50
0
 0
TEXT
 8
TEXTO_NUDOS
 6
CONTINUOUS
 62
94
10
16.869223
20
0.360773
30
0
11
16.869223
21
0.360773
31
0
 1
3
 7
ROMANS
 40
0.06
 41
1
 50
0
 72
1
 73
0
 0
INSERT
 8
UNIFILAR
 6
CONTINUOUS
 62
94
 2
CONEXION_PLANTAS_IPCI
10
16.565249
20
0.042588
30
0
41
0.022
42
0.022
43
1
 50
0
 0
TEXT
 8
TEXTO_NUDOS
 6
CONTINUOUS
 62
94
10
16.565249
20
0.125588
30
0
11
16.565249
21
0.125588
31
0
 1
4
 7
ROMANS
 40
0.06
 41
1
 50
0
 72
1
 73
0
 0
INSERT
 8
UNIFILAR
 6
CONTINUOUS
 62
94
 2
DEPOSITO_ACUMULADOR_IPCI
10
17.368193
20
0.587429
30
0
41
0.15
42
0.15
43
1
 50
0
 0
TEXT
 8
TEXTO_NUDOS
 6
CONTINUOUS
 62
94
10
17.368193
20
0.806179
30
0
11
17.368193
21
0.806179
31
0
 1
1
 7
ROMANS
 40
0.06
 41
1
 50
0
 72
1
 73
0
 0
INSERT
 8
UNIFILAR
 6
CONTINUOUS
 62
94
 2
LLAVE_PASO_IPCI
10
16.869223
20
0.432226
30
0
41
1.296
42
1.296
43
1
 50
90
 0
LINE
 8
UNIFILAR
 6
CONTINUOUS
 62
94
10
16.869223
20
0.553679
30
0
11
16.869223
21
0.505191
31
0
 0
LINE
 8
UNIFILAR
 6
CONTINUOUS
 62
94
10
16.869223
20
0.359261
30
0
11
16.869223
21
0.310773
31
0
 0
TEXT
 8
TEXTO_RAMAS
 6
CONTINUOUS
 62
94
10
16.781259
20
0.432226
30
0
11
16.781259
21
0.432226
31
0
 1
Ø1 1/2"
 7
ROMANS
 40
0.06
 41
1
 50
90
 72
1
 73
0
 0
TEXT
 8
TEXTO_RAMAS
 6
CONTINUOUS
 62
94
10
16.957188
20
0.432226
30
0
11
16.957188
21
0.432226
31
0
 1

 7
ROMANS
 40
0.06
 41
1
 50
90
 72
1
 73
3
 0
LINE
 8
UNIFILAR
 6
CONTINUOUS
 62
94
10
16.842498
20
0.256412
30
0
11
16.59138
21
0.062741
31
0
 0
TEXT
 8
TEXTO_RAMAS
 6
CONTINUOUS
 62
94
10
16.686701
20
0.199398
30
0
11
16.686701
21
0.199398
31
0
 1
3 Ø1 1/2"
 7
ROMANS
 40
0.06
 41
1
 50
37.640593
 72
1
 73
0
 0
TEXT
 8
TEXTO_RAMAS
 6
CONTINUOUS
 62
94
10
16.747771
20
0.120213
30
0
11
16.747771
21
0.120213
31
0
 1
0.38m
 7
ROMANS
 40
0.06
 41
1
 50
37.640593
 72
1
 73
3
 0
LINE
 8
UNIFILAR
 6
CONTINUOUS
 62
94
10
16.765379
20
0.179255
30
0
11
16.717236
21
0.159806
31
0
 0
LINE
 8
UNIFILAR
 6
CONTINUOUS
 62
94
10
16.748279
20
0.201427
30
0
11
16.717236
21
0.159806
31
0
 0
INSERT
 8
UNIFILAR
 6
CONTINUOUS
 62
94
 2
BOMBA_MARCHA_IPCI
10
17.118708
20
0.587429
30
0
41
0.7
42
0.7
43
1
 50
180
 0
LINE
 8
UNIFILAR
 6
CONTINUOUS
 62
94
10
17.199443
20
0.587429
30
0
11
17.183248
21
0.587429
31
0
 0
LINE
 8
UNIFILAR
 6
CONTINUOUS
 62
94
10
17.054168
20
0.587429
30
0
11
16.902973
21
0.587429
31
0
 0
TEXT
 8
TEXTO_RAMAS
 6
CONTINUOUS
 62
94
10
17.118708
20
0.666969
30
0
11
17.118708
21
0.666969
31
0
 1

 7
ROMANS
 40
0.06
 41
1
 50
0
 72
1
 73
0
 0
TEXT
 8
TEXTO_RAMAS
 6
CONTINUOUS
 62
94
10
17.118708
20
0.507889
30
0
11
17.118708
21
0.507889
31
0
 1

 7
ROMANS
 40
0.06
 41
1
 50
0
 72
1
 73
3
 0
TEXT
 8
0
 6
CONTINUOUS
 62
7
10
17
20
-1
30
0
11
17
21
-1
31
0
 1
Planta Sotano
 7
ROMANS
 40
0.3
 41
1
 50
0
 72
1
 73
3
 0
INSERT
 8
UNIFILAR
 6
CONTINUOUS
 62
94
 2
BOCA_INCENDIOS_IPCI
10
6.729412
20
6.722298
30
1.5
41
0.0525
42
0.0525
43
1
 50
332.5
 0
TEXT
 8
TEXTO_NUDOS
 6
CONTINUOUS
 62
94
10
6.729412
20
6.835298
30
1.5
11
6.729412
21
6.835298
31
1.5
 1
199
 7
ROMANS
 40
0.06
 41
1
 50
0
 72
1
 73
0
 0
INSERT
 8
UNIFILAR
 6
CONTINUOUS
 62
94
 2
CONEXION_PLANTAS_IPCI
10
7.667999
20
6.414271
30
0
41
0.022
42
0.022
43
1
 50
0
 0
TEXT
 8
TEXTO_NUDOS
 6
CONTINUOUS
 62
94
10
7.667999
20
6.497271
30
0
11
7.667999
21
6.497271
31
0
 1
5
 7
ROMANS
 40
0.06
 41
1
 50
0
 72
1
 73
0
 0
INSERT
 8
UNIFILAR
 6
CONTINUOUS
 62
94
 2
NUDO_PASO_IPCI
10
7.330807
20
2.975822
30
2.5
41
0.02
42
0.02
43
1
 50
0
 0
INSERT
 8
UNIFILAR
 6
CONTINUOUS
 62
94
 2
NUDO_PASO_IPCI
10
19.62816
20
2.975822
30
2.5
41
0.02
42
0.02
43
1
 50
0
 0
INSERT
 8
UNIFILAR
 6
CONTINUOUS
 62
94
 2
NUDO_DERIVACION_IPCI
10
19.627999
20
6.244271
30
2.5
41
0.045
42
0.045
43
1
 50
0
 0
TEXT
 8
TEXTO_NUDOS
 6
CONTINUOUS
 62
94
10
19.627999
20
6.328021
30
2.5
11
19.627999
21
6.328021
31
2.5
 1
175
 7
ROMANS
 40
0.06
 41
1
 50
0
 72
1
 73
0
 0
INSERT
 8
UNIFILAR
 6
CONTINUOUS
 62
94
 2
ROCIADOR_AUTOMATICO_IPCI
10
8.415874
20
4.47362
30
2.5
41
0.04375
42
0.04375
43
1
 50
0
 0
TEXT
 8
TEXTO_NUDOS
 6
CONTINUOUS
 62
94
10
8.415874
20
4.589245
30
2.5
11
8.415874
21
4.589245
31
2.5
 1
167
 7
ROMANS
 40
0.06
 41
1
 50
0
 72
1
 73
0
 0
INSERT
 8
UNIFILAR
 6
CONTINUOUS
 62
94
 2
ROCIADOR_AUTOMATICO_IPCI
10
4.64297
20
5.28897
30
2.5
41
0.04375
42
0.04375
43
1
 50
0
 0
TEXT
 8
TEXTO_NUDOS
 6
CONTINUOUS
 62
94
10
4.64297
20
5.404595
30
2.5
11
4.64297
21
5.404595
31
2.5
 1
165
 7
ROMANS
 40
0.06
 41
1
 50
0
 72
1
 73
0
 0
INSERT
 8
UNIFILAR
 6
CONTINUOUS
 62
94
 2
NUDO_DERIVACION_IPCI
10
7.332781
20
5.288964
30
2.5
41
0.045
42
0.045
43
1
 50
0
 0
TEXT
 8
TEXTO_NUDOS
 6
CONTINUOUS
 62
94
10
7.332781
20
5.372714
30
2.5
11
7.332781
21
5.372714
31
2.5
 1
164
 7
ROMANS
 40
0.06
 41
1
 50
0
 72
1
 73
0
 0
INSERT
 8
UNIFILAR
 6
CONTINUOUS
 62
94
 2
NUDO_DERIVACION_IPCI
10
7.330807
20
4.47362
30
2.5
41
0.045
42
0.045
43
1
 50
0
 0
TEXT
 8
TEXTO_NUDOS
 6
CONTINUOUS
 62
94
10
7.330807
20
4.55737
30
2.5
11
7.330807
21
4.55737
31
2.5
 1
166
 7
ROMANS
 40
0.06
 41
1
 50
0
 72
1
 73
0
 0
INSERT
 8
UNIFILAR
 6
CONTINUOUS
 62
94
 2
NUDO_PASO_IPCI
10
7.329088
20
6.414271
30
0
41
0.02
42
0.02
43
1
 50
0
 0
INSERT
 8
UNIFILAR
 6
CONTINUOUS
 62
94
 2
NUDO_DERIVACION_IPCI
10
7.331994
20
6.411994
30
1.5
41
0.045
42
0.045
43
1
 50
0
 0
TEXT
 8
TEXTO_NUDOS
 6
CONTINUOUS
 62
94
10
7.331994
20
6.495744
30
1.5
11
7.331994
21
6.495744
31
1.5
 1
162
 7
ROMANS
 40
0.06
 41
1
 50
0
 72
1
 73
0
 0
INSERT
 8
UNIFILAR
 6
CONTINUOUS
 62
94
 2
NUDO_DERIVACION_IPCI
10
7.332781
20
6.411219
30
2.5
41
0.045
42
0.045
43
1
 50
0
 0
TEXT
 8
TEXTO_NUDOS
 6
CONTINUOUS
 62
94
10
7.332781
20
6.494969
30
2.5
11
7.332781
21
6.494969
31
2.5
 1
163
 7
ROMANS
 40
0.06
 41
1
 50
0
 72
1
 73
0
 0
INSERT
 8
UNIFILAR
 6
CONTINUOUS
 62
94
 2
ROCIADOR_AUTOMATICO_IPCI
10
10.593433
20
6.216898
30
2.5
41
0.04375
42
0.04375
43
1
 50
0
 0
TEXT
 8
TEXTO_NUDOS
 6
CONTINUOUS
 62
94
10
10.593433
20
6.332523
30
2.5
11
10.593433
21
6.332523
31
2.5
 1
171
 7
ROMANS
 40
0.06
 41
1
 50
0
 72
1
 73
0
 0
INSERT
 8
UNIFILAR
 6
CONTINUOUS
 62
94
 2
ROCIADOR_AUTOMATICO_IPCI
10
16.297437
20
2.975822
30
2.5
41
0.04375
42
0.04375
43
1
 50
0
 0
TEXT
 8
TEXTO_NUDOS
 6
CONTINUOUS
 62
94
10
16.297437
20
3.091447
30
2.5
11
16.297437
21
3.091447
31
2.5
 1
172
 7
ROMANS
 40
0.06
 41
1
 50
0
 72
1
 73
0
 0
INSERT
 8
UNIFILAR
 6
CONTINUOUS
 62
94
 2
ROCIADOR_AUTOMATICO_IPCI
10
18.425918
20
7.446353
30
2.5
41
0.04375
42
0.04375
43
1
 50
0
 0
TEXT
 8
TEXTO_NUDOS
 6
CONTINUOUS
 62
94
10
18.425918
20
7.561978
30
2.5
11
18.425918
21
7.561978
31
2.5
 1
176
 7
ROMANS
 40
0.06
 41
1
 50
0
 72
1
 73
0
 0
INSERT
 8
UNIFILAR
 6
CONTINUOUS
 62
94
 2
ROCIADOR_AUTOMATICO_IPCI
10
22.168183
20
4.208093
30
2.5
41
0.04375
42
0.04375
43
1
 50
0
 0
TEXT
 8
TEXTO_NUDOS
 6
CONTINUOUS
 62
94
10
22.168183
20
4.323718
30
2.5
11
22.168183
21
4.323718
31
2.5
 1
174
 7
ROMANS
 40
0.06
 41
1
 50
0
 72
1
 73
0
 0
INSERT
 8
UNIFILAR
 6
CONTINUOUS
 62
94
 2
ROCIADOR_AUTOMATICO_IPCI
10
19.628183
20
4.208093
30
2.5
41
0.04375
42
0.04375
43
1
 50
0
 0
TEXT
 8
TEXTO_NUDOS
 6
CONTINUOUS
 62
94
10
19.628183
20
4.323718
30
2.5
11
19.628183
21
4.323718
31
2.5
 1
173
 7
ROMANS
 40
0.06
 41
1
 50
0
 72
1
 73
0
 0
INSERT
 8
UNIFILAR
 6
CONTINUOUS
 62
94
 2
ROCIADOR_AUTOMATICO_IPCI
10
22.582249
20
6.244271
30
2.5
41
0.04375
42
0.04375
43
1
 50
0
 0
TEXT
 8
TEXTO_NUDOS
 6
CONTINUOUS
 62
94
10
22.582249
20
6.359896
30
2.5
11
22.582249
21
6.359896
31
2.5
 1
177
 7
ROMANS
 40
0.06
 41
1
 50
0
 72
1
 73
0
 0
INSERT
 8
UNIFILAR
 6
CONTINUOUS
 62
94
 2
NUDO_DERIVACION_IPCI
10
12.373433
20
2.975822
30
2.5
41
0.045
42
0.045
43
1
 50
0
 0
TEXT
 8
TEXTO_NUDOS
 6
CONTINUOUS
 62
94
10
12.373433
20
3.059572
30
2.5
11
12.373433
21
3.059572
31
2.5
 1
168
 7
ROMANS
 40
0.06
 41
1
 50
0
 72
1
 73
0
 0
INSERT
 8
UNIFILAR
 6
CONTINUOUS
 62
94
 2
ROCIADOR_AUTOMATICO_IPCI
10
13.95858
20
5.055822
30
2.5
41
0.04375
42
0.04375
43
1
 50
0
 0
TEXT
 8
TEXTO_NUDOS
 6
CONTINUOUS
 62
94
10
13.95858
20
5.171447
30
2.5
11
13.95858
21
5.171447
31
2.5
 1
170
 7
ROMANS
 40
0.06
 41
1
 50
0
 72
1
 73
0
 0
INSERT
 8
UNIFILAR
 6
CONTINUOUS
 62
94
 2
NUDO_DERIVACION_IPCI
10
12.373433
20
5.055822
30
2.5
41
0.045
42
0.045
43
1
 50
0
 0
TEXT
 8
TEXTO_NUDOS
 6
CONTINUOUS
 62
94
10
12.373433
20
5.139572
30
2.5
11
12.373433
21
5.139572
31
2.5
 1
169
 7
ROMANS
 40
0.06
 41
1
 50
0
 72
1
 73
0
 0
INSERT
 8
UNIFILAR
 6
CONTINUOUS
 62
94
 2
NUDO_PASO_IPCI
10
23.442242
20
6.240869
30
2.5
41
0.02
42
0.02
43
1
 50
0
 0
INSERT
 8
UNIFILAR
 6
CONTINUOUS
 62
94
 2
ROCIADOR_AUTOMATICO_IPCI
10
30.565154
20
6.601456
30
2.5
41
0.04375
42
0.04375
43
1
 50
0
 0
TEXT
 8
TEXTO_NUDOS
 6
CONTINUOUS
 62
94
10
30.565154
20
6.717081
30
2.5
11
30.565154
21
6.717081
31
2.5
 1
179
 7
ROMANS
 40
0.06
 41
1
 50
0
 72
1
 73
0
 0
INSERT
 8
UNIFILAR
 6
CONTINUOUS
 62
94
 2
ROCIADOR_AUTOMATICO_IPCI
10
26.927207
20
7.217517
30
2.5
41
0.04375
42
0.04375
43
1
 50
0
 0
TEXT
 8
TEXTO_NUDOS
 6
CONTINUOUS
 62
94
10
26.927207
20
7.333142
30
2.5
11
26.927207
21
7.333142
31
2.5
 1
178
 7
ROMANS
 40
0.06
 41
1
 50
0
 72
1
 73
0
 0
INSERT
 8
UNIFILAR
 6
CONTINUOUS
 62
94
 2
NUDO_PASO_IPCI
10
24.554249
20
7.217517
30
2.5
41
0.02
42
0.02
43
1
 50
0
 0
INSERT
 8
UNIFILAR
 6
CONTINUOUS
 62
94
 2
NUDO_PASO_IPCI
10
30.565154
20
7.217517
30
2.5
41
0.02
42
0.02
43
1
 50
0
 0
INSERT
 8
UNIFILAR
 6
CONTINUOUS
 62
94
 2
NUDO_PASO_IPCI
10
7.330807
20
14.151203
30
2.5
41
0.02
42
0.02
43
1
 50
0
 0
INSERT
 8
UNIFILAR
 6
CONTINUOUS
 62
94
 2
NUDO_PASO_IPCI
10
19.62816
20
14.151203
30
2.5
41
0.02
42
0.02
43
1
 50
0
 0
INSERT
 8
UNIFILAR
 6
CONTINUOUS
 62
94
 2
NUDO_DERIVACION_IPCI
10
19.627999
20
10.882754
30
2.5
41
0.045
42
0.045
43
1
 50
0
 0
TEXT
 8
TEXTO_NUDOS
 6
CONTINUOUS
 62
94
10
19.627999
20
10.966504
30
2.5
11
19.627999
21
10.966504
31
2.5
 1
192
 7
ROMANS
 40
0.06
 41
1
 50
0
 72
1
 73
0
 0
INSERT
 8
UNIFILAR
 6
CONTINUOUS
 62
94
 2
ROCIADOR_AUTOMATICO_IPCI
10
8.415874
20
12.653405
30
2.5
41
0.04375
42
0.04375
43
1
 50
0
 0
TEXT
 8
TEXTO_NUDOS
 6
CONTINUOUS
 62
94
10
8.415874
20
12.76903
30
2.5
11
8.415874
21
12.76903
31
2.5
 1
184
 7
ROMANS
 40
0.06
 41
1
 50
0
 72
1
 73
0
 0
INSERT
 8
UNIFILAR
 6
CONTINUOUS
 62
94
 2
ROCIADOR_AUTOMATICO_IPCI
10
4.64297
20
11.838055
30
2.5
41
0.04375
42
0.04375
43
1
 50
0
 0
TEXT
 8
TEXTO_NUDOS
 6
CONTINUOUS
 62
94
10
4.64297
20
11.95368
30
2.5
11
4.64297
21
11.95368
31
2.5
 1
182
 7
ROMANS
 40
0.06
 41
1
 50
0
 72
1
 73
0
 0
INSERT
 8
UNIFILAR
 6
CONTINUOUS
 62
94
 2
NUDO_DERIVACION_IPCI
10
7.332781
20
11.838062
30
2.5
41
0.045
42
0.045
43
1
 50
0
 0
TEXT
 8
TEXTO_NUDOS
 6
CONTINUOUS
 62
94
10
7.332781
20
11.921812
30
2.5
11
7.332781
21
11.921812
31
2.5
 1
181
 7
ROMANS
 40
0.06
 41
1
 50
0
 72
1
 73
0
 0
INSERT
 8
UNIFILAR
 6
CONTINUOUS
 62
94
 2
NUDO_DERIVACION_IPCI
10
7.330807
20
12.653405
30
2.5
41
0.045
42
0.045
43
1
 50
0
 0
TEXT
 8
TEXTO_NUDOS
 6
CONTINUOUS
 62
94
10
7.330807
20
12.737155
30
2.5
11
7.330807
21
12.737155
31
2.5
 1
183
 7
ROMANS
 40
0.06
 41
1
 50
0
 72
1
 73
0
 0
INSERT
 8
UNIFILAR
 6
CONTINUOUS
 62
94
 2
ROCIADOR_AUTOMATICO_IPCI
10
10.593433
20
10.910127
30
2.5
41
0.04375
42
0.04375
43
1
 50
0
 0
TEXT
 8
TEXTO_NUDOS
 6
CONTINUOUS
 62
94
10
10.593433
20
11.025752
30
2.5
11
10.593433
21
11.025752
31
2.5
 1
188
 7
ROMANS
 40
0.06
 41
1
 50
0
 72
1
 73
0
 0
INSERT
 8
UNIFILAR
 6
CONTINUOUS
 62
94
 2
ROCIADOR_AUTOMATICO_IPCI
10
16.297437
20
14.151203
30
2.5
41
0.04375
42
0.04375
43
1
 50
0
 0
TEXT
 8
TEXTO_NUDOS
 6
CONTINUOUS
 62
94
10
16.297437
20
14.266828
30
2.5
11
16.297437
21
14.266828
31
2.5
 1
189
 7
ROMANS
 40
0.06
 41
1
 50
0
 72
1
 73
0
 0
INSERT
 8
UNIFILAR
 6
CONTINUOUS
 62
94
 2
ROCIADOR_AUTOMATICO_IPCI
10
18.425918
20
9.680672
30
2.5
41
0.04375
42
0.04375
43
1
 50
0
 0
TEXT
 8
TEXTO_NUDOS
 6
CONTINUOUS
 62
94
10
18.425918
20
9.796297
30
2.5
11
18.425918
21
9.796297
31
2.5
 1
193
 7
ROMANS
 40
0.06
 41
1
 50
0
 72
1
 73
0
 0
INSERT
 8
UNIFILAR
 6
CONTINUOUS
 62
94
 2
ROCIADOR_AUTOMATICO_IPCI
10
22.168183
20
12.918932
30
2.5
41
0.04375
42
0.04375
43
1
 50
0
 0
TEXT
 8
TEXTO_NUDOS
 6
CONTINUOUS
 62
94
10
22.168183
20
13.034557
30
2.5
11
22.168183
21
13.034557
31
2.5
 1
191
 7
ROMANS
 40
0.06
 41
1
 50
0
 72
1
 73
0
 0
INSERT
 8
UNIFILAR
 6
CONTINUOUS
 62
94
 2
ROCIADOR_AUTOMATICO_IPCI
10
19.628183
20
12.918932
30
2.5
41
0.04375
42
0.04375
43
1
 50
0
 0
TEXT
 8
TEXTO_NUDOS
 6
CONTINUOUS
 62
94
10
19.628183
20
13.034557
30
2.5
11
19.628183
21
13.034557
31
2.5
 1
190
 7
ROMANS
 40
0.06
 41
1
 50
0
 72
1
 73
0
 0
INSERT
 8
UNIFILAR
 6
CONTINUOUS
 62
94
 2
ROCIADOR_AUTOMATICO_IPCI
10
22.582249
20
10.882754
30
2.5
41
0.04375
42
0.04375
43
1
 50
0
 0
TEXT
 8
TEXTO_NUDOS
 6
CONTINUOUS
 62
94
10
22.582249
20
10.998379
30
2.5
11
22.582249
21
10.998379
31
2.5
 1
194
 7
ROMANS
 40
0.06
 41
1
 50
0
 72
1
 73
0
 0
INSERT
 8
UNIFILAR
 6
CONTINUOUS
 62
94
 2
NUDO_DERIVACION_IPCI
10
12.373433
20
14.151203
30
2.5
41
0.045
42
0.045
43
1
 50
0
 0
TEXT
 8
TEXTO_NUDOS
 6
CONTINUOUS
 62
94
10
12.373433
20
14.234953
30
2.5
11
12.373433
21
14.234953
31
2.5
 1
185
 7
ROMANS
 40
0.06
 41
1
 50
0
 72
1
 73
0
 0
INSERT
 8
UNIFILAR
 6
CONTINUOUS
 62
94
 2
ROCIADOR_AUTOMATICO_IPCI
10
13.95858
20
12.071203
30
2.5
41
0.04375
42
0.04375
43
1
 50
0
 0
TEXT
 8
TEXTO_NUDOS
 6
CONTINUOUS
 62
94
10
13.95858
20
12.186828
30
2.5
11
13.95858
21
12.186828
31
2.5
 1
187
 7
ROMANS
 40
0.06
 41
1
 50
0
 72
1
 73
0
 0
INSERT
 8
UNIFILAR
 6
CONTINUOUS
 62
94
 2
NUDO_DERIVACION_IPCI
10
12.373433
20
12.071203
30
2.5
41
0.045
42
0.045
43
1
 50
0
 0
TEXT
 8
TEXTO_NUDOS
 6
CONTINUOUS
 62
94
10
12.373433
20
12.154953
30
2.5
11
12.373433
21
12.154953
31
2.5
 1
186
 7
ROMANS
 40
0.06
 41
1
 50
0
 72
1
 73
0
 0
INSERT
 8
UNIFILAR
 6
CONTINUOUS
 62
94
 2
NUDO_PASO_IPCI
10
23.442242
20
10.886156
30
2.5
41
0.02
42
0.02
43
1
 50
0
 0
INSERT
 8
UNIFILAR
 6
CONTINUOUS
 62
94
 2
ROCIADOR_AUTOMATICO_IPCI
10
30.565154
20
10.525569
30
2.5
41
0.04375
42
0.04375
43
1
 50
0
 0
TEXT
 8
TEXTO_NUDOS
 6
CONTINUOUS
 62
94
10
30.565154
20
10.641194
30
2.5
11
30.565154
21
10.641194
31
2.5
 1
196
 7
ROMANS
 40
0.06
 41
1
 50
0
 72
1
 73
0
 0
INSERT
 8
UNIFILAR
 6
CONTINUOUS
 62
94
 2
ROCIADOR_AUTOMATICO_IPCI
10
26.927207
20
9.909508
30
2.5
41
0.04375
42
0.04375
43
1
 50
0
 0
TEXT
 8
TEXTO_NUDOS
 6
CONTINUOUS
 62
94
10
26.927207
20
10.025133
30
2.5
11
26.927207
21
10.025133
31
2.5
 1
195
 7
ROMANS
 40
0.06
 41
1
 50
0
 72
1
 73
0
 0
INSERT
 8
UNIFILAR
 6
CONTINUOUS
 62
94
 2
NUDO_PASO_IPCI
10
24.554249
20
9.909508
30
2.5
41
0.02
42
0.02
43
1
 50
0
 0
INSERT
 8
UNIFILAR
 6
CONTINUOUS
 62
94
 2
NUDO_PASO_IPCI
10
30.565154
20
9.909508
30
2.5
41
0.02
42
0.02
43
1
 50
0
 0
INSERT
 8
UNIFILAR
 6
CONTINUOUS
 62
94
 2
ROCIADOR_AUTOMATICO_IPCI
10
6.892892
20
8.521219
30
2.5
41
0.04375
42
0.04375
43
1
 50
0
 0
TEXT
 8
TEXTO_NUDOS
 6
CONTINUOUS
 62
94
10
6.892892
20
8.636844
30
2.5
11
6.892892
21
8.636844
31
2.5
 1
197
 7
ROMANS
 40
0.06
 41
1
 50
0
 72
1
 73
0
 0
INSERT
 8
UNIFILAR
 6
CONTINUOUS
 62
94
 2
ROCIADOR_AUTOMATICO_IPCI
10
3.402918
20
8.522525
30
1.38
41
0.04375
42
0.04375
43
1
 50
0
 0
TEXT
 8
TEXTO_NUDOS
 6
CONTINUOUS
 62
94
10
3.402918
20
8.63815
30
1.38
11
3.402918
21
8.63815
31
1.38
 1
198
 7
ROMANS
 40
0.06
 41
1
 50
0
 72
1
 73
0
 0
INSERT
 8
UNIFILAR
 6
CONTINUOUS
 62
94
 2
NUDO_DERIVACION_IPCI
10
7.332781
20
8.521219
30
2.5
41
0.045
42
0.045
43
1
 50
0
 0
TEXT
 8
TEXTO_NUDOS
 6
CONTINUOUS
 62
94
10
7.332781
20
8.604969
30
2.5
11
7.332781
21
8.604969
31
2.5
 1
180
 7
ROMANS
 40
0.06
 41
1
 50
0
 72
1
 73
0
 0
INSERT
 8
UNIFILAR
 6
CONTINUOUS
 62
94
 2
NUDO_PASO_IPCI
10
5.922892
20
8.521219
30
2.5
41
0.02
42
0.02
43
1
 50
0
 0
INSERT
 8
UNIFILAR
 6
CONTINUOUS
 62
94
 2
NUDO_PASO_IPCI
10
4.162892
20
8.522525
30
1.38
41
0.02
42
0.02
43
1
 50
0
 0
LINE
 8
UNIFILAR
 6
CONTINUOUS
 62
94
10
4.708595
20
5.28897
30
2.5
11
7.299031
21
5.288964
31
2.5
 0
TEXT
 8
TEXTO_RAMAS
 6
CONTINUOUS
 62
94
10
5.987875
20
5.338967
30
2.5
11
5.987875
21
5.338967
31
2.5
 1
164 Ø1"
 7
ROMANS
 40
0.06
 41
1
 50
359.999861
 72
1
 73
0
 0
TEXT
 8
TEXTO_RAMAS
 6
CONTINUOUS
 62
94
10
5.987875
20
5.238967
30
2.5
11
5.987875
21
5.238967
31
2.5
 1
2.69m
 7
ROMANS
 40
0.06
 41
1
 50
359.999861
 72
1
 73
3
 0
LINE
 8
UNIFILAR
 6
CONTINUOUS
 62
94
10
8.350249
20
4.47362
30
2.5
11
7.364557
21
4.47362
31
2.5
 0
TEXT
 8
TEXTO_RAMAS
 6
CONTINUOUS
 62
94
10
7.87334
20
4.52362
30
2.5
11
7.87334
21
4.52362
31
2.5
 1
166 Ø1"
 7
ROMANS
 40
0.06
 41
1
 50
0
 72
1
 73
0
 0
TEXT
 8
TEXTO_RAMAS
 6
CONTINUOUS
 62
94
10
7.87334
20
4.42362
30
2.5
11
7.87334
21
4.42362
31
2.5
 1
1.09m
 7
ROMANS
 40
0.06
 41
1
 50
0
 72
1
 73
3
 0
LINE
 8
UNIFILAR
 6
CONTINUOUS
 62
94
10
7.332699
20
5.255214
30
2.5
11
7.330889
21
4.50737
31
2.5
 0
TEXT
 8
TEXTO_RAMAS
 6
CONTINUOUS
 62
94
10
7.281794
20
4.881413
30
2.5
11
7.281794
21
4.881413
31
2.5
 1
165 Ø1 1/4"
 7
ROMANS
 40
0.06
 41
1
 50
89.861308
 72
1
 73
0
 0
TEXT
 8
TEXTO_RAMAS
 6
CONTINUOUS
 62
94
10
7.381794
20
4.881171
30
2.5
11
7.381794
21
4.881171
31
2.5
 1
0.82m
 7
ROMANS
 40
0.06
 41
1
 50
89.861308
 72
1
 73
3
 0
LINE
 8
UNIFILAR
 6
CONTINUOUS
 62
94
10
7.330807
20
4.43987
30
2.5
11
7.330807
21
2.990822
31
2.5
 0
LINE
 8
UNIFILAR
 6
CONTINUOUS
 62
94
10
7.345807
20
2.975822
30
2.5
11
12.339683
21
2.975822
31
2.5
 0
TEXT
 8
TEXTO_RAMAS
 6
CONTINUOUS
 62
94
10
9.85212
20
3.025822
30
2.5
11
9.85212
21
3.025822
31
2.5
 1
167 Ø1 1/4"
 7
ROMANS
 40
0.06
 41
1
 50
0
 72
1
 73
0
 0
TEXT
 8
TEXTO_RAMAS
 6
CONTINUOUS
 62
94
10
9.85212
20
2.925822
30
2.5
11
9.85212
21
2.925822
31
2.5
 1
6.54m
 7
ROMANS
 40
0.06
 41
1
 50
0
 72
1
 73
3
 0
LINE
 8
UNIFILAR
 6
CONTINUOUS
 62
94
10
7.634999
20
6.414271
30
0
11
7.344088
21
6.414271
31
0
 0
LINE
 8
UNIFILAR
 6
CONTINUOUS
 62
94
10
7.329088
20
6.414271
30
0
11
7.331994
21
6.411994
31
1.5
 0
TEXT
 8
TEXTO_RAMAS
 6
CONTINUOUS
 62
94
10
7.498544
20
6.464271
30
0
11
7.498544
21
6.464271
31
0
 1
161 Ø1 1/4"
 7
ROMANS
 40
0.06
 41
1
 50
0
 72
1
 73
0
 0
TEXT
 8
TEXTO_RAMAS
 6
CONTINUOUS
 62
94
10
7.498544
20
6.364271
30
0
11
7.498544
21
6.364271
31
0
 1
0.34m
 7
ROMANS
 40
0.06
 41
1
 50
0
 72
1
 73
3
 0
LINE
 8
UNIFILAR
 6
CONTINUOUS
 62
94
10
7.331994
20
6.411994
30
1.5
11
7.332781
21
6.411219
31
2.5
 0
TEXT
 8
TEXTO_RAMAS
 6
CONTINUOUS
 62
94
10
7.367483
20
6.44722
30
2
11
7.367483
21
6.44722
31
2
 1
162 Ø1 1/4"
 7
ROMANS
 40
0.06
 41
1
 50
315.419321
 72
1
 73
0
 0
TEXT
 8
TEXTO_RAMAS
 6
CONTINUOUS
 62
94
10
7.297292
20
6.375993
30
2
11
7.297292
21
6.375993
31
2
 1
0m
 7
ROMANS
 40
0.06
 41
1
 50
315.419321
 72
1
 73
3
 0
LINE
 8
UNIFILAR
 6
CONTINUOUS
 62
94
10
7.301989
20
6.427445
30
1.5
11
6.822763
21
6.674226
31
1.5
 0
TEXT
 8
TEXTO_RAMAS
 6
CONTINUOUS
 62
94
10
7.053594
20
6.611598
30
1.5
11
7.053594
21
6.611598
31
1.5
 1
198 Ø1 1/4"
 7
ROMANS
 40
0.06
 41
1
 50
332.753468
 72
1
 73
0
 0
TEXT
 8
TEXTO_RAMAS
 6
CONTINUOUS
 62
94
10
7.007812
20
6.522694
30
1.5
11
7.007812
21
6.522694
31
1.5
 1
0.68m
 7
ROMANS
 40
0.06
 41
1
 50
332.753468
 72
1
 73
3
 0
LINE
 8
UNIFILAR
 6
CONTINUOUS
 62
94
10
7.332781
20
6.377469
30
2.5
11
7.332781
21
5.322714
31
2.5
 0
TEXT
 8
TEXTO_RAMAS
 6
CONTINUOUS
 62
94
10
7.282781
20
5.850091
30
2.5
11
7.282781
21
5.850091
31
2.5
 1
163 Ø1 1/4"
 7
ROMANS
 40
0.06
 41
1
 50
90
 72
1
 73
0
 0
TEXT
 8
TEXTO_RAMAS
 6
CONTINUOUS
 62
94
10
7.382781
20
5.850091
30
2.5
11
7.382781
21
5.850091
31
2.5
 1
1.12m
 7
ROMANS
 40
0.06
 41
1
 50
90
 72
1
 73
3
 0
LINE
 8
UNIFILAR
 6
CONTINUOUS
 62
94
10
12.373433
20
3.009572
30
2.5
11
12.373433
21
5.022072
31
2.5
 0
TEXT
 8
TEXTO_RAMAS
 6
CONTINUOUS
 62
94
10
12.323433
20
4.015822
30
2.5
11
12.323433
21
4.015822
31
2.5
 1
168 Ø1"
 7
ROMANS
 40
0.06
 41
1
 50
90
 72
1
 73
0
 0
TEXT
 8
TEXTO_RAMAS
 6
CONTINUOUS
 62
94
10
12.423433
20
4.015822
30
2.5
11
12.423433
21
4.015822
31
2.5
 1
2.08m
 7
ROMANS
 40
0.06
 41
1
 50
90
 72
1
 73
3
 0
LINE
 8
UNIFILAR
 6
CONTINUOUS
 62
94
10
12.407183
20
5.055822
30
2.5
11
13.892955
21
5.055822
31
2.5
 0
TEXT
 8
TEXTO_RAMAS
 6
CONTINUOUS
 62
94
10
13.166006
20
5.105822
30
2.5
11
13.166006
21
5.105822
31
2.5
 1
169 Ø1"
 7
ROMANS
 40
0.06
 41
1
 50
360
 72
1
 73
0
 0
TEXT
 8
TEXTO_RAMAS
 6
CONTINUOUS
 62
94
10
13.166006
20
5.005822
30
2.5
11
13.166006
21
5.005822
31
2.5
 1
1.59m
 7
ROMANS
 40
0.06
 41
1
 50
360
 72
1
 73
3
 0
LINE
 8
UNIFILAR
 6
CONTINUOUS
 62
94
10
12.407183
20
2.975822
30
2.5
11
16.231812
21
2.975822
31
2.5
 0
TEXT
 8
TEXTO_RAMAS
 6
CONTINUOUS
 62
94
10
14.335435
20
3.025822
30
2.5
11
14.335435
21
3.025822
31
2.5
 1
171 Ø1 1/4"
 7
ROMANS
 40
0.06
 41
1
 50
0
 72
1
 73
0
 0
TEXT
 8
TEXTO_RAMAS
 6
CONTINUOUS
 62
94
10
14.335435
20
2.925822
30
2.5
11
14.335435
21
2.925822
31
2.5
 1
3.92m
 7
ROMANS
 40
0.06
 41
1
 50
0
 72
1
 73
3
 0
LINE
 8
UNIFILAR
 6
CONTINUOUS
 62
94
10
16.363062
20
2.975822
30
2.5
11
19.61316
21
2.975822
31
2.5
 0
LINE
 8
UNIFILAR
 6
CONTINUOUS
 62
94
10
19.628161
20
2.990822
30
2.5
11
19.628182
21
4.142468
31
2.5
 0
TEXT
 8
TEXTO_RAMAS
 6
CONTINUOUS
 62
94
10
17.962799
20
3.025822
30
2.5
11
17.962799
21
3.025822
31
2.5
 1
172 Ø1 1/4"
 7
ROMANS
 40
0.06
 41
1
 50
0
 72
1
 73
0
 0
TEXT
 8
TEXTO_RAMAS
 6
CONTINUOUS
 62
94
10
17.962799
20
2.925822
30
2.5
11
17.962799
21
2.925822
31
2.5
 1
4.56m
 7
ROMANS
 40
0.06
 41
1
 50
0
 72
1
 73
3
 0
LINE
 8
UNIFILAR
 6
CONTINUOUS
 62
94
10
19.693808
20
4.208093
30
2.5
11
22.102558
21
4.208093
31
2.5
 0
TEXT
 8
TEXTO_RAMAS
 6
CONTINUOUS
 62
94
10
20.898183
20
4.258093
30
2.5
11
20.898183
21
4.258093
31
2.5
 1
173 Ø1"
 7
ROMANS
 40
0.06
 41
1
 50
360
 72
1
 73
0
 0
TEXT
 8
TEXTO_RAMAS
 6
CONTINUOUS
 62
94
10
20.898183
20
4.158093
30
2.5
11
20.898183
21
4.158093
31
2.5
 1
2.54m
 7
ROMANS
 40
0.06
 41
1
 50
360
 72
1
 73
3
 0
LINE
 8
UNIFILAR
 6
CONTINUOUS
 62
94
10
19.628177
20
4.273718
30
2.5
11
19.628002
21
6.210521
31
2.5
 0
TEXT
 8
TEXTO_RAMAS
 6
CONTINUOUS
 62
94
10
19.678091
20
5.226187
30
2.5
11
19.678091
21
5.226187
31
2.5
 1
174 Ø1 1/4"
 7
ROMANS
 40
0.06
 41
1
 50
270.005183
 72
1
 73
0
 0
TEXT
 8
TEXTO_RAMAS
 6
CONTINUOUS
 62
94
10
19.578091
20
5.226178
30
2.5
11
19.578091
21
5.226178
31
2.5
 1
2.04m
 7
ROMANS
 40
0.06
 41
1
 50
270.005183
 72
1
 73
3
 0
LINE
 8
UNIFILAR
 6
CONTINUOUS
 62
94
10
12.345165
20
5.074261
30
2.5
11
10.648398
21
6.181045
31
2.5
 0
TEXT
 8
TEXTO_RAMAS
 6
CONTINUOUS
 62
94
10
11.51075
20
5.678238
30
2.5
11
11.51075
21
5.678238
31
2.5
 1
170 Ø1"
 7
ROMANS
 40
0.06
 41
1
 50
326.88401
 72
1
 73
0
 0
TEXT
 8
TEXTO_RAMAS
 6
CONTINUOUS
 62
94
10
11.456116
20
5.594482
30
2.5
11
11.456116
21
5.594482
31
2.5
 1
2.13m
 7
ROMANS
 40
0.06
 41
1
 50
326.88401
 72
1
 73
3
 0
LINE
 8
UNIFILAR
 6
CONTINUOUS
 62
94
10
19.604134
20
6.268136
30
2.5
11
18.472321
21
7.399949
31
2.5
 0
TEXT
 8
TEXTO_RAMAS
 6
CONTINUOUS
 62
94
10
19.062314
20
6.880667
30
2.5
11
19.062314
21
6.880667
31
2.5
 1
175 Ø1"
 7
ROMANS
 40
0.06
 41
1
 50
315
 72
1
 73
0
 0
TEXT
 8
TEXTO_RAMAS
 6
CONTINUOUS
 62
94
10
18.991603
20
6.809957
30
2.5
11
18.991603
21
6.809957
31
2.5
 1
1.7m
 7
ROMANS
 40
0.06
 41
1
 50
315
 72
1
 73
3
 0
LINE
 8
UNIFILAR
 6
CONTINUOUS
 62
94
10
19.661749
20
6.244271
30
2.5
11
22.516624
21
6.244271
31
2.5
 0
TEXT
 8
TEXTO_RAMAS
 6
CONTINUOUS
 62
94
10
21.105124
20
6.294271
30
2.5
11
21.105124
21
6.294271
31
2.5
 1
176 Ø1 1/4"
 7
ROMANS
 40
0.06
 41
1
 50
360
 72
1
 73
0
 0
TEXT
 8
TEXTO_RAMAS
 6
CONTINUOUS
 62
94
10
21.105124
20
6.194271
30
2.5
11
21.105124
21
6.194271
31
2.5
 1
2.95m
 7
ROMANS
 40
0.06
 41
1
 50
360
 72
1
 73
3
 0
LINE
 8
UNIFILAR
 6
CONTINUOUS
 62
94
10
22.647873
20
6.244012
30
2.5
11
23.427242
21
6.240929
31
2.5
 0
LINE
 8
UNIFILAR
 6
CONTINUOUS
 62
94
10
23.453512
20
6.250768
30
2.5
11
24.542978
21
7.207619
31
2.5
 0
LINE
 8
UNIFILAR
 6
CONTINUOUS
 62
94
10
24.569249
20
7.217517
30
2.5
11
26.861582
21
7.217517
31
2.5
 0
TEXT
 8
TEXTO_RAMAS
 6
CONTINUOUS
 62
94
10
25.740728
20
7.267517
30
2.5
11
25.740728
21
7.267517
31
2.5
 1
177 Ø1"
 7
ROMANS
 40
0.06
 41
1
 50
0
 72
1
 73
0
 0
TEXT
 8
TEXTO_RAMAS
 6
CONTINUOUS
 62
94
10
25.740728
20
7.167517
30
2.5
11
25.740728
21
7.167517
31
2.5
 1
4.71m
 7
ROMANS
 40
0.06
 41
1
 50
0
 72
1
 73
3
 0
LINE
 8
UNIFILAR
 6
CONTINUOUS
 62
94
10
26.992832
20
7.217517
30
2.5
11
30.550154
21
7.217517
31
2.5
 0
LINE
 8
UNIFILAR
 6
CONTINUOUS
 62
94
10
30.565154
20
7.202517
30
2.5
11
30.565154
21
6.667081
31
2.5
 0
TEXT
 8
TEXTO_RAMAS
 6
CONTINUOUS
 62
94
10
28.746181
20
7.267517
30
2.5
11
28.746181
21
7.267517
31
2.5
 1
178 Ø1"
 7
ROMANS
 40
0.06
 41
1
 50
0
 72
1
 73
0
 0
TEXT
 8
TEXTO_RAMAS
 6
CONTINUOUS
 62
94
10
28.746181
20
7.167517
30
2.5
11
28.746181
21
7.167517
31
2.5
 1
4.25m
 7
ROMANS
 40
0.06
 41
1
 50
0
 72
1
 73
3
 0
LINE
 8
UNIFILAR
 6
CONTINUOUS
 62
94
10
4.708595
20
11.838055
30
2.5
11
7.299031
21
11.838061
31
2.5
 0
TEXT
 8
TEXTO_RAMAS
 6
CONTINUOUS
 62
94
10
5.987875
20
11.888058
30
2.5
11
5.987875
21
11.888058
31
2.5
 1
181 Ø1"
 7
ROMANS
 40
0.06
 41
1
 50
0.000139
 72
1
 73
0
 0
TEXT
 8
TEXTO_RAMAS
 6
CONTINUOUS
 62
94
10
5.987875
20
11.788058
30
2.5
11
5.987875
21
11.788058
31
2.5
 1
2.69m
 7
ROMANS
 40
0.06
 41
1
 50
0.000139
 72
1
 73
3
 0
LINE
 8
UNIFILAR
 6
CONTINUOUS
 62
94
10
8.350249
20
12.653405
30
2.5
11
7.364557
21
12.653405
31
2.5
 0
TEXT
 8
TEXTO_RAMAS
 6
CONTINUOUS
 62
94
10
7.87334
20
12.703405
30
2.5
11
7.87334
21
12.703405
31
2.5
 1
183 Ø1"
 7
ROMANS
 40
0.06
 41
1
 50
0
 72
1
 73
0
 0
TEXT
 8
TEXTO_RAMAS
 6
CONTINUOUS
 62
94
10
7.87334
20
12.603405
30
2.5
11
7.87334
21
12.603405
31
2.5
 1
1.09m
 7
ROMANS
 40
0.06
 41
1
 50
0
 72
1
 73
3
 0
LINE
 8
UNIFILAR
 6
CONTINUOUS
 62
94
10
7.332699
20
11.871811
30
2.5
11
7.330889
21
12.619655
31
2.5
 0
TEXT
 8
TEXTO_RAMAS
 6
CONTINUOUS
 62
94
10
7.381794
20
12.245854
30
2.5
11
7.381794
21
12.245854
31
2.5
 1
182 Ø1 1/4"
 7
ROMANS
 40
0.06
 41
1
 50
270.138692
 72
1
 73
0
 0
TEXT
 8
TEXTO_RAMAS
 6
CONTINUOUS
 62
94
10
7.281794
20
12.245612
30
2.5
11
7.281794
21
12.245612
31
2.5
 1
0.82m
 7
ROMANS
 40
0.06
 41
1
 50
270.138692
 72
1
 73
3
 0
LINE
 8
UNIFILAR
 6
CONTINUOUS
 62
94
10
7.330807
20
12.687155
30
2.5
11
7.330807
21
14.136203
31
2.5
 0
LINE
 8
UNIFILAR
 6
CONTINUOUS
 62
94
10
7.345807
20
14.151203
30
2.5
11
12.339683
21
14.151203
31
2.5
 0
TEXT
 8
TEXTO_RAMAS
 6
CONTINUOUS
 62
94
10
9.85212
20
14.201203
30
2.5
11
9.85212
21
14.201203
31
2.5
 1
184 Ø1 1/4"
 7
ROMANS
 40
0.06
 41
1
 50
0
 72
1
 73
0
 0
TEXT
 8
TEXTO_RAMAS
 6
CONTINUOUS
 62
94
10
9.85212
20
14.101203
30
2.5
11
9.85212
21
14.101203
31
2.5
 1
6.54m
 7
ROMANS
 40
0.06
 41
1
 50
0
 72
1
 73
3
 0
LINE
 8
UNIFILAR
 6
CONTINUOUS
 62
94
10
12.373433
20
14.117453
30
2.5
11
12.373433
21
12.104953
31
2.5
 0
TEXT
 8
TEXTO_RAMAS
 6
CONTINUOUS
 62
94
10
12.323433
20
13.111203
30
2.5
11
12.323433
21
13.111203
31
2.5
 1
185 Ø1"
 7
ROMANS
 40
0.06
 41
1
 50
90
 72
1
 73
0
 0
TEXT
 8
TEXTO_RAMAS
 6
CONTINUOUS
 62
94
10
12.423433
20
13.111203
30
2.5
11
12.423433
21
13.111203
31
2.5
 1
2.08m
 7
ROMANS
 40
0.06
 41
1
 50
90
 72
1
 73
3
 0
LINE
 8
UNIFILAR
 6
CONTINUOUS
 62
94
10
12.407183
20
12.071203
30
2.5
11
13.892955
21
12.071203
31
2.5
 0
TEXT
 8
TEXTO_RAMAS
 6
CONTINUOUS
 62
94
10
13.166006
20
12.121203
30
2.5
11
13.166006
21
12.121203
31
2.5
 1
186 Ø1"
 7
ROMANS
 40
0.06
 41
1
 50
0
 72
1
 73
0
 0
TEXT
 8
TEXTO_RAMAS
 6
CONTINUOUS
 62
94
10
13.166006
20
12.021203
30
2.5
11
13.166006
21
12.021203
31
2.5
 1
1.59m
 7
ROMANS
 40
0.06
 41
1
 50
0
 72
1
 73
3
 0
LINE
 8
UNIFILAR
 6
CONTINUOUS
 62
94
10
12.407183
20
14.151203
30
2.5
11
16.231812
21
14.151203
31
2.5
 0
TEXT
 8
TEXTO_RAMAS
 6
CONTINUOUS
 62
94
10
14.335435
20
14.201203
30
2.5
11
14.335435
21
14.201203
31
2.5
 1
188 Ø1 1/4"
 7
ROMANS
 40
0.06
 41
1
 50
360
 72
1
 73
0
 0
TEXT
 8
TEXTO_RAMAS
 6
CONTINUOUS
 62
94
10
14.335435
20
14.101203
30
2.5
11
14.335435
21
14.101203
31
2.5
 1
3.92m
 7
ROMANS
 40
0.06
 41
1
 50
360
 72
1
 73
3
 0
LINE
 8
UNIFILAR
 6
CONTINUOUS
 62
94
10
16.363062
20
14.151203
30
2.5
11
19.61316
21
14.151203
31
2.5
 0
LINE
 8
UNIFILAR
 6
CONTINUOUS
 62
94
10
19.628161
20
14.136203
30
2.5
11
19.628182
21
12.984557
31
2.5
 0
TEXT
 8
TEXTO_RAMAS
 6
CONTINUOUS
 62
94
10
17.962799
20
14.201203
30
2.5
11
17.962799
21
14.201203
31
2.5
 1
189 Ø1 1/4"
 7
ROMANS
 40
0.06
 41
1
 50
0
 72
1
 73
0
 0
TEXT
 8
TEXTO_RAMAS
 6
CONTINUOUS
 62
94
10
17.962799
20
14.101203
30
2.5
11
17.962799
21
14.101203
31
2.5
 1
4.56m
 7
ROMANS
 40
0.06
 41
1
 50
0
 72
1
 73
3
 0
LINE
 8
UNIFILAR
 6
CONTINUOUS
 62
94
10
19.693808
20
12.918932
30
2.5
11
22.102558
21
12.918932
31
2.5
 0
TEXT
 8
TEXTO_RAMAS
 6
CONTINUOUS
 62
94
10
20.898183
20
12.968932
30
2.5
11
20.898183
21
12.968932
31
2.5
 1
190 Ø1"
 7
ROMANS
 40
0.06
 41
1
 50
0
 72
1
 73
0
 0
TEXT
 8
TEXTO_RAMAS
 6
CONTINUOUS
 62
94
10
20.898183
20
12.868932
30
2.5
11
20.898183
21
12.868932
31
2.5
 1
2.54m
 7
ROMANS
 40
0.06
 41
1
 50
0
 72
1
 73
3
 0
LINE
 8
UNIFILAR
 6
CONTINUOUS
 62
94
10
19.628177
20
12.853307
30
2.5
11
19.628002
21
10.916504
31
2.5
 0
TEXT
 8
TEXTO_RAMAS
 6
CONTINUOUS
 62
94
10
19.578091
20
11.900847
30
2.5
11
19.578091
21
11.900847
31
2.5
 1
191 Ø1 1/4"
 7
ROMANS
 40
0.06
 41
1
 50
89.994817
 72
1
 73
0
 0
TEXT
 8
TEXTO_RAMAS
 6
CONTINUOUS
 62
94
10
19.678091
20
11.900838
30
2.5
11
19.678091
21
11.900838
31
2.5
 1
2.04m
 7
ROMANS
 40
0.06
 41
1
 50
89.994817
 72
1
 73
3
 0
LINE
 8
UNIFILAR
 6
CONTINUOUS
 62
94
10
12.345165
20
12.052764
30
2.5
11
10.648398
21
10.945981
31
2.5
 0
TEXT
 8
TEXTO_RAMAS
 6
CONTINUOUS
 62
94
10
11.456116
20
11.532543
30
2.5
11
11.456116
21
11.532543
31
2.5
 1
187 Ø1"
 7
ROMANS
 40
0.06
 41
1
 50
33.11599
 72
1
 73
0
 0
TEXT
 8
TEXTO_RAMAS
 6
CONTINUOUS
 62
94
10
11.51075
20
11.448787
30
2.5
11
11.51075
21
11.448787
31
2.5
 1
2.13m
 7
ROMANS
 40
0.06
 41
1
 50
33.11599
 72
1
 73
3
 0
LINE
 8
UNIFILAR
 6
CONTINUOUS
 62
94
10
19.604134
20
10.858889
30
2.5
11
18.472321
21
9.727076
31
2.5
 0
TEXT
 8
TEXTO_RAMAS
 6
CONTINUOUS
 62
94
10
18.991603
20
10.317069
30
2.5
11
18.991603
21
10.317069
31
2.5
 1
192 Ø1"
 7
ROMANS
 40
0.06
 41
1
 50
45
 72
1
 73
0
 0
TEXT
 8
TEXTO_RAMAS
 6
CONTINUOUS
 62
94
10
19.062314
20
10.246358
30
2.5
11
19.062314
21
10.246358
31
2.5
 1
1.7m
 7
ROMANS
 40
0.06
 41
1
 50
45
 72
1
 73
3
 0
LINE
 8
UNIFILAR
 6
CONTINUOUS
 62
94
10
19.661749
20
10.882754
30
2.5
11
22.516624
21
10.882754
31
2.5
 0
TEXT
 8
TEXTO_RAMAS
 6
CONTINUOUS
 62
94
10
21.105124
20
10.932754
30
2.5
11
21.105124
21
10.932754
31
2.5
 1
193 Ø1 1/4"
 7
ROMANS
 40
0.06
 41
1
 50
0
 72
1
 73
0
 0
TEXT
 8
TEXTO_RAMAS
 6
CONTINUOUS
 62
94
10
21.105124
20
10.832754
30
2.5
11
21.105124
21
10.832754
31
2.5
 1
2.95m
 7
ROMANS
 40
0.06
 41
1
 50
0
 72
1
 73
3
 0
LINE
 8
UNIFILAR
 6
CONTINUOUS
 62
94
10
22.647873
20
10.883014
30
2.5
11
23.427242
21
10.886097
31
2.5
 0
LINE
 8
UNIFILAR
 6
CONTINUOUS
 62
94
10
23.453512
20
10.876257
30
2.5
11
24.542978
21
9.919406
31
2.5
 0
LINE
 8
UNIFILAR
 6
CONTINUOUS
 62
94
10
24.569249
20
9.909508
30
2.5
11
26.861582
21
9.909508
31
2.5
 0
TEXT
 8
TEXTO_RAMAS
 6
CONTINUOUS
 62
94
10
25.740728
20
9.959508
30
2.5
11
25.740728
21
9.959508
31
2.5
 1
194 Ø1"
 7
ROMANS
 40
0.06
 41
1
 50
0
 72
1
 73
0
 0
TEXT
 8
TEXTO_RAMAS
 6
CONTINUOUS
 62
94
10
25.740728
20
9.859508
30
2.5
11
25.740728
21
9.859508
31
2.5
 1
4.71m
 7
ROMANS
 40
0.06
 41
1
 50
0
 72
1
 73
3
 0
LINE
 8
UNIFILAR
 6
CONTINUOUS
 62
94
10
26.992832
20
9.909508
30
2.5
11
30.550154
21
9.909508
31
2.5
 0
LINE
 8
UNIFILAR
 6
CONTINUOUS
 62
94
10
30.565154
20
9.924508
30
2.5
11
30.565154
21
10.459944
31
2.5
 0
TEXT
 8
TEXTO_RAMAS
 6
CONTINUOUS
 62
94
10
28.746181
20
9.959508
30
2.5
11
28.746181
21
9.959508
31
2.5
 1
195 Ø1"
 7
ROMANS
 40
0.06
 41
1
 50
360
 72
1
 73
0
 0
TEXT
 8
TEXTO_RAMAS
 6
CONTINUOUS
 62
94
10
28.746181
20
9.859508
30
2.5
11
28.746181
21
9.859508
31
2.5
 1
4.25m
 7
ROMANS
 40
0.06
 41
1
 50
360
 72
1
 73
3
 0
LINE
 8
UNIFILAR
 6
CONTINUOUS
 62
94
10
7.332781
20
6.444969
30
2.5
11
7.332781
21
8.487469
31
2.5
 0
TEXT
 8
TEXTO_RAMAS
 6
CONTINUOUS
 62
94
10
7.282781
20
7.466219
30
2.5
11
7.282781
21
7.466219
31
2.5
 1
179 Ø1 1/4"
 7
ROMANS
 40
0.06
 41
1
 50
90
 72
1
 73
0
 0
TEXT
 8
TEXTO_RAMAS
 6
CONTINUOUS
 62
94
10
7.382781
20
7.466219
30
2.5
11
7.382781
21
7.466219
31
2.5
 1
2.11m
 7
ROMANS
 40
0.06
 41
1
 50
90
 72
1
 73
3
 0
LINE
 8
UNIFILAR
 6
CONTINUOUS
 62
94
10
7.332781
20
8.554969
30
2.5
11
7.332781
21
11.804312
31
2.5
 0
TEXT
 8
TEXTO_RAMAS
 6
CONTINUOUS
 62
94
10
7.282781
20
10.17964
30
2.5
11
7.282781
21
10.17964
31
2.5
 1
180 Ø1 1/4"
 7
ROMANS
 40
0.06
 41
1
 50
90
 72
1
 73
0
 0
TEXT
 8
TEXTO_RAMAS
 6
CONTINUOUS
 62
94
10
7.382781
20
10.17964
30
2.5
11
7.382781
21
10.17964
31
2.5
 1
3.32m
 7
ROMANS
 40
0.06
 41
1
 50
90
 72
1
 73
3
 0
LINE
 8
UNIFILAR
 6
CONTINUOUS
 62
94
10
7.299031
20
8.521219
30
2.5
11
6.958517
21
8.521219
31
2.5
 0
TEXT
 8
TEXTO_RAMAS
 6
CONTINUOUS
 62
94
10
7.112836
20
8.571219
30
2.5
11
7.112836
21
8.571219
31
2.5
 1
196 Ø1"
 7
ROMANS
 40
0.06
 41
1
 50
0
 72
1
 73
0
 0
TEXT
 8
TEXTO_RAMAS
 6
CONTINUOUS
 62
94
10
7.112836
20
8.471219
30
2.5
11
7.112836
21
8.471219
31
2.5
 1
0.44m
 7
ROMANS
 40
0.06
 41
1
 50
0
 72
1
 73
3
 0
LINE
 8
UNIFILAR
 6
CONTINUOUS
 62
94
10
6.827267
20
8.521219
30
2.5
11
5.937892
21
8.521219
31
2.5
 0
LINE
 8
UNIFILAR
 6
CONTINUOUS
 62
94
10
5.907892
20
8.52123
30
2.5
11
4.177892
21
8.522514
31
1.38
 0
LINE
 8
UNIFILAR
 6
CONTINUOUS
 62
94
10
4.147892
20
8.522525
30
1.38
11
3.468543
21
8.522525
31
1.38
 0
TEXT
 8
TEXTO_RAMAS
 6
CONTINUOUS
 62
94
10
5.042929
20
8.571872
30
1.94
11
5.042929
21
8.571872
31
1.94
 1
197 Ø1"
 7
ROMANS
 40
0.06
 41
1
 50
359.957481
 72
1
 73
0
 0
TEXT
 8
TEXTO_RAMAS
 6
CONTINUOUS
 62
94
10
5.042855
20
8.471872
30
1.94
11
5.042855
21
8.471872
31
1.94
 1
3.49m
 7
ROMANS
 40
0.06
 41
1
 50
359.957481
 72
1
 73
3
 0
TEXT
 8
0
 6
CONTINUOUS
 62
7
10
17
20
1.865847
30
0
11
17
21
1.865847
31
0
 1
Planta Primera
 7
ROMANS
 40
0.3
 41
1
 50
0
 72
1
 73
3
 0
INSERT
 8
UNIFILAR
 6
CONTINUOUS
 62
94
 2
CONEXION_PLANTAS_IPCI
10
7.666851
20
19.875238
30
0
41
0.022
42
0.022
43
1
 50
0
 0
TEXT
 8
TEXTO_NUDOS
 6
CONTINUOUS
 62
94
10
7.666851
20
19.958238
30
0
11
7.666851
21
19.958238
31
0
 1
6
 7
ROMANS
 40
0.06
 41
1
 50
0
 72
1
 73
0
 0
INSERT
 8
UNIFILAR
 6
CONTINUOUS
 62
94
 2
BOCA_INCENDIOS_IPCI
10
6.728264
20
20.183265
30
1.5
41
0.0525
42
0.0525
43
1
 50
332.5
 0
TEXT
 8
TEXTO_NUDOS
 6
CONTINUOUS
 62
94
10
6.728264
20
20.296265
30
1.5
11
6.728264
21
20.296265
31
1.5
 1
44
 7
ROMANS
 40
0.06
 41
1
 50
0
 72
1
 73
0
 0
INSERT
 8
UNIFILAR
 6
CONTINUOUS
 62
94
 2
NUDO_PASO_IPCI
10
7.329658
20
16.43679
30
2.5
41
0.02
42
0.02
43
1
 50
0
 0
INSERT
 8
UNIFILAR
 6
CONTINUOUS
 62
94
 2
NUDO_PASO_IPCI
10
19.627012
20
16.43679
30
2.5
41
0.02
42
0.02
43
1
 50
0
 0
INSERT
 8
UNIFILAR
 6
CONTINUOUS
 62
94
 2
NUDO_DERIVACION_IPCI
10
19.626851
20
19.705238
30
2.5
41
0.045
42
0.045
43
1
 50
0
 0
TEXT
 8
TEXTO_NUDOS
 6
CONTINUOUS
 62
94
10
19.626851
20
19.788988
30
2.5
11
19.626851
21
19.788988
31
2.5
 1
20
 7
ROMANS
 40
0.06
 41
1
 50
0
 72
1
 73
0
 0
INSERT
 8
UNIFILAR
 6
CONTINUOUS
 62
94
 2
ROCIADOR_AUTOMATICO_IPCI
10
8.414726
20
17.934587
30
2.5
41
0.04375
42
0.04375
43
1
 50
0
 0
TEXT
 8
TEXTO_NUDOS
 6
CONTINUOUS
 62
94
10
8.414726
20
18.050212
30
2.5
11
8.414726
21
18.050212
31
2.5
 1
12
 7
ROMANS
 40
0.06
 41
1
 50
0
 72
1
 73
0
 0
INSERT
 8
UNIFILAR
 6
CONTINUOUS
 62
94
 2
ROCIADOR_AUTOMATICO_IPCI
10
4.641822
20
18.749937
30
2.5
41
0.04375
42
0.04375
43
1
 50
0
 0
TEXT
 8
TEXTO_NUDOS
 6
CONTINUOUS
 62
94
10
4.641822
20
18.865562
30
2.5
11
4.641822
21
18.865562
31
2.5
 1
10
 7
ROMANS
 40
0.06
 41
1
 50
0
 72
1
 73
0
 0
INSERT
 8
UNIFILAR
 6
CONTINUOUS
 62
94
 2
NUDO_DERIVACION_IPCI
10
7.331632
20
18.749931
30
2.5
41
0.045
42
0.045
43
1
 50
0
 0
TEXT
 8
TEXTO_NUDOS
 6
CONTINUOUS
 62
94
10
7.331632
20
18.833681
30
2.5
11
7.331632
21
18.833681
31
2.5
 1
9
 7
ROMANS
 40
0.06
 41
1
 50
0
 72
1
 73
0
 0
INSERT
 8
UNIFILAR
 6
CONTINUOUS
 62
94
 2
NUDO_DERIVACION_IPCI
10
7.329658
20
17.934587
30
2.5
41
0.045
42
0.045
43
1
 50
0
 0
TEXT
 8
TEXTO_NUDOS
 6
CONTINUOUS
 62
94
10
7.329658
20
18.018337
30
2.5
11
7.329658
21
18.018337
31
2.5
 1
11
 7
ROMANS
 40
0.06
 41
1
 50
0
 72
1
 73
0
 0
INSERT
 8
UNIFILAR
 6
CONTINUOUS
 62
94
 2
NUDO_PASO_IPCI
10
7.32794
20
19.875238
30
0
41
0.02
42
0.02
43
1
 50
0
 0
INSERT
 8
UNIFILAR
 6
CONTINUOUS
 62
94
 2
NUDO_DERIVACION_IPCI
10
7.330846
20
19.872961
30
1.5
41
0.045
42
0.045
43
1
 50
0
 0
TEXT
 8
TEXTO_NUDOS
 6
CONTINUOUS
 62
94
10
7.330846
20
19.956711
30
1.5
11
7.330846
21
19.956711
31
1.5
 1
7
 7
ROMANS
 40
0.06
 41
1
 50
0
 72
1
 73
0
 0
INSERT
 8
UNIFILAR
 6
CONTINUOUS
 62
94
 2
NUDO_DERIVACION_IPCI
10
7.331632
20
19.872186
30
2.5
41
0.045
42
0.045
43
1
 50
0
 0
TEXT
 8
TEXTO_NUDOS
 6
CONTINUOUS
 62
94
10
7.331632
20
19.955936
30
2.5
11
7.331632
21
19.955936
31
2.5
 1
8
 7
ROMANS
 40
0.06
 41
1
 50
0
 72
1
 73
0
 0
INSERT
 8
UNIFILAR
 6
CONTINUOUS
 62
94
 2
ROCIADOR_AUTOMATICO_IPCI
10
10.592285
20
19.677865
30
2.5
41
0.04375
42
0.04375
43
1
 50
0
 0
TEXT
 8
TEXTO_NUDOS
 6
CONTINUOUS
 62
94
10
10.592285
20
19.79349
30
2.5
11
10.592285
21
19.79349
31
2.5
 1
16
 7
ROMANS
 40
0.06
 41
1
 50
0
 72
1
 73
0
 0
INSERT
 8
UNIFILAR
 6
CONTINUOUS
 62
94
 2
ROCIADOR_AUTOMATICO_IPCI
10
16.296289
20
16.43679
30
2.5
41
0.04375
42
0.04375
43
1
 50
0
 0
TEXT
 8
TEXTO_NUDOS
 6
CONTINUOUS
 62
94
10
16.296289
20
16.552415
30
2.5
11
16.296289
21
16.552415
31
2.5
 1
17
 7
ROMANS
 40
0.06
 41
1
 50
0
 72
1
 73
0
 0
INSERT
 8
UNIFILAR
 6
CONTINUOUS
 62
94
 2
ROCIADOR_AUTOMATICO_IPCI
10
18.424769
20
20.90732
30
2.5
41
0.04375
42
0.04375
43
1
 50
0
 0
TEXT
 8
TEXTO_NUDOS
 6
CONTINUOUS
 62
94
10
18.424769
20
21.022945
30
2.5
11
18.424769
21
21.022945
31
2.5
 1
21
 7
ROMANS
 40
0.06
 41
1
 50
0
 72
1
 73
0
 0
INSERT
 8
UNIFILAR
 6
CONTINUOUS
 62
94
 2
ROCIADOR_AUTOMATICO_IPCI
10
22.167035
20
17.66906
30
2.5
41
0.04375
42
0.04375
43
1
 50
0
 0
TEXT
 8
TEXTO_NUDOS
 6
CONTINUOUS
 62
94
10
22.167035
20
17.784685
30
2.5
11
22.167035
21
17.784685
31
2.5
 1
19
 7
ROMANS
 40
0.06
 41
1
 50
0
 72
1
 73
0
 0
INSERT
 8
UNIFILAR
 6
CONTINUOUS
 62
94
 2
ROCIADOR_AUTOMATICO_IPCI
10
19.627035
20
17.66906
30
2.5
41
0.04375
42
0.04375
43
1
 50
0
 0
TEXT
 8
TEXTO_NUDOS
 6
CONTINUOUS
 62
94
10
19.627035
20
17.784685
30
2.5
11
19.627035
21
17.784685
31
2.5
 1
18
 7
ROMANS
 40
0.06
 41
1
 50
0
 72
1
 73
0
 0
INSERT
 8
UNIFILAR
 6
CONTINUOUS
 62
94
 2
ROCIADOR_AUTOMATICO_IPCI
10
22.5811
20
19.705238
30
2.5
41
0.04375
42
0.04375
43
1
 50
0
 0
TEXT
 8
TEXTO_NUDOS
 6
CONTINUOUS
 62
94
10
22.5811
20
19.820863
30
2.5
11
22.5811
21
19.820863
31
2.5
 1
22
 7
ROMANS
 40
0.06
 41
1
 50
0
 72
1
 73
0
 0
INSERT
 8
UNIFILAR
 6
CONTINUOUS
 62
94
 2
NUDO_DERIVACION_IPCI
10
12.372285
20
16.43679
30
2.5
41
0.045
42
0.045
43
1
 50
0
 0
TEXT
 8
TEXTO_NUDOS
 6
CONTINUOUS
 62
94
10
12.372285
20
16.52054
30
2.5
11
12.372285
21
16.52054
31
2.5
 1
13
 7
ROMANS
 40
0.06
 41
1
 50
0
 72
1
 73
0
 0
INSERT
 8
UNIFILAR
 6
CONTINUOUS
 62
94
 2
ROCIADOR_AUTOMATICO_IPCI
10
13.957431
20
18.51679
30
2.5
41
0.04375
42
0.04375
43
1
 50
0
 0
TEXT
 8
TEXTO_NUDOS
 6
CONTINUOUS
 62
94
10
13.957431
20
18.632415
30
2.5
11
13.957431
21
18.632415
31
2.5
 1
15
 7
ROMANS
 40
0.06
 41
1
 50
0
 72
1
 73
0
 0
INSERT
 8
UNIFILAR
 6
CONTINUOUS
 62
94
 2
NUDO_DERIVACION_IPCI
10
12.372285
20
18.51679
30
2.5
41
0.045
42
0.045
43
1
 50
0
 0
TEXT
 8
TEXTO_NUDOS
 6
CONTINUOUS
 62
94
10
12.372285
20
18.60054
30
2.5
11
12.372285
21
18.60054
31
2.5
 1
14
 7
ROMANS
 40
0.06
 41
1
 50
0
 72
1
 73
0
 0
INSERT
 8
UNIFILAR
 6
CONTINUOUS
 62
94
 2
NUDO_PASO_IPCI
10
23.441094
20
19.701836
30
2.5
41
0.02
42
0.02
43
1
 50
0
 0
INSERT
 8
UNIFILAR
 6
CONTINUOUS
 62
94
 2
ROCIADOR_AUTOMATICO_IPCI
10
30.564006
20
20.062423
30
2.5
41
0.04375
42
0.04375
43
1
 50
0
 0
TEXT
 8
TEXTO_NUDOS
 6
CONTINUOUS
 62
94
10
30.564006
20
20.178048
30
2.5
11
30.564006
21
20.178048
31
2.5
 1
24
 7
ROMANS
 40
0.06
 41
1
 50
0
 72
1
 73
0
 0
INSERT
 8
UNIFILAR
 6
CONTINUOUS
 62
94
 2
ROCIADOR_AUTOMATICO_IPCI
10
26.926059
20
20.678485
30
2.5
41
0.04375
42
0.04375
43
1
 50
0
 0
TEXT
 8
TEXTO_NUDOS
 6
CONTINUOUS
 62
94
10
26.926059
20
20.79411
30
2.5
11
26.926059
21
20.79411
31
2.5
 1
23
 7
ROMANS
 40
0.06
 41
1
 50
0
 72
1
 73
0
 0
INSERT
 8
UNIFILAR
 6
CONTINUOUS
 62
94
 2
NUDO_PASO_IPCI
10
24.5531
20
20.678485
30
2.5
41
0.02
42
0.02
43
1
 50
0
 0
INSERT
 8
UNIFILAR
 6
CONTINUOUS
 62
94
 2
NUDO_PASO_IPCI
10
30.564006
20
20.678485
30
2.5
41
0.02
42
0.02
43
1
 50
0
 0
INSERT
 8
UNIFILAR
 6
CONTINUOUS
 62
94
 2
NUDO_PASO_IPCI
10
7.329658
20
27.61217
30
2.5
41
0.02
42
0.02
43
1
 50
0
 0
INSERT
 8
UNIFILAR
 6
CONTINUOUS
 62
94
 2
NUDO_PASO_IPCI
10
19.627012
20
27.61217
30
2.5
41
0.02
42
0.02
43
1
 50
0
 0
INSERT
 8
UNIFILAR
 6
CONTINUOUS
 62
94
 2
NUDO_DERIVACION_IPCI
10
19.626851
20
24.343721
30
2.5
41
0.045
42
0.045
43
1
 50
0
 0
TEXT
 8
TEXTO_NUDOS
 6
CONTINUOUS
 62
94
10
19.626851
20
24.427471
30
2.5
11
19.626851
21
24.427471
31
2.5
 1
37
 7
ROMANS
 40
0.06
 41
1
 50
0
 72
1
 73
0
 0
INSERT
 8
UNIFILAR
 6
CONTINUOUS
 62
94
 2
ROCIADOR_AUTOMATICO_IPCI
10
8.414726
20
26.114372
30
2.5
41
0.04375
42
0.04375
43
1
 50
0
 0
TEXT
 8
TEXTO_NUDOS
 6
CONTINUOUS
 62
94
10
8.414726
20
26.229997
30
2.5
11
8.414726
21
26.229997
31
2.5
 1
29
 7
ROMANS
 40
0.06
 41
1
 50
0
 72
1
 73
0
 0
INSERT
 8
UNIFILAR
 6
CONTINUOUS
 62
94
 2
ROCIADOR_AUTOMATICO_IPCI
10
4.641822
20
25.299022
30
2.5
41
0.04375
42
0.04375
43
1
 50
0
 0
TEXT
 8
TEXTO_NUDOS
 6
CONTINUOUS
 62
94
10
4.641822
20
25.414647
30
2.5
11
4.641822
21
25.414647
31
2.5
 1
27
 7
ROMANS
 40
0.06
 41
1
 50
0
 72
1
 73
0
 0
INSERT
 8
UNIFILAR
 6
CONTINUOUS
 62
94
 2
NUDO_DERIVACION_IPCI
10
7.331632
20
25.299029
30
2.5
41
0.045
42
0.045
43
1
 50
0
 0
TEXT
 8
TEXTO_NUDOS
 6
CONTINUOUS
 62
94
10
7.331632
20
25.382779
30
2.5
11
7.331632
21
25.382779
31
2.5
 1
26
 7
ROMANS
 40
0.06
 41
1
 50
0
 72
1
 73
0
 0
INSERT
 8
UNIFILAR
 6
CONTINUOUS
 62
94
 2
NUDO_DERIVACION_IPCI
10
7.329658
20
26.114372
30
2.5
41
0.045
42
0.045
43
1
 50
0
 0
TEXT
 8
TEXTO_NUDOS
 6
CONTINUOUS
 62
94
10
7.329658
20
26.198122
30
2.5
11
7.329658
21
26.198122
31
2.5
 1
28
 7
ROMANS
 40
0.06
 41
1
 50
0
 72
1
 73
0
 0
INSERT
 8
UNIFILAR
 6
CONTINUOUS
 62
94
 2
ROCIADOR_AUTOMATICO_IPCI
10
10.592285
20
24.371095
30
2.5
41
0.04375
42
0.04375
43
1
 50
0
 0
TEXT
 8
TEXTO_NUDOS
 6
CONTINUOUS
 62
94
10
10.592285
20
24.48672
30
2.5
11
10.592285
21
24.48672
31
2.5
 1
33
 7
ROMANS
 40
0.06
 41
1
 50
0
 72
1
 73
0
 0
INSERT
 8
UNIFILAR
 6
CONTINUOUS
 62
94
 2
ROCIADOR_AUTOMATICO_IPCI
10
16.296289
20
27.61217
30
2.5
41
0.04375
42
0.04375
43
1
 50
0
 0
TEXT
 8
TEXTO_NUDOS
 6
CONTINUOUS
 62
94
10
16.296289
20
27.727795
30
2.5
11
16.296289
21
27.727795
31
2.5
 1
34
 7
ROMANS
 40
0.06
 41
1
 50
0
 72
1
 73
0
 0
INSERT
 8
UNIFILAR
 6
CONTINUOUS
 62
94
 2
ROCIADOR_AUTOMATICO_IPCI
10
18.424769
20
23.14164
30
2.5
41
0.04375
42
0.04375
43
1
 50
0
 0
TEXT
 8
TEXTO_NUDOS
 6
CONTINUOUS
 62
94
10
18.424769
20
23.257265
30
2.5
11
18.424769
21
23.257265
31
2.5
 1
38
 7
ROMANS
 40
0.06
 41
1
 50
0
 72
1
 73
0
 0
INSERT
 8
UNIFILAR
 6
CONTINUOUS
 62
94
 2
ROCIADOR_AUTOMATICO_IPCI
10
22.167035
20
26.379899
30
2.5
41
0.04375
42
0.04375
43
1
 50
0
 0
TEXT
 8
TEXTO_NUDOS
 6
CONTINUOUS
 62
94
10
22.167035
20
26.495524
30
2.5
11
22.167035
21
26.495524
31
2.5
 1
36
 7
ROMANS
 40
0.06
 41
1
 50
0
 72
1
 73
0
 0
INSERT
 8
UNIFILAR
 6
CONTINUOUS
 62
94
 2
ROCIADOR_AUTOMATICO_IPCI
10
19.627035
20
26.379899
30
2.5
41
0.04375
42
0.04375
43
1
 50
0
 0
TEXT
 8
TEXTO_NUDOS
 6
CONTINUOUS
 62
94
10
19.627035
20
26.495524
30
2.5
11
19.627035
21
26.495524
31
2.5
 1
35
 7
ROMANS
 40
0.06
 41
1
 50
0
 72
1
 73
0
 0
INSERT
 8
UNIFILAR
 6
CONTINUOUS
 62
94
 2
ROCIADOR_AUTOMATICO_IPCI
10
22.5811
20
24.343721
30
2.5
41
0.04375
42
0.04375
43
1
 50
0
 0
TEXT
 8
TEXTO_NUDOS
 6
CONTINUOUS
 62
94
10
22.5811
20
24.459346
30
2.5
11
22.5811
21
24.459346
31
2.5
 1
39
 7
ROMANS
 40
0.06
 41
1
 50
0
 72
1
 73
0
 0
INSERT
 8
UNIFILAR
 6
CONTINUOUS
 62
94
 2
NUDO_DERIVACION_IPCI
10
12.372285
20
27.61217
30
2.5
41
0.045
42
0.045
43
1
 50
0
 0
TEXT
 8
TEXTO_NUDOS
 6
CONTINUOUS
 62
94
10
12.372285
20
27.69592
30
2.5
11
12.372285
21
27.69592
31
2.5
 1
30
 7
ROMANS
 40
0.06
 41
1
 50
0
 72
1
 73
0
 0
INSERT
 8
UNIFILAR
 6
CONTINUOUS
 62
94
 2
ROCIADOR_AUTOMATICO_IPCI
10
13.957431
20
25.53217
30
2.5
41
0.04375
42
0.04375
43
1
 50
0
 0
TEXT
 8
TEXTO_NUDOS
 6
CONTINUOUS
 62
94
10
13.957431
20
25.647795
30
2.5
11
13.957431
21
25.647795
31
2.5
 1
32
 7
ROMANS
 40
0.06
 41
1
 50
0
 72
1
 73
0
 0
INSERT
 8
UNIFILAR
 6
CONTINUOUS
 62
94
 2
NUDO_DERIVACION_IPCI
10
12.372285
20
25.53217
30
2.5
41
0.045
42
0.045
43
1
 50
0
 0
TEXT
 8
TEXTO_NUDOS
 6
CONTINUOUS
 62
94
10
12.372285
20
25.61592
30
2.5
11
12.372285
21
25.61592
31
2.5
 1
31
 7
ROMANS
 40
0.06
 41
1
 50
0
 72
1
 73
0
 0
INSERT
 8
UNIFILAR
 6
CONTINUOUS
 62
94
 2
NUDO_PASO_IPCI
10
23.441094
20
24.347123
30
2.5
41
0.02
42
0.02
43
1
 50
0
 0
INSERT
 8
UNIFILAR
 6
CONTINUOUS
 62
94
 2
ROCIADOR_AUTOMATICO_IPCI
10
30.564006
20
23.986536
30
2.5
41
0.04375
42
0.04375
43
1
 50
0
 0
TEXT
 8
TEXTO_NUDOS
 6
CONTINUOUS
 62
94
10
30.564006
20
24.102161
30
2.5
11
30.564006
21
24.102161
31
2.5
 1
41
 7
ROMANS
 40
0.06
 41
1
 50
0
 72
1
 73
0
 0
INSERT
 8
UNIFILAR
 6
CONTINUOUS
 62
94
 2
ROCIADOR_AUTOMATICO_IPCI
10
26.926059
20
23.370475
30
2.5
41
0.04375
42
0.04375
43
1
 50
0
 0
TEXT
 8
TEXTO_NUDOS
 6
CONTINUOUS
 62
94
10
26.926059
20
23.4861
30
2.5
11
26.926059
21
23.4861
31
2.5
 1
40
 7
ROMANS
 40
0.06
 41
1
 50
0
 72
1
 73
0
 0
INSERT
 8
UNIFILAR
 6
CONTINUOUS
 62
94
 2
NUDO_PASO_IPCI
10
24.5531
20
23.370475
30
2.5
41
0.02
42
0.02
43
1
 50
0
 0
INSERT
 8
UNIFILAR
 6
CONTINUOUS
 62
94
 2
NUDO_PASO_IPCI
10
30.564006
20
23.370475
30
2.5
41
0.02
42
0.02
43
1
 50
0
 0
INSERT
 8
UNIFILAR
 6
CONTINUOUS
 62
94
 2
ROCIADOR_AUTOMATICO_IPCI
10
6.891743
20
21.982186
30
2.5
41
0.04375
42
0.04375
43
1
 50
0
 0
TEXT
 8
TEXTO_NUDOS
 6
CONTINUOUS
 62
94
10
6.891743
20
22.097811
30
2.5
11
6.891743
21
22.097811
31
2.5
 1
42
 7
ROMANS
 40
0.06
 41
1
 50
0
 72
1
 73
0
 0
INSERT
 8
UNIFILAR
 6
CONTINUOUS
 62
94
 2
ROCIADOR_AUTOMATICO_IPCI
10
3.40177
20
21.983493
30
1.38
41
0.04375
42
0.04375
43
1
 50
0
 0
TEXT
 8
TEXTO_NUDOS
 6
CONTINUOUS
 62
94
10
3.40177
20
22.099118
30
1.38
11
3.40177
21
22.099118
31
1.38
 1
43
 7
ROMANS
 40
0.06
 41
1
 50
0
 72
1
 73
0
 0
INSERT
 8
UNIFILAR
 6
CONTINUOUS
 62
94
 2
NUDO_DERIVACION_IPCI
10
7.331632
20
21.982186
30
2.5
41
0.045
42
0.045
43
1
 50
0
 0
TEXT
 8
TEXTO_NUDOS
 6
CONTINUOUS
 62
94
10
7.331632
20
22.065936
30
2.5
11
7.331632
21
22.065936
31
2.5
 1
25
 7
ROMANS
 40
0.06
 41
1
 50
0
 72
1
 73
0
 0
INSERT
 8
UNIFILAR
 6
CONTINUOUS
 62
94
 2
NUDO_PASO_IPCI
10
5.921743
20
21.982186
30
2.5
41
0.02
42
0.02
43
1
 50
0
 0
INSERT
 8
UNIFILAR
 6
CONTINUOUS
 62
94
 2
NUDO_PASO_IPCI
10
4.161744
20
21.983493
30
1.38
41
0.02
42
0.02
43
1
 50
0
 0
LINE
 8
UNIFILAR
 6
CONTINUOUS
 62
94
10
4.707447
20
18.749937
30
2.5
11
7.297882
21
18.749931
31
2.5
 0
TEXT
 8
TEXTO_RAMAS
 6
CONTINUOUS
 62
94
10
5.986727
20
18.799934
30
2.5
11
5.986727
21
18.799934
31
2.5
 1
9 Ø1"
 7
ROMANS
 40
0.06
 41
1
 50
359.999861
 72
1
 73
0
 0
TEXT
 8
TEXTO_RAMAS
 6
CONTINUOUS
 62
94
10
5.986727
20
18.699934
30
2.5
11
5.986727
21
18.699934
31
2.5
 1
2.69m
 7
ROMANS
 40
0.06
 41
1
 50
359.999861
 72
1
 73
3
 0
LINE
 8
UNIFILAR
 6
CONTINUOUS
 62
94
10
8.349101
20
17.934587
30
2.5
11
7.363408
21
17.934587
31
2.5
 0
TEXT
 8
TEXTO_RAMAS
 6
CONTINUOUS
 62
94
10
7.872192
20
17.984587
30
2.5
11
7.872192
21
17.984587
31
2.5
 1
11 Ø1"
 7
ROMANS
 40
0.06
 41
1
 50
0
 72
1
 73
0
 0
TEXT
 8
TEXTO_RAMAS
 6
CONTINUOUS
 62
94
10
7.872192
20
17.884587
30
2.5
11
7.872192
21
17.884587
31
2.5
 1
1.09m
 7
ROMANS
 40
0.06
 41
1
 50
0
 72
1
 73
3
 0
LINE
 8
UNIFILAR
 6
CONTINUOUS
 62
94
10
7.33155
20
18.716181
30
2.5
11
7.32974
21
17.968337
31
2.5
 0
TEXT
 8
TEXTO_RAMAS
 6
CONTINUOUS
 62
94
10
7.280645
20
18.34238
30
2.5
11
7.280645
21
18.34238
31
2.5
 1
10 Ø1 1/4"
 7
ROMANS
 40
0.06
 41
1
 50
89.861308
 72
1
 73
0
 0
TEXT
 8
TEXTO_RAMAS
 6
CONTINUOUS
 62
94
10
7.380645
20
18.342138
30
2.5
11
7.380645
21
18.342138
31
2.5
 1
0.82m
 7
ROMANS
 40
0.06
 41
1
 50
89.861308
 72
1
 73
3
 0
LINE
 8
UNIFILAR
 6
CONTINUOUS
 62
94
10
7.329658
20
17.900837
30
2.5
11
7.329658
21
16.45179
31
2.5
 0
LINE
 8
UNIFILAR
 6
CONTINUOUS
 62
94
10
7.344658
20
16.43679
30
2.5
11
12.338535
21
16.43679
31
2.5
 0
TEXT
 8
TEXTO_RAMAS
 6
CONTINUOUS
 62
94
10
9.850972
20
16.48679
30
2.5
11
9.850972
21
16.48679
31
2.5
 1
12 Ø1 1/4"
 7
ROMANS
 40
0.06
 41
1
 50
0
 72
1
 73
0
 0
TEXT
 8
TEXTO_RAMAS
 6
CONTINUOUS
 62
94
10
9.850972
20
16.38679
30
2.5
11
9.850972
21
16.38679
31
2.5
 1
6.54m
 7
ROMANS
 40
0.06
 41
1
 50
0
 72
1
 73
3
 0
LINE
 8
UNIFILAR
 6
CONTINUOUS
 62
94
10
7.633851
20
19.875238
30
0
11
7.34294
21
19.875238
31
0
 0
LINE
 8
UNIFILAR
 6
CONTINUOUS
 62
94
10
7.32794
20
19.875238
30
0
11
7.330846
21
19.872961
31
1.5
 0
TEXT
 8
TEXTO_RAMAS
 6
CONTINUOUS
 62
94
10
7.497395
20
19.925238
30
0
11
7.497395
21
19.925238
31
0
 1
6 Ø1 1/4"
 7
ROMANS
 40
0.06
 41
1
 50
0
 72
1
 73
0
 0
TEXT
 8
TEXTO_RAMAS
 6
CONTINUOUS
 62
94
10
7.497395
20
19.825238
30
0
11
7.497395
21
19.825238
31
0
 1
0.34m
 7
ROMANS
 40
0.06
 41
1
 50
0
 72
1
 73
3
 0
LINE
 8
UNIFILAR
 6
CONTINUOUS
 62
94
10
7.330846
20
19.872961
30
1.5
11
7.331632
21
19.872186
31
2.5
 0
TEXT
 8
TEXTO_RAMAS
 6
CONTINUOUS
 62
94
10
7.366335
20
19.908187
30
2
11
7.366335
21
19.908187
31
2
 1
7 Ø1 1/4"
 7
ROMANS
 40
0.06
 41
1
 50
315.419321
 72
1
 73
0
 0
TEXT
 8
TEXTO_RAMAS
 6
CONTINUOUS
 62
94
10
7.296143
20
19.836961
30
2
11
7.296143
21
19.836961
31
2
 1
0m
 7
ROMANS
 40
0.06
 41
1
 50
315.419321
 72
1
 73
3
 0
LINE
 8
UNIFILAR
 6
CONTINUOUS
 62
94
10
7.300841
20
19.888413
30
1.5
11
6.821615
21
20.135194
31
1.5
 0
TEXT
 8
TEXTO_RAMAS
 6
CONTINUOUS
 62
94
10
7.052446
20
20.072565
30
1.5
11
7.052446
21
20.072565
31
1.5
 1
43 Ø1 1/4"
 7
ROMANS
 40
0.06
 41
1
 50
332.753468
 72
1
 73
0
 0
TEXT
 8
TEXTO_RAMAS
 6
CONTINUOUS
 62
94
10
7.006664
20
19.983661
30
1.5
11
7.006664
21
19.983661
31
1.5
 1
0.68m
 7
ROMANS
 40
0.06
 41
1
 50
332.753468
 72
1
 73
3
 0
LINE
 8
UNIFILAR
 6
CONTINUOUS
 62
94
10
7.331632
20
19.838436
30
2.5
11
7.331632
21
18.783681
31
2.5
 0
TEXT
 8
TEXTO_RAMAS
 6
CONTINUOUS
 62
94
10
7.281632
20
19.311059
30
2.5
11
7.281632
21
19.311059
31
2.5
 1
8 Ø1 1/4"
 7
ROMANS
 40
0.06
 41
1
 50
90
 72
1
 73
0
 0
TEXT
 8
TEXTO_RAMAS
 6
CONTINUOUS
 62
94
10
7.381632
20
19.311059
30
2.5
11
7.381632
21
19.311059
31
2.5
 1
1.12m
 7
ROMANS
 40
0.06
 41
1
 50
90
 72
1
 73
3
 0
LINE
 8
UNIFILAR
 6
CONTINUOUS
 62
94
10
12.372285
20
16.47054
30
2.5
11
12.372285
21
18.48304
31
2.5
 0
TEXT
 8
TEXTO_RAMAS
 6
CONTINUOUS
 62
94
10
12.322285
20
17.47679
30
2.5
11
12.322285
21
17.47679
31
2.5
 1
13 Ø1"
 7
ROMANS
 40
0.06
 41
1
 50
90
 72
1
 73
0
 0
TEXT
 8
TEXTO_RAMAS
 6
CONTINUOUS
 62
94
10
12.422285
20
17.47679
30
2.5
11
12.422285
21
17.47679
31
2.5
 1
2.08m
 7
ROMANS
 40
0.06
 41
1
 50
90
 72
1
 73
3
 0
LINE
 8
UNIFILAR
 6
CONTINUOUS
 62
94
10
12.406035
20
18.51679
30
2.5
11
13.891806
21
18.51679
31
2.5
 0
TEXT
 8
TEXTO_RAMAS
 6
CONTINUOUS
 62
94
10
13.164858
20
18.56679
30
2.5
11
13.164858
21
18.56679
31
2.5
 1
14 Ø1"
 7
ROMANS
 40
0.06
 41
1
 50
0
 72
1
 73
0
 0
TEXT
 8
TEXTO_RAMAS
 6
CONTINUOUS
 62
94
10
13.164858
20
18.46679
30
2.5
11
13.164858
21
18.46679
31
2.5
 1
1.59m
 7
ROMANS
 40
0.06
 41
1
 50
360
 72
1
 73
3
 0
LINE
 8
UNIFILAR
 6
CONTINUOUS
 62
94
10
12.406035
20
16.43679
30
2.5
11
16.230664
21
16.43679
31
2.5
 0
TEXT
 8
TEXTO_RAMAS
 6
CONTINUOUS
 62
94
10
14.334287
20
16.48679
30
2.5
11
14.334287
21
16.48679
31
2.5
 1
16 Ø1 1/4"
 7
ROMANS
 40
0.06
 41
1
 50
0
 72
1
 73
0
 0
TEXT
 8
TEXTO_RAMAS
 6
CONTINUOUS
 62
94
10
14.334287
20
16.38679
30
2.5
11
14.334287
21
16.38679
31
2.5
 1
3.92m
 7
ROMANS
 40
0.06
 41
1
 50
0
 72
1
 73
3
 0
LINE
 8
UNIFILAR
 6
CONTINUOUS
 62
94
10
16.361914
20
16.43679
30
2.5
11
19.612012
21
16.43679
31
2.5
 0
LINE
 8
UNIFILAR
 6
CONTINUOUS
 62
94
10
19.627012
20
16.45179
30
2.5
11
19.627034
21
17.603435
31
2.5
 0
TEXT
 8
TEXTO_RAMAS
 6
CONTINUOUS
 62
94
10
17.96165
20
16.48679
30
2.5
11
17.96165
21
16.48679
31
2.5
 1
17 Ø1 1/4"
 7
ROMANS
 40
0.06
 41
1
 50
0
 72
1
 73
0
 0
TEXT
 8
TEXTO_RAMAS
 6
CONTINUOUS
 62
94
10
17.96165
20
16.38679
30
2.5
11
17.96165
21
16.38679
31
2.5
 1
4.56m
 7
ROMANS
 40
0.06
 41
1
 50
0
 72
1
 73
3
 0
LINE
 8
UNIFILAR
 6
CONTINUOUS
 62
94
10
19.69266
20
17.66906
30
2.5
11
22.10141
21
17.66906
31
2.5
 0
TEXT
 8
TEXTO_RAMAS
 6
CONTINUOUS
 62
94
10
20.897035
20
17.71906
30
2.5
11
20.897035
21
17.71906
31
2.5
 1
18 Ø1"
 7
ROMANS
 40
0.06
 41
1
 50
0
 72
1
 73
0
 0
TEXT
 8
TEXTO_RAMAS
 6
CONTINUOUS
 62
94
10
20.897035
20
17.61906
30
2.5
11
20.897035
21
17.61906
31
2.5
 1
2.54m
 7
ROMANS
 40
0.06
 41
1
 50
360
 72
1
 73
3
 0
LINE
 8
UNIFILAR
 6
CONTINUOUS
 62
94
10
19.627029
20
17.734685
30
2.5
11
19.626854
21
19.671488
31
2.5
 0
TEXT
 8
TEXTO_RAMAS
 6
CONTINUOUS
 62
94
10
19.676943
20
18.687154
30
2.5
11
19.676943
21
18.687154
31
2.5
 1
19 Ø1 1/4"
 7
ROMANS
 40
0.06
 41
1
 50
270.005183
 72
1
 73
0
 0
TEXT
 8
TEXTO_RAMAS
 6
CONTINUOUS
 62
94
10
19.576943
20
18.687145
30
2.5
11
19.576943
21
18.687145
31
2.5
 1
2.04m
 7
ROMANS
 40
0.06
 41
1
 50
270.005183
 72
1
 73
3
 0
LINE
 8
UNIFILAR
 6
CONTINUOUS
 62
94
10
12.344017
20
18.535228
30
2.5
11
10.64725
21
19.642012
31
2.5
 0
TEXT
 8
TEXTO_RAMAS
 6
CONTINUOUS
 62
94
10
11.509601
20
19.139206
30
2.5
11
11.509601
21
19.139206
31
2.5
 1
15 Ø1"
 7
ROMANS
 40
0.06
 41
1
 50
326.88401
 72
1
 73
0
 0
TEXT
 8
TEXTO_RAMAS
 6
CONTINUOUS
 62
94
10
11.454968
20
19.055449
30
2.5
11
11.454968
21
19.055449
31
2.5
 1
2.13m
 7
ROMANS
 40
0.06
 41
1
 50
326.88401
 72
1
 73
3
 0
LINE
 8
UNIFILAR
 6
CONTINUOUS
 62
94
10
19.602986
20
19.729103
30
2.5
11
18.471173
21
20.860916
31
2.5
 0
TEXT
 8
TEXTO_RAMAS
 6
CONTINUOUS
 62
94
10
19.061165
20
20.341635
30
2.5
11
19.061165
21
20.341635
31
2.5
 1
20 Ø1"
 7
ROMANS
 40
0.06
 41
1
 50
315
 72
1
 73
0
 0
TEXT
 8
TEXTO_RAMAS
 6
CONTINUOUS
 62
94
10
18.990455
20
20.270924
30
2.5
11
18.990455
21
20.270924
31
2.5
 1
1.7m
 7
ROMANS
 40
0.06
 41
1
 50
315
 72
1
 73
3
 0
LINE
 8
UNIFILAR
 6
CONTINUOUS
 62
94
10
19.660601
20
19.705238
30
2.5
11
22.515475
21
19.705238
31
2.5
 0
TEXT
 8
TEXTO_RAMAS
 6
CONTINUOUS
 62
94
10
21.103975
20
19.755238
30
2.5
11
21.103975
21
19.755238
31
2.5
 1
21 Ø1 1/4"
 7
ROMANS
 40
0.06
 41
1
 50
0
 72
1
 73
0
 0
TEXT
 8
TEXTO_RAMAS
 6
CONTINUOUS
 62
94
10
21.103975
20
19.655238
30
2.5
11
21.103975
21
19.655238
31
2.5
 1
2.95m
 7
ROMANS
 40
0.06
 41
1
 50
0
 72
1
 73
3
 0
LINE
 8
UNIFILAR
 6
CONTINUOUS
 62
94
10
22.646725
20
19.704979
30
2.5
11
23.426094
21
19.701896
31
2.5
 0
LINE
 8
UNIFILAR
 6
CONTINUOUS
 62
94
10
23.452364
20
19.711735
30
2.5
11
24.54183
21
20.668586
31
2.5
 0
LINE
 8
UNIFILAR
 6
CONTINUOUS
 62
94
10
24.5681
20
20.678485
30
2.5
11
26.860434
21
20.678485
31
2.5
 0
TEXT
 8
TEXTO_RAMAS
 6
CONTINUOUS
 62
94
10
25.739579
20
20.728485
30
2.5
11
25.739579
21
20.728485
31
2.5
 1
22 Ø1"
 7
ROMANS
 40
0.06
 41
1
 50
0
 72
1
 73
0
 0
TEXT
 8
TEXTO_RAMAS
 6
CONTINUOUS
 62
94
10
25.739579
20
20.628485
30
2.5
11
25.739579
21
20.628485
31
2.5
 1
4.71m
 7
ROMANS
 40
0.06
 41
1
 50
0
 72
1
 73
3
 0
LINE
 8
UNIFILAR
 6
CONTINUOUS
 62
94
10
26.991684
20
20.678485
30
2.5
11
30.549006
21
20.678485
31
2.5
 0
LINE
 8
UNIFILAR
 6
CONTINUOUS
 62
94
10
30.564006
20
20.663485
30
2.5
11
30.564006
21
20.128048
31
2.5
 0
TEXT
 8
TEXTO_RAMAS
 6
CONTINUOUS
 62
94
10
28.745032
20
20.728485
30
2.5
11
28.745032
21
20.728485
31
2.5
 1
23 Ø1"
 7
ROMANS
 40
0.06
 41
1
 50
0
 72
1
 73
0
 0
TEXT
 8
TEXTO_RAMAS
 6
CONTINUOUS
 62
94
10
28.745032
20
20.628485
30
2.5
11
28.745032
21
20.628485
31
2.5
 1
4.25m
 7
ROMANS
 40
0.06
 41
1
 50
0
 72
1
 73
3
 0
LINE
 8
UNIFILAR
 6
CONTINUOUS
 62
94
10
4.707447
20
25.299022
30
2.5
11
7.297882
21
25.299029
31
2.5
 0
TEXT
 8
TEXTO_RAMAS
 6
CONTINUOUS
 62
94
10
5.986727
20
25.349026
30
2.5
11
5.986727
21
25.349026
31
2.5
 1
26 Ø1"
 7
ROMANS
 40
0.06
 41
1
 50
0.000139
 72
1
 73
0
 0
TEXT
 8
TEXTO_RAMAS
 6
CONTINUOUS
 62
94
10
5.986727
20
25.249026
30
2.5
11
5.986727
21
25.249026
31
2.5
 1
2.69m
 7
ROMANS
 40
0.06
 41
1
 50
0.000139
 72
1
 73
3
 0
LINE
 8
UNIFILAR
 6
CONTINUOUS
 62
94
10
8.349101
20
26.114372
30
2.5
11
7.363408
21
26.114372
31
2.5
 0
TEXT
 8
TEXTO_RAMAS
 6
CONTINUOUS
 62
94
10
7.872192
20
26.164372
30
2.5
11
7.872192
21
26.164372
31
2.5
 1
28 Ø1"
 7
ROMANS
 40
0.06
 41
1
 50
0
 72
1
 73
0
 0
TEXT
 8
TEXTO_RAMAS
 6
CONTINUOUS
 62
94
10
7.872192
20
26.064372
30
2.5
11
7.872192
21
26.064372
31
2.5
 1
1.09m
 7
ROMANS
 40
0.06
 41
1
 50
0
 72
1
 73
3
 0
LINE
 8
UNIFILAR
 6
CONTINUOUS
 62
94
10
7.33155
20
25.332779
30
2.5
11
7.32974
21
26.080622
31
2.5
 0
TEXT
 8
TEXTO_RAMAS
 6
CONTINUOUS
 62
94
10
7.380645
20
25.706822
30
2.5
11
7.380645
21
25.706822
31
2.5
 1
27 Ø1 1/4"
 7
ROMANS
 40
0.06
 41
1
 50
270.138692
 72
1
 73
0
 0
TEXT
 8
TEXTO_RAMAS
 6
CONTINUOUS
 62
94
10
7.280645
20
25.706579
30
2.5
11
7.280645
21
25.706579
31
2.5
 1
0.82m
 7
ROMANS
 40
0.06
 41
1
 50
270.138692
 72
1
 73
3
 0
LINE
 8
UNIFILAR
 6
CONTINUOUS
 62
94
10
7.329658
20
26.148122
30
2.5
11
7.329658
21
27.59717
31
2.5
 0
LINE
 8
UNIFILAR
 6
CONTINUOUS
 62
94
10
7.344658
20
27.61217
30
2.5
11
12.338535
21
27.61217
31
2.5
 0
TEXT
 8
TEXTO_RAMAS
 6
CONTINUOUS
 62
94
10
9.850972
20
27.66217
30
2.5
11
9.850972
21
27.66217
31
2.5
 1
29 Ø1 1/4"
 7
ROMANS
 40
0.06
 41
1
 50
0
 72
1
 73
0
 0
TEXT
 8
TEXTO_RAMAS
 6
CONTINUOUS
 62
94
10
9.850972
20
27.56217
30
2.5
11
9.850972
21
27.56217
31
2.5
 1
6.54m
 7
ROMANS
 40
0.06
 41
1
 50
0
 72
1
 73
3
 0
LINE
 8
UNIFILAR
 6
CONTINUOUS
 62
94
10
12.372285
20
27.57842
30
2.5
11
12.372285
21
25.56592
31
2.5
 0
TEXT
 8
TEXTO_RAMAS
 6
CONTINUOUS
 62
94
10
12.322285
20
26.57217
30
2.5
11
12.322285
21
26.57217
31
2.5
 1
30 Ø1"
 7
ROMANS
 40
0.06
 41
1
 50
90
 72
1
 73
0
 0
TEXT
 8
TEXTO_RAMAS
 6
CONTINUOUS
 62
94
10
12.422285
20
26.57217
30
2.5
11
12.422285
21
26.57217
31
2.5
 1
2.08m
 7
ROMANS
 40
0.06
 41
1
 50
90
 72
1
 73
3
 0
LINE
 8
UNIFILAR
 6
CONTINUOUS
 62
94
10
12.406035
20
25.53217
30
2.5
11
13.891806
21
25.53217
31
2.5
 0
TEXT
 8
TEXTO_RAMAS
 6
CONTINUOUS
 62
94
10
13.164858
20
25.58217
30
2.5
11
13.164858
21
25.58217
31
2.5
 1
31 Ø1"
 7
ROMANS
 40
0.06
 41
1
 50
0
 72
1
 73
0
 0
TEXT
 8
TEXTO_RAMAS
 6
CONTINUOUS
 62
94
10
13.164858
20
25.48217
30
2.5
11
13.164858
21
25.48217
31
2.5
 1
1.59m
 7
ROMANS
 40
0.06
 41
1
 50
0
 72
1
 73
3
 0
LINE
 8
UNIFILAR
 6
CONTINUOUS
 62
94
10
12.406035
20
27.61217
30
2.5
11
16.230664
21
27.61217
31
2.5
 0
TEXT
 8
TEXTO_RAMAS
 6
CONTINUOUS
 62
94
10
14.334287
20
27.66217
30
2.5
11
14.334287
21
27.66217
31
2.5
 1
33 Ø1 1/4"
 7
ROMANS
 40
0.06
 41
1
 50
0
 72
1
 73
0
 0
TEXT
 8
TEXTO_RAMAS
 6
CONTINUOUS
 62
94
10
14.334287
20
27.56217
30
2.5
11
14.334287
21
27.56217
31
2.5
 1
3.92m
 7
ROMANS
 40
0.06
 41
1
 50
0
 72
1
 73
3
 0
LINE
 8
UNIFILAR
 6
CONTINUOUS
 62
94
10
16.361914
20
27.61217
30
2.5
11
19.612012
21
27.61217
31
2.5
 0
LINE
 8
UNIFILAR
 6
CONTINUOUS
 62
94
10
19.627012
20
27.59717
30
2.5
11
19.627034
21
26.445524
31
2.5
 0
TEXT
 8
TEXTO_RAMAS
 6
CONTINUOUS
 62
94
10
17.96165
20
27.66217
30
2.5
11
17.96165
21
27.66217
31
2.5
 1
34 Ø1 1/4"
 7
ROMANS
 40
0.06
 41
1
 50
0
 72
1
 73
0
 0
TEXT
 8
TEXTO_RAMAS
 6
CONTINUOUS
 62
94
10
17.96165
20
27.56217
30
2.5
11
17.96165
21
27.56217
31
2.5
 1
4.56m
 7
ROMANS
 40
0.06
 41
1
 50
0
 72
1
 73
3
 0
LINE
 8
UNIFILAR
 6
CONTINUOUS
 62
94
10
19.69266
20
26.379899
30
2.5
11
22.10141
21
26.379899
31
2.5
 0
TEXT
 8
TEXTO_RAMAS
 6
CONTINUOUS
 62
94
10
20.897035
20
26.429899
30
2.5
11
20.897035
21
26.429899
31
2.5
 1
35 Ø1"
 7
ROMANS
 40
0.06
 41
1
 50
0
 72
1
 73
0
 0
TEXT
 8
TEXTO_RAMAS
 6
CONTINUOUS
 62
94
10
20.897035
20
26.329899
30
2.5
11
20.897035
21
26.329899
31
2.5
 1
2.54m
 7
ROMANS
 40
0.06
 41
1
 50
0
 72
1
 73
3
 0
LINE
 8
UNIFILAR
 6
CONTINUOUS
 62
94
10
19.627029
20
26.314274
30
2.5
11
19.626854
21
24.377471
31
2.5
 0
TEXT
 8
TEXTO_RAMAS
 6
CONTINUOUS
 62
94
10
19.576943
20
25.361815
30
2.5
11
19.576943
21
25.361815
31
2.5
 1
36 Ø1 1/4"
 7
ROMANS
 40
0.06
 41
1
 50
89.994817
 72
1
 73
0
 0
TEXT
 8
TEXTO_RAMAS
 6
CONTINUOUS
 62
94
10
19.676943
20
25.361806
30
2.5
11
19.676943
21
25.361806
31
2.5
 1
2.04m
 7
ROMANS
 40
0.06
 41
1
 50
89.994817
 72
1
 73
3
 0
LINE
 8
UNIFILAR
 6
CONTINUOUS
 62
94
10
12.344017
20
25.513731
30
2.5
11
10.64725
21
24.406948
31
2.5
 0
TEXT
 8
TEXTO_RAMAS
 6
CONTINUOUS
 62
94
10
11.454968
20
24.993511
30
2.5
11
11.454968
21
24.993511
31
2.5
 1
32 Ø1"
 7
ROMANS
 40
0.06
 41
1
 50
33.11599
 72
1
 73
0
 0
TEXT
 8
TEXTO_RAMAS
 6
CONTINUOUS
 62
94
10
11.509601
20
24.909754
30
2.5
11
11.509601
21
24.909754
31
2.5
 1
2.13m
 7
ROMANS
 40
0.06
 41
1
 50
33.11599
 72
1
 73
3
 0
LINE
 8
UNIFILAR
 6
CONTINUOUS
 62
94
10
19.602986
20
24.319856
30
2.5
11
18.471173
21
23.188044
31
2.5
 0
TEXT
 8
TEXTO_RAMAS
 6
CONTINUOUS
 62
94
10
18.990455
20
23.778036
30
2.5
11
18.990455
21
23.778036
31
2.5
 1
37 Ø1"
 7
ROMANS
 40
0.06
 41
1
 50
45
 72
1
 73
0
 0
TEXT
 8
TEXTO_RAMAS
 6
CONTINUOUS
 62
94
10
19.061165
20
23.707325
30
2.5
11
19.061165
21
23.707325
31
2.5
 1
1.7m
 7
ROMANS
 40
0.06
 41
1
 50
45
 72
1
 73
3
 0
LINE
 8
UNIFILAR
 6
CONTINUOUS
 62
94
10
19.660601
20
24.343721
30
2.5
11
22.515475
21
24.343721
31
2.5
 0
TEXT
 8
TEXTO_RAMAS
 6
CONTINUOUS
 62
94
10
21.103975
20
24.393721
30
2.5
11
21.103975
21
24.393721
31
2.5
 1
38 Ø1 1/4"
 7
ROMANS
 40
0.06
 41
1
 50
0
 72
1
 73
0
 0
TEXT
 8
TEXTO_RAMAS
 6
CONTINUOUS
 62
94
10
21.103975
20
24.293721
30
2.5
11
21.103975
21
24.293721
31
2.5
 1
2.95m
 7
ROMANS
 40
0.06
 41
1
 50
0
 72
1
 73
3
 0
LINE
 8
UNIFILAR
 6
CONTINUOUS
 62
94
10
22.646725
20
24.343981
30
2.5
11
23.426094
21
24.347064
31
2.5
 0
LINE
 8
UNIFILAR
 6
CONTINUOUS
 62
94
10
23.452364
20
24.337225
30
2.5
11
24.54183
21
23.380374
31
2.5
 0
LINE
 8
UNIFILAR
 6
CONTINUOUS
 62
94
10
24.5681
20
23.370475
30
2.5
11
26.860434
21
23.370475
31
2.5
 0
TEXT
 8
TEXTO_RAMAS
 6
CONTINUOUS
 62
94
10
25.739579
20
23.420475
30
2.5
11
25.739579
21
23.420475
31
2.5
 1
39 Ø1"
 7
ROMANS
 40
0.06
 41
1
 50
0
 72
1
 73
0
 0
TEXT
 8
TEXTO_RAMAS
 6
CONTINUOUS
 62
94
10
25.739579
20
23.320475
30
2.5
11
25.739579
21
23.320475
31
2.5
 1
4.71m
 7
ROMANS
 40
0.06
 41
1
 50
0
 72
1
 73
3
 0
LINE
 8
UNIFILAR
 6
CONTINUOUS
 62
94
10
26.991684
20
23.370475
30
2.5
11
30.549006
21
23.370475
31
2.5
 0
LINE
 8
UNIFILAR
 6
CONTINUOUS
 62
94
10
30.564006
20
23.385475
30
2.5
11
30.564006
21
23.920911
31
2.5
 0
TEXT
 8
TEXTO_RAMAS
 6
CONTINUOUS
 62
94
10
28.745032
20
23.420475
30
2.5
11
28.745032
21
23.420475
31
2.5
 1
40 Ø1"
 7
ROMANS
 40
0.06
 41
1
 50
360
 72
1
 73
0
 0
TEXT
 8
TEXTO_RAMAS
 6
CONTINUOUS
 62
94
10
28.745032
20
23.320475
30
2.5
11
28.745032
21
23.320475
31
2.5
 1
4.25m
 7
ROMANS
 40
0.06
 41
1
 50
360
 72
1
 73
3
 0
LINE
 8
UNIFILAR
 6
CONTINUOUS
 62
94
10
7.331632
20
19.905936
30
2.5
11
7.331632
21
21.948436
31
2.5
 0
TEXT
 8
TEXTO_RAMAS
 6
CONTINUOUS
 62
94
10
7.281632
20
20.927186
30
2.5
11
7.281632
21
20.927186
31
2.5
 1
24 Ø1 1/4"
 7
ROMANS
 40
0.06
 41
1
 50
90
 72
1
 73
0
 0
TEXT
 8
TEXTO_RAMAS
 6
CONTINUOUS
 62
94
10
7.381632
20
20.927186
30
2.5
11
7.381632
21
20.927186
31
2.5
 1
2.11m
 7
ROMANS
 40
0.06
 41
1
 50
90
 72
1
 73
3
 0
LINE
 8
UNIFILAR
 6
CONTINUOUS
 62
94
10
7.331632
20
22.015936
30
2.5
11
7.331632
21
25.265279
31
2.5
 0
TEXT
 8
TEXTO_RAMAS
 6
CONTINUOUS
 62
94
10
7.281632
20
23.640608
30
2.5
11
7.281632
21
23.640608
31
2.5
 1
25 Ø1 1/4"
 7
ROMANS
 40
0.06
 41
1
 50
90
 72
1
 73
0
 0
TEXT
 8
TEXTO_RAMAS
 6
CONTINUOUS
 62
94
10
7.381632
20
23.640608
30
2.5
11
7.381632
21
23.640608
31
2.5
 1
3.32m
 7
ROMANS
 40
0.06
 41
1
 50
90
 72
1
 73
3
 0
LINE
 8
UNIFILAR
 6
CONTINUOUS
 62
94
10
7.297882
20
21.982186
30
2.5
11
6.957368
21
21.982186
31
2.5
 0
TEXT
 8
TEXTO_RAMAS
 6
CONTINUOUS
 62
94
10
7.111688
20
22.032186
30
2.5
11
7.111688
21
22.032186
31
2.5
 1
41 Ø1"
 7
ROMANS
 40
0.06
 41
1
 50
0
 72
1
 73
0
 0
TEXT
 8
TEXTO_RAMAS
 6
CONTINUOUS
 62
94
10
7.111688
20
21.932186
30
2.5
11
7.111688
21
21.932186
31
2.5
 1
0.44m
 7
ROMANS
 40
0.06
 41
1
 50
0
 72
1
 73
3
 0
LINE
 8
UNIFILAR
 6
CONTINUOUS
 62
94
10
6.826118
20
21.982186
30
2.5
11
5.936743
21
21.982186
31
2.5
 0
LINE
 8
UNIFILAR
 6
CONTINUOUS
 62
94
10
5.906743
20
21.982198
30
2.5
11
4.176744
21
21.983481
31
1.38
 0
LINE
 8
UNIFILAR
 6
CONTINUOUS
 62
94
10
4.146744
20
21.983493
30
1.38
11
3.467395
21
21.983493
31
1.38
 0
TEXT
 8
TEXTO_RAMAS
 6
CONTINUOUS
 62
94
10
5.041781
20
22.032839
30
1.94
11
5.041781
21
22.032839
31
1.94
 1
42 Ø1"
 7
ROMANS
 40
0.06
 41
1
 50
359.957481
 72
1
 73
0
 0
TEXT
 8
TEXTO_RAMAS
 6
CONTINUOUS
 62
94
10
5.041706
20
21.932839
30
1.94
11
5.041706
21
21.932839
31
1.94
 1
3.49m
 7
ROMANS
 40
0.06
 41
1
 50
359.957481
 72
1
 73
3
 0
TEXT
 8
0
 6
CONTINUOUS
 62
7
10
17
20
15.326814
30
0
11
17
21
15.326814
31
0
 1
Planta Segunda
 7
ROMANS
 40
0.3
 41
1
 50
0
 72
1
 73
3
 0
INSERT
 8
UNIFILAR
 6
CONTINUOUS
 62
94
 2
CONEXION_PLANTAS_IPCI
10
7.666851
20
33.336112
30
0
41
0.022
42
0.022
43
1
 50
0
 0
TEXT
 8
TEXTO_NUDOS
 6
CONTINUOUS
 62
94
10
7.666851
20
33.419112
30
0
11
7.666851
21
33.419112
31
0
 1
45
 7
ROMANS
 40
0.06
 41
1
 50
0
 72
1
 73
0
 0
INSERT
 8
UNIFILAR
 6
CONTINUOUS
 62
94
 2
BOCA_INCENDIOS_IPCI
10
6.728264
20
33.644139
30
1.5
41
0.0525
42
0.0525
43
1
 50
332.5
 0
TEXT
 8
TEXTO_NUDOS
 6
CONTINUOUS
 62
94
10
6.728264
20
33.757139
30
1.5
11
6.728264
21
33.757139
31
1.5
 1
83
 7
ROMANS
 40
0.06
 41
1
 50
0
 72
1
 73
0
 0
INSERT
 8
UNIFILAR
 6
CONTINUOUS
 62
94
 2
NUDO_PASO_IPCI
10
7.329658
20
29.897663
30
2.5
41
0.02
42
0.02
43
1
 50
0
 0
INSERT
 8
UNIFILAR
 6
CONTINUOUS
 62
94
 2
NUDO_PASO_IPCI
10
19.627012
20
29.897663
30
2.5
41
0.02
42
0.02
43
1
 50
0
 0
INSERT
 8
UNIFILAR
 6
CONTINUOUS
 62
94
 2
NUDO_DERIVACION_IPCI
10
19.626851
20
33.166112
30
2.5
41
0.045
42
0.045
43
1
 50
0
 0
TEXT
 8
TEXTO_NUDOS
 6
CONTINUOUS
 62
94
10
19.626851
20
33.249862
30
2.5
11
19.626851
21
33.249862
31
2.5
 1
59
 7
ROMANS
 40
0.06
 41
1
 50
0
 72
1
 73
0
 0
INSERT
 8
UNIFILAR
 6
CONTINUOUS
 62
94
 2
ROCIADOR_AUTOMATICO_IPCI
10
8.414726
20
31.395461
30
2.5
41
0.04375
42
0.04375
43
1
 50
0
 0
TEXT
 8
TEXTO_NUDOS
 6
CONTINUOUS
 62
94
10
8.414726
20
31.511086
30
2.5
11
8.414726
21
31.511086
31
2.5
 1
51
 7
ROMANS
 40
0.06
 41
1
 50
0
 72
1
 73
0
 0
INSERT
 8
UNIFILAR
 6
CONTINUOUS
 62
94
 2
ROCIADOR_AUTOMATICO_IPCI
10
4.641822
20
32.210811
30
2.5
41
0.04375
42
0.04375
43
1
 50
0
 0
TEXT
 8
TEXTO_NUDOS
 6
CONTINUOUS
 62
94
10
4.641822
20
32.326436
30
2.5
11
4.641822
21
32.326436
31
2.5
 1
49
 7
ROMANS
 40
0.06
 41
1
 50
0
 72
1
 73
0
 0
INSERT
 8
UNIFILAR
 6
CONTINUOUS
 62
94
 2
NUDO_DERIVACION_IPCI
10
7.331632
20
32.210804
30
2.5
41
0.045
42
0.045
43
1
 50
0
 0
TEXT
 8
TEXTO_NUDOS
 6
CONTINUOUS
 62
94
10
7.331632
20
32.294554
30
2.5
11
7.331632
21
32.294554
31
2.5
 1
48
 7
ROMANS
 40
0.06
 41
1
 50
0
 72
1
 73
0
 0
INSERT
 8
UNIFILAR
 6
CONTINUOUS
 62
94
 2
NUDO_DERIVACION_IPCI
10
7.329658
20
31.395461
30
2.5
41
0.045
42
0.045
43
1
 50
0
 0
TEXT
 8
TEXTO_NUDOS
 6
CONTINUOUS
 62
94
10
7.329658
20
31.479211
30
2.5
11
7.329658
21
31.479211
31
2.5
 1
50
 7
ROMANS
 40
0.06
 41
1
 50
0
 72
1
 73
0
 0
INSERT
 8
UNIFILAR
 6
CONTINUOUS
 62
94
 2
NUDO_PASO_IPCI
10
7.32794
20
33.336112
30
0
41
0.02
42
0.02
43
1
 50
0
 0
INSERT
 8
UNIFILAR
 6
CONTINUOUS
 62
94
 2
NUDO_DERIVACION_IPCI
10
7.330846
20
33.333835
30
1.5
41
0.045
42
0.045
43
1
 50
0
 0
TEXT
 8
TEXTO_NUDOS
 6
CONTINUOUS
 62
94
10
7.330846
20
33.417585
30
1.5
11
7.330846
21
33.417585
31
1.5
 1
46
 7
ROMANS
 40
0.06
 41
1
 50
0
 72
1
 73
0
 0
INSERT
 8
UNIFILAR
 6
CONTINUOUS
 62
94
 2
NUDO_DERIVACION_IPCI
10
7.331632
20
33.33306
30
2.5
41
0.045
42
0.045
43
1
 50
0
 0
TEXT
 8
TEXTO_NUDOS
 6
CONTINUOUS
 62
94
10
7.331632
20
33.41681
30
2.5
11
7.331632
21
33.41681
31
2.5
 1
47
 7
ROMANS
 40
0.06
 41
1
 50
0
 72
1
 73
0
 0
INSERT
 8
UNIFILAR
 6
CONTINUOUS
 62
94
 2
ROCIADOR_AUTOMATICO_IPCI
10
10.592285
20
33.138739
30
2.5
41
0.04375
42
0.04375
43
1
 50
0
 0
TEXT
 8
TEXTO_NUDOS
 6
CONTINUOUS
 62
94
10
10.592285
20
33.254364
30
2.5
11
10.592285
21
33.254364
31
2.5
 1
55
 7
ROMANS
 40
0.06
 41
1
 50
0
 72
1
 73
0
 0
INSERT
 8
UNIFILAR
 6
CONTINUOUS
 62
94
 2
ROCIADOR_AUTOMATICO_IPCI
10
16.296289
20
29.897663
30
2.5
41
0.04375
42
0.04375
43
1
 50
0
 0
TEXT
 8
TEXTO_NUDOS
 6
CONTINUOUS
 62
94
10
16.296289
20
30.013288
30
2.5
11
16.296289
21
30.013288
31
2.5
 1
56
 7
ROMANS
 40
0.06
 41
1
 50
0
 72
1
 73
0
 0
INSERT
 8
UNIFILAR
 6
CONTINUOUS
 62
94
 2
ROCIADOR_AUTOMATICO_IPCI
10
18.424769
20
34.368193
30
2.5
41
0.04375
42
0.04375
43
1
 50
0
 0
TEXT
 8
TEXTO_NUDOS
 6
CONTINUOUS
 62
94
10
18.424769
20
34.483818
30
2.5
11
18.424769
21
34.483818
31
2.5
 1
60
 7
ROMANS
 40
0.06
 41
1
 50
0
 72
1
 73
0
 0
INSERT
 8
UNIFILAR
 6
CONTINUOUS
 62
94
 2
ROCIADOR_AUTOMATICO_IPCI
10
22.167035
20
31.129934
30
2.5
41
0.04375
42
0.04375
43
1
 50
0
 0
TEXT
 8
TEXTO_NUDOS
 6
CONTINUOUS
 62
94
10
22.167035
20
31.245559
30
2.5
11
22.167035
21
31.245559
31
2.5
 1
58
 7
ROMANS
 40
0.06
 41
1
 50
0
 72
1
 73
0
 0
INSERT
 8
UNIFILAR
 6
CONTINUOUS
 62
94
 2
ROCIADOR_AUTOMATICO_IPCI
10
19.627035
20
31.129934
30
2.5
41
0.04375
42
0.04375
43
1
 50
0
 0
TEXT
 8
TEXTO_NUDOS
 6
CONTINUOUS
 62
94
10
19.627035
20
31.245559
30
2.5
11
19.627035
21
31.245559
31
2.5
 1
57
 7
ROMANS
 40
0.06
 41
1
 50
0
 72
1
 73
0
 0
INSERT
 8
UNIFILAR
 6
CONTINUOUS
 62
94
 2
ROCIADOR_AUTOMATICO_IPCI
10
22.5811
20
33.166112
30
2.5
41
0.04375
42
0.04375
43
1
 50
0
 0
TEXT
 8
TEXTO_NUDOS
 6
CONTINUOUS
 62
94
10
22.5811
20
33.281737
30
2.5
11
22.5811
21
33.281737
31
2.5
 1
61
 7
ROMANS
 40
0.06
 41
1
 50
0
 72
1
 73
0
 0
INSERT
 8
UNIFILAR
 6
CONTINUOUS
 62
94
 2
NUDO_DERIVACION_IPCI
10
12.372285
20
29.897663
30
2.5
41
0.045
42
0.045
43
1
 50
0
 0
TEXT
 8
TEXTO_NUDOS
 6
CONTINUOUS
 62
94
10
12.372285
20
29.981413
30
2.5
11
12.372285
21
29.981413
31
2.5
 1
52
 7
ROMANS
 40
0.06
 41
1
 50
0
 72
1
 73
0
 0
INSERT
 8
UNIFILAR
 6
CONTINUOUS
 62
94
 2
ROCIADOR_AUTOMATICO_IPCI
10
13.957431
20
31.977663
30
2.5
41
0.04375
42
0.04375
43
1
 50
0
 0
TEXT
 8
TEXTO_NUDOS
 6
CONTINUOUS
 62
94
10
13.957431
20
32.093288
30
2.5
11
13.957431
21
32.093288
31
2.5
 1
54
 7
ROMANS
 40
0.06
 41
1
 50
0
 72
1
 73
0
 0
INSERT
 8
UNIFILAR
 6
CONTINUOUS
 62
94
 2
NUDO_DERIVACION_IPCI
10
12.372285
20
31.977663
30
2.5
41
0.045
42
0.045
43
1
 50
0
 0
TEXT
 8
TEXTO_NUDOS
 6
CONTINUOUS
 62
94
10
12.372285
20
32.061413
30
2.5
11
12.372285
21
32.061413
31
2.5
 1
53
 7
ROMANS
 40
0.06
 41
1
 50
0
 72
1
 73
0
 0
INSERT
 8
UNIFILAR
 6
CONTINUOUS
 62
94
 2
NUDO_PASO_IPCI
10
23.441094
20
33.16271
30
2.5
41
0.02
42
0.02
43
1
 50
0
 0
INSERT
 8
UNIFILAR
 6
CONTINUOUS
 62
94
 2
ROCIADOR_AUTOMATICO_IPCI
10
30.564006
20
33.523297
30
2.5
41
0.04375
42
0.04375
43
1
 50
0
 0
TEXT
 8
TEXTO_NUDOS
 6
CONTINUOUS
 62
94
10
30.564006
20
33.638922
30
2.5
11
30.564006
21
33.638922
31
2.5
 1
63
 7
ROMANS
 40
0.06
 41
1
 50
0
 72
1
 73
0
 0
INSERT
 8
UNIFILAR
 6
CONTINUOUS
 62
94
 2
ROCIADOR_AUTOMATICO_IPCI
10
26.926059
20
34.139358
30
2.5
41
0.04375
42
0.04375
43
1
 50
0
 0
TEXT
 8
TEXTO_NUDOS
 6
CONTINUOUS
 62
94
10
26.926059
20
34.254983
30
2.5
11
26.926059
21
34.254983
31
2.5
 1
62
 7
ROMANS
 40
0.06
 41
1
 50
0
 72
1
 73
0
 0
INSERT
 8
UNIFILAR
 6
CONTINUOUS
 62
94
 2
NUDO_PASO_IPCI
10
24.5531
20
34.139358
30
2.5
41
0.02
42
0.02
43
1
 50
0
 0
INSERT
 8
UNIFILAR
 6
CONTINUOUS
 62
94
 2
NUDO_PASO_IPCI
10
30.564006
20
34.139358
30
2.5
41
0.02
42
0.02
43
1
 50
0
 0
INSERT
 8
UNIFILAR
 6
CONTINUOUS
 62
94
 2
NUDO_PASO_IPCI
10
7.329658
20
41.073043
30
2.5
41
0.02
42
0.02
43
1
 50
0
 0
INSERT
 8
UNIFILAR
 6
CONTINUOUS
 62
94
 2
NUDO_PASO_IPCI
10
19.627012
20
41.073043
30
2.5
41
0.02
42
0.02
43
1
 50
0
 0
INSERT
 8
UNIFILAR
 6
CONTINUOUS
 62
94
 2
NUDO_DERIVACION_IPCI
10
19.626851
20
37.804595
30
2.5
41
0.045
42
0.045
43
1
 50
0
 0
TEXT
 8
TEXTO_NUDOS
 6
CONTINUOUS
 62
94
10
19.626851
20
37.888345
30
2.5
11
19.626851
21
37.888345
31
2.5
 1
76
 7
ROMANS
 40
0.06
 41
1
 50
0
 72
1
 73
0
 0
INSERT
 8
UNIFILAR
 6
CONTINUOUS
 62
94
 2
ROCIADOR_AUTOMATICO_IPCI
10
8.414726
20
39.575246
30
2.5
41
0.04375
42
0.04375
43
1
 50
0
 0
TEXT
 8
TEXTO_NUDOS
 6
CONTINUOUS
 62
94
10
8.414726
20
39.690871
30
2.5
11
8.414726
21
39.690871
31
2.5
 1
68
 7
ROMANS
 40
0.06
 41
1
 50
0
 72
1
 73
0
 0
INSERT
 8
UNIFILAR
 6
CONTINUOUS
 62
94
 2
ROCIADOR_AUTOMATICO_IPCI
10
4.641822
20
38.759896
30
2.5
41
0.04375
42
0.04375
43
1
 50
0
 0
TEXT
 8
TEXTO_NUDOS
 6
CONTINUOUS
 62
94
10
4.641822
20
38.875521
30
2.5
11
4.641822
21
38.875521
31
2.5
 1
66
 7
ROMANS
 40
0.06
 41
1
 50
0
 72
1
 73
0
 0
INSERT
 8
UNIFILAR
 6
CONTINUOUS
 62
94
 2
NUDO_DERIVACION_IPCI
10
7.331632
20
38.759902
30
2.5
41
0.045
42
0.045
43
1
 50
0
 0
TEXT
 8
TEXTO_NUDOS
 6
CONTINUOUS
 62
94
10
7.331632
20
38.843652
30
2.5
11
7.331632
21
38.843652
31
2.5
 1
65
 7
ROMANS
 40
0.06
 41
1
 50
0
 72
1
 73
0
 0
INSERT
 8
UNIFILAR
 6
CONTINUOUS
 62
94
 2
NUDO_DERIVACION_IPCI
10
7.329658
20
39.575246
30
2.5
41
0.045
42
0.045
43
1
 50
0
 0
TEXT
 8
TEXTO_NUDOS
 6
CONTINUOUS
 62
94
10
7.329658
20
39.658996
30
2.5
11
7.329658
21
39.658996
31
2.5
 1
67
 7
ROMANS
 40
0.06
 41
1
 50
0
 72
1
 73
0
 0
INSERT
 8
UNIFILAR
 6
CONTINUOUS
 62
94
 2
ROCIADOR_AUTOMATICO_IPCI
10
10.592285
20
37.831968
30
2.5
41
0.04375
42
0.04375
43
1
 50
0
 0
TEXT
 8
TEXTO_NUDOS
 6
CONTINUOUS
 62
94
10
10.592285
20
37.947593
30
2.5
11
10.592285
21
37.947593
31
2.5
 1
72
 7
ROMANS
 40
0.06
 41
1
 50
0
 72
1
 73
0
 0
INSERT
 8
UNIFILAR
 6
CONTINUOUS
 62
94
 2
ROCIADOR_AUTOMATICO_IPCI
10
16.296289
20
41.073043
30
2.5
41
0.04375
42
0.04375
43
1
 50
0
 0
TEXT
 8
TEXTO_NUDOS
 6
CONTINUOUS
 62
94
10
16.296289
20
41.188668
30
2.5
11
16.296289
21
41.188668
31
2.5
 1
73
 7
ROMANS
 40
0.06
 41
1
 50
0
 72
1
 73
0
 0
INSERT
 8
UNIFILAR
 6
CONTINUOUS
 62
94
 2
ROCIADOR_AUTOMATICO_IPCI
10
18.424769
20
36.602513
30
2.5
41
0.04375
42
0.04375
43
1
 50
0
 0
TEXT
 8
TEXTO_NUDOS
 6
CONTINUOUS
 62
94
10
18.424769
20
36.718138
30
2.5
11
18.424769
21
36.718138
31
2.5
 1
77
 7
ROMANS
 40
0.06
 41
1
 50
0
 72
1
 73
0
 0
INSERT
 8
UNIFILAR
 6
CONTINUOUS
 62
94
 2
ROCIADOR_AUTOMATICO_IPCI
10
22.167035
20
39.840773
30
2.5
41
0.04375
42
0.04375
43
1
 50
0
 0
TEXT
 8
TEXTO_NUDOS
 6
CONTINUOUS
 62
94
10
22.167035
20
39.956398
30
2.5
11
22.167035
21
39.956398
31
2.5
 1
75
 7
ROMANS
 40
0.06
 41
1
 50
0
 72
1
 73
0
 0
INSERT
 8
UNIFILAR
 6
CONTINUOUS
 62
94
 2
ROCIADOR_AUTOMATICO_IPCI
10
19.627035
20
39.840773
30
2.5
41
0.04375
42
0.04375
43
1
 50
0
 0
TEXT
 8
TEXTO_NUDOS
 6
CONTINUOUS
 62
94
10
19.627035
20
39.956398
30
2.5
11
19.627035
21
39.956398
31
2.5
 1
74
 7
ROMANS
 40
0.06
 41
1
 50
0
 72
1
 73
0
 0
INSERT
 8
UNIFILAR
 6
CONTINUOUS
 62
94
 2
ROCIADOR_AUTOMATICO_IPCI
10
22.5811
20
37.804595
30
2.5
41
0.04375
42
0.04375
43
1
 50
0
 0
TEXT
 8
TEXTO_NUDOS
 6
CONTINUOUS
 62
94
10
22.5811
20
37.92022
30
2.5
11
22.5811
21
37.92022
31
2.5
 1
78
 7
ROMANS
 40
0.06
 41
1
 50
0
 72
1
 73
0
 0
INSERT
 8
UNIFILAR
 6
CONTINUOUS
 62
94
 2
NUDO_DERIVACION_IPCI
10
12.372285
20
41.073043
30
2.5
41
0.045
42
0.045
43
1
 50
0
 0
TEXT
 8
TEXTO_NUDOS
 6
CONTINUOUS
 62
94
10
12.372285
20
41.156793
30
2.5
11
12.372285
21
41.156793
31
2.5
 1
69
 7
ROMANS
 40
0.06
 41
1
 50
0
 72
1
 73
0
 0
INSERT
 8
UNIFILAR
 6
CONTINUOUS
 62
94
 2
ROCIADOR_AUTOMATICO_IPCI
10
13.957431
20
38.993043
30
2.5
41
0.04375
42
0.04375
43
1
 50
0
 0
TEXT
 8
TEXTO_NUDOS
 6
CONTINUOUS
 62
94
10
13.957431
20
39.108668
30
2.5
11
13.957431
21
39.108668
31
2.5
 1
71
 7
ROMANS
 40
0.06
 41
1
 50
0
 72
1
 73
0
 0
INSERT
 8
UNIFILAR
 6
CONTINUOUS
 62
94
 2
NUDO_DERIVACION_IPCI
10
12.372285
20
38.993043
30
2.5
41
0.045
42
0.045
43
1
 50
0
 0
TEXT
 8
TEXTO_NUDOS
 6
CONTINUOUS
 62
94
10
12.372285
20
39.076793
30
2.5
11
12.372285
21
39.076793
31
2.5
 1
70
 7
ROMANS
 40
0.06
 41
1
 50
0
 72
1
 73
0
 0
INSERT
 8
UNIFILAR
 6
CONTINUOUS
 62
94
 2
NUDO_PASO_IPCI
10
23.441094
20
37.807997
30
2.5
41
0.02
42
0.02
43
1
 50
0
 0
INSERT
 8
UNIFILAR
 6
CONTINUOUS
 62
94
 2
ROCIADOR_AUTOMATICO_IPCI
10
30.564006
20
37.44741
30
2.5
41
0.04375
42
0.04375
43
1
 50
0
 0
TEXT
 8
TEXTO_NUDOS
 6
CONTINUOUS
 62
94
10
30.564006
20
37.563035
30
2.5
11
30.564006
21
37.563035
31
2.5
 1
80
 7
ROMANS
 40
0.06
 41
1
 50
0
 72
1
 73
0
 0
INSERT
 8
UNIFILAR
 6
CONTINUOUS
 62
94
 2
ROCIADOR_AUTOMATICO_IPCI
10
26.926059
20
36.831349
30
2.5
41
0.04375
42
0.04375
43
1
 50
0
 0
TEXT
 8
TEXTO_NUDOS
 6
CONTINUOUS
 62
94
10
26.926059
20
36.946974
30
2.5
11
26.926059
21
36.946974
31
2.5
 1
79
 7
ROMANS
 40
0.06
 41
1
 50
0
 72
1
 73
0
 0
INSERT
 8
UNIFILAR
 6
CONTINUOUS
 62
94
 2
NUDO_PASO_IPCI
10
24.5531
20
36.831349
30
2.5
41
0.02
42
0.02
43
1
 50
0
 0
INSERT
 8
UNIFILAR
 6
CONTINUOUS
 62
94
 2
NUDO_PASO_IPCI
10
30.564006
20
36.831349
30
2.5
41
0.02
42
0.02
43
1
 50
0
 0
INSERT
 8
UNIFILAR
 6
CONTINUOUS
 62
94
 2
ROCIADOR_AUTOMATICO_IPCI
10
6.891743
20
35.44306
30
2.5
41
0.04375
42
0.04375
43
1
 50
0
 0
TEXT
 8
TEXTO_NUDOS
 6
CONTINUOUS
 62
94
10
6.891743
20
35.558685
30
2.5
11
6.891743
21
35.558685
31
2.5
 1
81
 7
ROMANS
 40
0.06
 41
1
 50
0
 72
1
 73
0
 0
INSERT
 8
UNIFILAR
 6
CONTINUOUS
 62
94
 2
ROCIADOR_AUTOMATICO_IPCI
10
3.40177
20
35.444366
30
1.38
41
0.04375
42
0.04375
43
1
 50
0
 0
TEXT
 8
TEXTO_NUDOS
 6
CONTINUOUS
 62
94
10
3.40177
20
35.559991
30
1.38
11
3.40177
21
35.559991
31
1.38
 1
82
 7
ROMANS
 40
0.06
 41
1
 50
0
 72
1
 73
0
 0
INSERT
 8
UNIFILAR
 6
CONTINUOUS
 62
94
 2
NUDO_DERIVACION_IPCI
10
7.331632
20
35.44306
30
2.5
41
0.045
42
0.045
43
1
 50
0
 0
TEXT
 8
TEXTO_NUDOS
 6
CONTINUOUS
 62
94
10
7.331632
20
35.52681
30
2.5
11
7.331632
21
35.52681
31
2.5
 1
64
 7
ROMANS
 40
0.06
 41
1
 50
0
 72
1
 73
0
 0
INSERT
 8
UNIFILAR
 6
CONTINUOUS
 62
94
 2
NUDO_PASO_IPCI
10
5.921743
20
35.44306
30
2.5
41
0.02
42
0.02
43
1
 50
0
 0
INSERT
 8
UNIFILAR
 6
CONTINUOUS
 62
94
 2
NUDO_PASO_IPCI
10
4.161744
20
35.444366
30
1.38
41
0.02
42
0.02
43
1
 50
0
 0
LINE
 8
UNIFILAR
 6
CONTINUOUS
 62
94
10
4.707447
20
32.210811
30
2.5
11
7.297882
21
32.210804
31
2.5
 0
TEXT
 8
TEXTO_RAMAS
 6
CONTINUOUS
 62
94
10
5.986727
20
32.260808
30
2.5
11
5.986727
21
32.260808
31
2.5
 1
48 Ø1"
 7
ROMANS
 40
0.06
 41
1
 50
359.999861
 72
1
 73
0
 0
TEXT
 8
TEXTO_RAMAS
 6
CONTINUOUS
 62
94
10
5.986727
20
32.160808
30
2.5
11
5.986727
21
32.160808
31
2.5
 1
2.69m
 7
ROMANS
 40
0.06
 41
1
 50
359.999861
 72
1
 73
3
 0
LINE
 8
UNIFILAR
 6
CONTINUOUS
 62
94
10
8.349101
20
31.395461
30
2.5
11
7.363408
21
31.395461
31
2.5
 0
TEXT
 8
TEXTO_RAMAS
 6
CONTINUOUS
 62
94
10
7.872192
20
31.445461
30
2.5
11
7.872192
21
31.445461
31
2.5
 1
50 Ø1"
 7
ROMANS
 40
0.06
 41
1
 50
0
 72
1
 73
0
 0
TEXT
 8
TEXTO_RAMAS
 6
CONTINUOUS
 62
94
10
7.872192
20
31.345461
30
2.5
11
7.872192
21
31.345461
31
2.5
 1
1.09m
 7
ROMANS
 40
0.06
 41
1
 50
0
 72
1
 73
3
 0
LINE
 8
UNIFILAR
 6
CONTINUOUS
 62
94
10
7.33155
20
32.177054
30
2.5
11
7.32974
21
31.429211
31
2.5
 0
TEXT
 8
TEXTO_RAMAS
 6
CONTINUOUS
 62
94
10
7.280645
20
31.803254
30
2.5
11
7.280645
21
31.803254
31
2.5
 1
49 Ø1 1/4"
 7
ROMANS
 40
0.06
 41
1
 50
89.861308
 72
1
 73
0
 0
TEXT
 8
TEXTO_RAMAS
 6
CONTINUOUS
 62
94
10
7.380645
20
31.803012
30
2.5
11
7.380645
21
31.803012
31
2.5
 1
0.82m
 7
ROMANS
 40
0.06
 41
1
 50
89.861308
 72
1
 73
3
 0
LINE
 8
UNIFILAR
 6
CONTINUOUS
 62
94
10
7.329658
20
31.361711
30
2.5
11
7.329658
21
29.912663
31
2.5
 0
LINE
 8
UNIFILAR
 6
CONTINUOUS
 62
94
10
7.344658
20
29.897663
30
2.5
11
12.338535
21
29.897663
31
2.5
 0
TEXT
 8
TEXTO_RAMAS
 6
CONTINUOUS
 62
94
10
9.850972
20
29.947663
30
2.5
11
9.850972
21
29.947663
31
2.5
 1
51 Ø1 1/4"
 7
ROMANS
 40
0.06
 41
1
 50
0
 72
1
 73
0
 0
TEXT
 8
TEXTO_RAMAS
 6
CONTINUOUS
 62
94
10
9.850972
20
29.847663
30
2.5
11
9.850972
21
29.847663
31
2.5
 1
6.54m
 7
ROMANS
 40
0.06
 41
1
 50
0
 72
1
 73
3
 0
LINE
 8
UNIFILAR
 6
CONTINUOUS
 62
94
10
7.633851
20
33.336112
30
0
11
7.34294
21
33.336112
31
0
 0
LINE
 8
UNIFILAR
 6
CONTINUOUS
 62
94
10
7.32794
20
33.336112
30
0
11
7.330846
21
33.333835
31
1.5
 0
TEXT
 8
TEXTO_RAMAS
 6
CONTINUOUS
 62
94
10
7.497395
20
33.386112
30
0
11
7.497395
21
33.386112
31
0
 1
45 Ø1 1/4"
 7
ROMANS
 40
0.06
 41
1
 50
0
 72
1
 73
0
 0
TEXT
 8
TEXTO_RAMAS
 6
CONTINUOUS
 62
94
10
7.497395
20
33.286112
30
0
11
7.497395
21
33.286112
31
0
 1
0.34m
 7
ROMANS
 40
0.06
 41
1
 50
0
 72
1
 73
3
 0
LINE
 8
UNIFILAR
 6
CONTINUOUS
 62
94
10
7.330846
20
33.333835
30
1.5
11
7.331632
21
33.33306
31
2.5
 0
TEXT
 8
TEXTO_RAMAS
 6
CONTINUOUS
 62
94
10
7.366335
20
33.36906
30
2
11
7.366335
21
33.36906
31
2
 1
46 Ø1 1/4"
 7
ROMANS
 40
0.06
 41
1
 50
315.419321
 72
1
 73
0
 0
TEXT
 8
TEXTO_RAMAS
 6
CONTINUOUS
 62
94
10
7.296143
20
33.297834
30
2
11
7.296143
21
33.297834
31
2
 1
0m
 7
ROMANS
 40
0.06
 41
1
 50
315.419321
 72
1
 73
3
 0
LINE
 8
UNIFILAR
 6
CONTINUOUS
 62
94
10
7.300841
20
33.349286
30
1.5
11
6.821615
21
33.596067
31
1.5
 0
TEXT
 8
TEXTO_RAMAS
 6
CONTINUOUS
 62
94
10
7.052446
20
33.533439
30
1.5
11
7.052446
21
33.533439
31
1.5
 1
82 Ø1 1/4"
 7
ROMANS
 40
0.06
 41
1
 50
332.753468
 72
1
 73
0
 0
TEXT
 8
TEXTO_RAMAS
 6
CONTINUOUS
 62
94
10
7.006664
20
33.444534
30
1.5
11
7.006664
21
33.444534
31
1.5
 1
0.68m
 7
ROMANS
 40
0.06
 41
1
 50
332.753468
 72
1
 73
3
 0
LINE
 8
UNIFILAR
 6
CONTINUOUS
 62
94
10
7.331632
20
33.29931
30
2.5
11
7.331632
21
32.244554
31
2.5
 0
TEXT
 8
TEXTO_RAMAS
 6
CONTINUOUS
 62
94
10
7.281632
20
32.771932
30
2.5
11
7.281632
21
32.771932
31
2.5
 1
47 Ø1 1/4"
 7
ROMANS
 40
0.06
 41
1
 50
90
 72
1
 73
0
 0
TEXT
 8
TEXTO_RAMAS
 6
CONTINUOUS
 62
94
10
7.381632
20
32.771932
30
2.5
11
7.381632
21
32.771932
31
2.5
 1
1.12m
 7
ROMANS
 40
0.06
 41
1
 50
90
 72
1
 73
3
 0
LINE
 8
UNIFILAR
 6
CONTINUOUS
 62
94
10
12.372285
20
29.931413
30
2.5
11
12.372285
21
31.943913
31
2.5
 0
TEXT
 8
TEXTO_RAMAS
 6
CONTINUOUS
 62
94
10
12.322285
20
30.937663
30
2.5
11
12.322285
21
30.937663
31
2.5
 1
52 Ø1"
 7
ROMANS
 40
0.06
 41
1
 50
90
 72
1
 73
0
 0
TEXT
 8
TEXTO_RAMAS
 6
CONTINUOUS
 62
94
10
12.422285
20
30.937663
30
2.5
11
12.422285
21
30.937663
31
2.5
 1
2.08m
 7
ROMANS
 40
0.06
 41
1
 50
90
 72
1
 73
3
 0
LINE
 8
UNIFILAR
 6
CONTINUOUS
 62
94
10
12.406035
20
31.977663
30
2.5
11
13.891806
21
31.977663
31
2.5
 0
TEXT
 8
TEXTO_RAMAS
 6
CONTINUOUS
 62
94
10
13.164858
20
32.027663
30
2.5
11
13.164858
21
32.027663
31
2.5
 1
53 Ø1"
 7
ROMANS
 40
0.06
 41
1
 50
0
 72
1
 73
0
 0
TEXT
 8
TEXTO_RAMAS
 6
CONTINUOUS
 62
94
10
13.164858
20
31.927663
30
2.5
11
13.164858
21
31.927663
31
2.5
 1
1.59m
 7
ROMANS
 40
0.06
 41
1
 50
0
 72
1
 73
3
 0
LINE
 8
UNIFILAR
 6
CONTINUOUS
 62
94
10
12.406035
20
29.897663
30
2.5
11
16.230664
21
29.897663
31
2.5
 0
TEXT
 8
TEXTO_RAMAS
 6
CONTINUOUS
 62
94
10
14.334287
20
29.947663
30
2.5
11
14.334287
21
29.947663
31
2.5
 1
55 Ø1 1/4"
 7
ROMANS
 40
0.06
 41
1
 50
0
 72
1
 73
0
 0
TEXT
 8
TEXTO_RAMAS
 6
CONTINUOUS
 62
94
10
14.334287
20
29.847663
30
2.5
11
14.334287
21
29.847663
31
2.5
 1
3.92m
 7
ROMANS
 40
0.06
 41
1
 50
0
 72
1
 73
3
 0
LINE
 8
UNIFILAR
 6
CONTINUOUS
 62
94
10
16.361914
20
29.897663
30
2.5
11
19.612012
21
29.897663
31
2.5
 0
LINE
 8
UNIFILAR
 6
CONTINUOUS
 62
94
10
19.627012
20
29.912663
30
2.5
11
19.627034
21
31.064309
31
2.5
 0
TEXT
 8
TEXTO_RAMAS
 6
CONTINUOUS
 62
94
10
17.96165
20
29.947663
30
2.5
11
17.96165
21
29.947663
31
2.5
 1
56 Ø1 1/4"
 7
ROMANS
 40
0.06
 41
1
 50
0
 72
1
 73
0
 0
TEXT
 8
TEXTO_RAMAS
 6
CONTINUOUS
 62
94
10
17.96165
20
29.847663
30
2.5
11
17.96165
21
29.847663
31
2.5
 1
4.56m
 7
ROMANS
 40
0.06
 41
1
 50
0
 72
1
 73
3
 0
LINE
 8
UNIFILAR
 6
CONTINUOUS
 62
94
10
19.69266
20
31.129934
30
2.5
11
22.10141
21
31.129934
31
2.5
 0
TEXT
 8
TEXTO_RAMAS
 6
CONTINUOUS
 62
94
10
20.897035
20
31.179934
30
2.5
11
20.897035
21
31.179934
31
2.5
 1
57 Ø1"
 7
ROMANS
 40
0.06
 41
1
 50
0
 72
1
 73
0
 0
TEXT
 8
TEXTO_RAMAS
 6
CONTINUOUS
 62
94
10
20.897035
20
31.079934
30
2.5
11
20.897035
21
31.079934
31
2.5
 1
2.54m
 7
ROMANS
 40
0.06
 41
1
 50
0
 72
1
 73
3
 0
LINE
 8
UNIFILAR
 6
CONTINUOUS
 62
94
10
19.627029
20
31.195559
30
2.5
11
19.626854
21
33.132362
31
2.5
 0
TEXT
 8
TEXTO_RAMAS
 6
CONTINUOUS
 62
94
10
19.676943
20
32.148027
30
2.5
11
19.676943
21
32.148027
31
2.5
 1
58 Ø1 1/4"
 7
ROMANS
 40
0.06
 41
1
 50
270.005183
 72
1
 73
0
 0
TEXT
 8
TEXTO_RAMAS
 6
CONTINUOUS
 62
94
10
19.576943
20
32.148018
30
2.5
11
19.576943
21
32.148018
31
2.5
 1
2.04m
 7
ROMANS
 40
0.06
 41
1
 50
270.005183
 72
1
 73
3
 0
LINE
 8
UNIFILAR
 6
CONTINUOUS
 62
94
10
12.344017
20
31.996102
30
2.5
11
10.64725
21
33.102885
31
2.5
 0
TEXT
 8
TEXTO_RAMAS
 6
CONTINUOUS
 62
94
10
11.509601
20
32.600079
30
2.5
11
11.509601
21
32.600079
31
2.5
 1
54 Ø1"
 7
ROMANS
 40
0.06
 41
1
 50
326.88401
 72
1
 73
0
 0
TEXT
 8
TEXTO_RAMAS
 6
CONTINUOUS
 62
94
10
11.454968
20
32.516323
30
2.5
11
11.454968
21
32.516323
31
2.5
 1
2.13m
 7
ROMANS
 40
0.06
 41
1
 50
326.88401
 72
1
 73
3
 0
LINE
 8
UNIFILAR
 6
CONTINUOUS
 62
94
10
19.602986
20
33.189977
30
2.5
11
18.471173
21
34.32179
31
2.5
 0
TEXT
 8
TEXTO_RAMAS
 6
CONTINUOUS
 62
94
10
19.061165
20
33.802508
30
2.5
11
19.061165
21
33.802508
31
2.5
 1
59 Ø1"
 7
ROMANS
 40
0.06
 41
1
 50
315
 72
1
 73
0
 0
TEXT
 8
TEXTO_RAMAS
 6
CONTINUOUS
 62
94
10
18.990455
20
33.731797
30
2.5
11
18.990455
21
33.731797
31
2.5
 1
1.7m
 7
ROMANS
 40
0.06
 41
1
 50
315
 72
1
 73
3
 0
LINE
 8
UNIFILAR
 6
CONTINUOUS
 62
94
10
19.660601
20
33.166112
30
2.5
11
22.515475
21
33.166112
31
2.5
 0
TEXT
 8
TEXTO_RAMAS
 6
CONTINUOUS
 62
94
10
21.103975
20
33.216112
30
2.5
11
21.103975
21
33.216112
31
2.5
 1
60 Ø1 1/4"
 7
ROMANS
 40
0.06
 41
1
 50
360
 72
1
 73
0
 0
TEXT
 8
TEXTO_RAMAS
 6
CONTINUOUS
 62
94
10
21.103975
20
33.116112
30
2.5
11
21.103975
21
33.116112
31
2.5
 1
2.95m
 7
ROMANS
 40
0.06
 41
1
 50
0
 72
1
 73
3
 0
LINE
 8
UNIFILAR
 6
CONTINUOUS
 62
94
10
22.646725
20
33.165852
30
2.5
11
23.426094
21
33.162769
31
2.5
 0
LINE
 8
UNIFILAR
 6
CONTINUOUS
 62
94
10
23.452364
20
33.172608
30
2.5
11
24.54183
21
34.12946
31
2.5
 0
LINE
 8
UNIFILAR
 6
CONTINUOUS
 62
94
10
24.5681
20
34.139358
30
2.5
11
26.860434
21
34.139358
31
2.5
 0
TEXT
 8
TEXTO_RAMAS
 6
CONTINUOUS
 62
94
10
25.739579
20
34.189358
30
2.5
11
25.739579
21
34.189358
31
2.5
 1
61 Ø1"
 7
ROMANS
 40
0.06
 41
1
 50
0
 72
1
 73
0
 0
TEXT
 8
TEXTO_RAMAS
 6
CONTINUOUS
 62
94
10
25.739579
20
34.089358
30
2.5
11
25.739579
21
34.089358
31
2.5
 1
4.71m
 7
ROMANS
 40
0.06
 41
1
 50
0
 72
1
 73
3
 0
LINE
 8
UNIFILAR
 6
CONTINUOUS
 62
94
10
26.991684
20
34.139358
30
2.5
11
30.549006
21
34.139358
31
2.5
 0
LINE
 8
UNIFILAR
 6
CONTINUOUS
 62
94
10
30.564006
20
34.124358
30
2.5
11
30.564006
21
33.588922
31
2.5
 0
TEXT
 8
TEXTO_RAMAS
 6
CONTINUOUS
 62
94
10
28.745032
20
34.189358
30
2.5
11
28.745032
21
34.189358
31
2.5
 1
62 Ø1"
 7
ROMANS
 40
0.06
 41
1
 50
0
 72
1
 73
0
 0
TEXT
 8
TEXTO_RAMAS
 6
CONTINUOUS
 62
94
10
28.745032
20
34.089358
30
2.5
11
28.745032
21
34.089358
31
2.5
 1
4.25m
 7
ROMANS
 40
0.06
 41
1
 50
0
 72
1
 73
3
 0
LINE
 8
UNIFILAR
 6
CONTINUOUS
 62
94
10
4.707447
20
38.759896
30
2.5
11
7.297882
21
38.759902
31
2.5
 0
TEXT
 8
TEXTO_RAMAS
 6
CONTINUOUS
 62
94
10
5.986727
20
38.809899
30
2.5
11
5.986727
21
38.809899
31
2.5
 1
65 Ø1"
 7
ROMANS
 40
0.06
 41
1
 50
0.000139
 72
1
 73
0
 0
TEXT
 8
TEXTO_RAMAS
 6
CONTINUOUS
 62
94
10
5.986727
20
38.709899
30
2.5
11
5.986727
21
38.709899
31
2.5
 1
2.69m
 7
ROMANS
 40
0.06
 41
1
 50
0.000139
 72
1
 73
3
 0
LINE
 8
UNIFILAR
 6
CONTINUOUS
 62
94
10
8.349101
20
39.575246
30
2.5
11
7.363408
21
39.575246
31
2.5
 0
TEXT
 8
TEXTO_RAMAS
 6
CONTINUOUS
 62
94
10
7.872192
20
39.625246
30
2.5
11
7.872192
21
39.625246
31
2.5
 1
67 Ø1"
 7
ROMANS
 40
0.06
 41
1
 50
0
 72
1
 73
0
 0
TEXT
 8
TEXTO_RAMAS
 6
CONTINUOUS
 62
94
10
7.872192
20
39.525246
30
2.5
11
7.872192
21
39.525246
31
2.5
 1
1.09m
 7
ROMANS
 40
0.06
 41
1
 50
0
 72
1
 73
3
 0
LINE
 8
UNIFILAR
 6
CONTINUOUS
 62
94
10
7.33155
20
38.793652
30
2.5
11
7.32974
21
39.541496
31
2.5
 0
TEXT
 8
TEXTO_RAMAS
 6
CONTINUOUS
 62
94
10
7.380645
20
39.167695
30
2.5
11
7.380645
21
39.167695
31
2.5
 1
66 Ø1 1/4"
 7
ROMANS
 40
0.06
 41
1
 50
270.138692
 72
1
 73
0
 0
TEXT
 8
TEXTO_RAMAS
 6
CONTINUOUS
 62
94
10
7.280645
20
39.167453
30
2.5
11
7.280645
21
39.167453
31
2.5
 1
0.82m
 7
ROMANS
 40
0.06
 41
1
 50
270.138692
 72
1
 73
3
 0
LINE
 8
UNIFILAR
 6
CONTINUOUS
 62
94
10
7.329658
20
39.608996
30
2.5
11
7.329658
21
41.058043
31
2.5
 0
LINE
 8
UNIFILAR
 6
CONTINUOUS
 62
94
10
7.344658
20
41.073043
30
2.5
11
12.338535
21
41.073043
31
2.5
 0
TEXT
 8
TEXTO_RAMAS
 6
CONTINUOUS
 62
94
10
9.850972
20
41.123043
30
2.5
11
9.850972
21
41.123043
31
2.5
 1
68 Ø1 1/4"
 7
ROMANS
 40
0.06
 41
1
 50
0
 72
1
 73
0
 0
TEXT
 8
TEXTO_RAMAS
 6
CONTINUOUS
 62
94
10
9.850972
20
41.023043
30
2.5
11
9.850972
21
41.023043
31
2.5
 1
6.54m
 7
ROMANS
 40
0.06
 41
1
 50
0
 72
1
 73
3
 0
LINE
 8
UNIFILAR
 6
CONTINUOUS
 62
94
10
12.372285
20
41.039293
30
2.5
11
12.372285
21
39.026793
31
2.5
 0
TEXT
 8
TEXTO_RAMAS
 6
CONTINUOUS
 62
94
10
12.322285
20
40.033043
30
2.5
11
12.322285
21
40.033043
31
2.5
 1
69 Ø1"
 7
ROMANS
 40
0.06
 41
1
 50
90
 72
1
 73
0
 0
TEXT
 8
TEXTO_RAMAS
 6
CONTINUOUS
 62
94
10
12.422285
20
40.033043
30
2.5
11
12.422285
21
40.033043
31
2.5
 1
2.08m
 7
ROMANS
 40
0.06
 41
1
 50
90
 72
1
 73
3
 0
LINE
 8
UNIFILAR
 6
CONTINUOUS
 62
94
10
12.406035
20
38.993043
30
2.5
11
13.891806
21
38.993043
31
2.5
 0
TEXT
 8
TEXTO_RAMAS
 6
CONTINUOUS
 62
94
10
13.164858
20
39.043043
30
2.5
11
13.164858
21
39.043043
31
2.5
 1
70 Ø1"
 7
ROMANS
 40
0.06
 41
1
 50
0
 72
1
 73
0
 0
TEXT
 8
TEXTO_RAMAS
 6
CONTINUOUS
 62
94
10
13.164858
20
38.943043
30
2.5
11
13.164858
21
38.943043
31
2.5
 1
1.59m
 7
ROMANS
 40
0.06
 41
1
 50
0
 72
1
 73
3
 0
LINE
 8
UNIFILAR
 6
CONTINUOUS
 62
94
10
12.406035
20
41.073043
30
2.5
11
16.230664
21
41.073043
31
2.5
 0
TEXT
 8
TEXTO_RAMAS
 6
CONTINUOUS
 62
94
10
14.334287
20
41.123043
30
2.5
11
14.334287
21
41.123043
31
2.5
 1
72 Ø1 1/4"
 7
ROMANS
 40
0.06
 41
1
 50
360
 72
1
 73
0
 0
TEXT
 8
TEXTO_RAMAS
 6
CONTINUOUS
 62
94
10
14.334287
20
41.023043
30
2.5
11
14.334287
21
41.023043
31
2.5
 1
3.92m
 7
ROMANS
 40
0.06
 41
1
 50
360
 72
1
 73
3
 0
LINE
 8
UNIFILAR
 6
CONTINUOUS
 62
94
10
16.361914
20
41.073043
30
2.5
11
19.612012
21
41.073043
31
2.5
 0
LINE
 8
UNIFILAR
 6
CONTINUOUS
 62
94
10
19.627012
20
41.058043
30
2.5
11
19.627034
21
39.906398
31
2.5
 0
TEXT
 8
TEXTO_RAMAS
 6
CONTINUOUS
 62
94
10
17.96165
20
41.123043
30
2.5
11
17.96165
21
41.123043
31
2.5
 1
73 Ø1 1/4"
 7
ROMANS
 40
0.06
 41
1
 50
0
 72
1
 73
0
 0
TEXT
 8
TEXTO_RAMAS
 6
CONTINUOUS
 62
94
10
17.96165
20
41.023043
30
2.5
11
17.96165
21
41.023043
31
2.5
 1
4.56m
 7
ROMANS
 40
0.06
 41
1
 50
0
 72
1
 73
3
 0
LINE
 8
UNIFILAR
 6
CONTINUOUS
 62
94
10
19.69266
20
39.840773
30
2.5
11
22.10141
21
39.840773
31
2.5
 0
TEXT
 8
TEXTO_RAMAS
 6
CONTINUOUS
 62
94
10
20.897035
20
39.890773
30
2.5
11
20.897035
21
39.890773
31
2.5
 1
74 Ø1"
 7
ROMANS
 40
0.06
 41
1
 50
0
 72
1
 73
0
 0
TEXT
 8
TEXTO_RAMAS
 6
CONTINUOUS
 62
94
10
20.897035
20
39.790773
30
2.5
11
20.897035
21
39.790773
31
2.5
 1
2.54m
 7
ROMANS
 40
0.06
 41
1
 50
0
 72
1
 73
3
 0
LINE
 8
UNIFILAR
 6
CONTINUOUS
 62
94
10
19.627029
20
39.775148
30
2.5
11
19.626854
21
37.838345
31
2.5
 0
TEXT
 8
TEXTO_RAMAS
 6
CONTINUOUS
 62
94
10
19.576943
20
38.822688
30
2.5
11
19.576943
21
38.822688
31
2.5
 1
75 Ø1 1/4"
 7
ROMANS
 40
0.06
 41
1
 50
89.994817
 72
1
 73
0
 0
TEXT
 8
TEXTO_RAMAS
 6
CONTINUOUS
 62
94
10
19.676943
20
38.822679
30
2.5
11
19.676943
21
38.822679
31
2.5
 1
2.04m
 7
ROMANS
 40
0.06
 41
1
 50
89.994817
 72
1
 73
3
 0
LINE
 8
UNIFILAR
 6
CONTINUOUS
 62
94
10
12.344017
20
38.974605
30
2.5
11
10.64725
21
37.867821
31
2.5
 0
TEXT
 8
TEXTO_RAMAS
 6
CONTINUOUS
 62
94
10
11.454968
20
38.454384
30
2.5
11
11.454968
21
38.454384
31
2.5
 1
71 Ø1"
 7
ROMANS
 40
0.06
 41
1
 50
33.11599
 72
1
 73
0
 0
TEXT
 8
TEXTO_RAMAS
 6
CONTINUOUS
 62
94
10
11.509601
20
38.370627
30
2.5
11
11.509601
21
38.370627
31
2.5
 1
2.13m
 7
ROMANS
 40
0.06
 41
1
 50
33.11599
 72
1
 73
3
 0
LINE
 8
UNIFILAR
 6
CONTINUOUS
 62
94
10
19.602986
20
37.78073
30
2.5
11
18.471173
21
36.648917
31
2.5
 0
TEXT
 8
TEXTO_RAMAS
 6
CONTINUOUS
 62
94
10
18.990455
20
37.238909
30
2.5
11
18.990455
21
37.238909
31
2.5
 1
76 Ø1"
 7
ROMANS
 40
0.06
 41
1
 50
45
 72
1
 73
0
 0
TEXT
 8
TEXTO_RAMAS
 6
CONTINUOUS
 62
94
10
19.061165
20
37.168199
30
2.5
11
19.061165
21
37.168199
31
2.5
 1
1.7m
 7
ROMANS
 40
0.06
 41
1
 50
45
 72
1
 73
3
 0
LINE
 8
UNIFILAR
 6
CONTINUOUS
 62
94
10
19.660601
20
37.804595
30
2.5
11
22.515475
21
37.804595
31
2.5
 0
TEXT
 8
TEXTO_RAMAS
 6
CONTINUOUS
 62
94
10
21.103975
20
37.854595
30
2.5
11
21.103975
21
37.854595
31
2.5
 1
77 Ø1 1/4"
 7
ROMANS
 40
0.06
 41
1
 50
0
 72
1
 73
0
 0
TEXT
 8
TEXTO_RAMAS
 6
CONTINUOUS
 62
94
10
21.103975
20
37.754595
30
2.5
11
21.103975
21
37.754595
31
2.5
 1
2.95m
 7
ROMANS
 40
0.06
 41
1
 50
0
 72
1
 73
3
 0
LINE
 8
UNIFILAR
 6
CONTINUOUS
 62
94
10
22.646725
20
37.804854
30
2.5
11
23.426094
21
37.807937
31
2.5
 0
LINE
 8
UNIFILAR
 6
CONTINUOUS
 62
94
10
23.452364
20
37.798098
30
2.5
11
24.54183
21
36.841247
31
2.5
 0
LINE
 8
UNIFILAR
 6
CONTINUOUS
 62
94
10
24.5681
20
36.831349
30
2.5
11
26.860434
21
36.831349
31
2.5
 0
TEXT
 8
TEXTO_RAMAS
 6
CONTINUOUS
 62
94
10
25.739579
20
36.881349
30
2.5
11
25.739579
21
36.881349
31
2.5
 1
78 Ø1"
 7
ROMANS
 40
0.06
 41
1
 50
0
 72
1
 73
0
 0
TEXT
 8
TEXTO_RAMAS
 6
CONTINUOUS
 62
94
10
25.739579
20
36.781349
30
2.5
11
25.739579
21
36.781349
31
2.5
 1
4.71m
 7
ROMANS
 40
0.06
 41
1
 50
0
 72
1
 73
3
 0
LINE
 8
UNIFILAR
 6
CONTINUOUS
 62
94
10
26.991684
20
36.831349
30
2.5
11
30.549006
21
36.831349
31
2.5
 0
LINE
 8
UNIFILAR
 6
CONTINUOUS
 62
94
10
30.564006
20
36.846349
30
2.5
11
30.564006
21
37.381785
31
2.5
 0
TEXT
 8
TEXTO_RAMAS
 6
CONTINUOUS
 62
94
10
28.745032
20
36.881349
30
2.5
11
28.745032
21
36.881349
31
2.5
 1
79 Ø1"
 7
ROMANS
 40
0.06
 41
1
 50
0
 72
1
 73
0
 0
TEXT
 8
TEXTO_RAMAS
 6
CONTINUOUS
 62
94
10
28.745032
20
36.781349
30
2.5
11
28.745032
21
36.781349
31
2.5
 1
4.25m
 7
ROMANS
 40
0.06
 41
1
 50
0
 72
1
 73
3
 0
LINE
 8
UNIFILAR
 6
CONTINUOUS
 62
94
10
7.331632
20
33.36681
30
2.5
11
7.331632
21
35.40931
31
2.5
 0
TEXT
 8
TEXTO_RAMAS
 6
CONTINUOUS
 62
94
10
7.281632
20
34.38806
30
2.5
11
7.281632
21
34.38806
31
2.5
 1
63 Ø1 1/4"
 7
ROMANS
 40
0.06
 41
1
 50
90
 72
1
 73
0
 0
TEXT
 8
TEXTO_RAMAS
 6
CONTINUOUS
 62
94
10
7.381632
20
34.38806
30
2.5
11
7.381632
21
34.38806
31
2.5
 1
2.11m
 7
ROMANS
 40
0.06
 41
1
 50
90
 72
1
 73
3
 0
LINE
 8
UNIFILAR
 6
CONTINUOUS
 62
94
10
7.331632
20
35.47681
30
2.5
11
7.331632
21
38.726152
31
2.5
 0
TEXT
 8
TEXTO_RAMAS
 6
CONTINUOUS
 62
94
10
7.281632
20
37.101481
30
2.5
11
7.281632
21
37.101481
31
2.5
 1
64 Ø1 1/4"
 7
ROMANS
 40
0.06
 41
1
 50
90
 72
1
 73
0
 0
TEXT
 8
TEXTO_RAMAS
 6
CONTINUOUS
 62
94
10
7.381632
20
37.101481
30
2.5
11
7.381632
21
37.101481
31
2.5
 1
3.32m
 7
ROMANS
 40
0.06
 41
1
 50
90
 72
1
 73
3
 0
LINE
 8
UNIFILAR
 6
CONTINUOUS
 62
94
10
7.297882
20
35.44306
30
2.5
11
6.957368
21
35.44306
31
2.5
 0
TEXT
 8
TEXTO_RAMAS
 6
CONTINUOUS
 62
94
10
7.111688
20
35.49306
30
2.5
11
7.111688
21
35.49306
31
2.5
 1
80 Ø1"
 7
ROMANS
 40
0.06
 41
1
 50
0
 72
1
 73
0
 0
TEXT
 8
TEXTO_RAMAS
 6
CONTINUOUS
 62
94
10
7.111688
20
35.39306
30
2.5
11
7.111688
21
35.39306
31
2.5
 1
0.44m
 7
ROMANS
 40
0.06
 41
1
 50
0
 72
1
 73
3
 0
LINE
 8
UNIFILAR
 6
CONTINUOUS
 62
94
10
6.826118
20
35.44306
30
2.5
11
5.936743
21
35.44306
31
2.5
 0
LINE
 8
UNIFILAR
 6
CONTINUOUS
 62
94
10
5.906743
20
35.443071
30
2.5
11
4.176744
21
35.444355
31
1.38
 0
LINE
 8
UNIFILAR
 6
CONTINUOUS
 62
94
10
4.146744
20
35.444366
30
1.38
11
3.467395
21
35.444366
31
1.38
 0
TEXT
 8
TEXTO_RAMAS
 6
CONTINUOUS
 62
94
10
5.041781
20
35.493713
30
1.94
11
5.041781
21
35.493713
31
1.94
 1
81 Ø1"
 7
ROMANS
 40
0.06
 41
1
 50
359.957481
 72
1
 73
0
 0
TEXT
 8
TEXTO_RAMAS
 6
CONTINUOUS
 62
94
10
5.041706
20
35.393713
30
1.94
11
5.041706
21
35.393713
31
1.94
 1
3.49m
 7
ROMANS
 40
0.06
 41
1
 50
359.957481
 72
1
 73
3
 0
TEXT
 8
0
 6
CONTINUOUS
 62
7
10
17
20
28.787688
30
0
11
17
21
28.787688
31
0
 1
Planta Tercera
 7
ROMANS
 40
0.3
 41
1
 50
0
 72
1
 73
3
 0
INSERT
 8
UNIFILAR
 6
CONTINUOUS
 62
94
 2
CONEXION_PLANTAS_IPCI
10
7.666851
20
46.797057
30
0
41
0.022
42
0.022
43
1
 50
0
 0
TEXT
 8
TEXTO_NUDOS
 6
CONTINUOUS
 62
94
10
7.666851
20
46.880057
30
0
11
7.666851
21
46.880057
31
0
 1
84
 7
ROMANS
 40
0.06
 41
1
 50
0
 72
1
 73
0
 0
INSERT
 8
UNIFILAR
 6
CONTINUOUS
 62
4
 2
BOCA_RELLENO_IPCI
10
6.728264
20
47.105084
30
1.5
41
0.0525
42
0.0525
43
1
 50
332.5
 0
INSERT
 8
UNIFILAR
 6
CONTINUOUS
 62
94
 2
BOCA_INCENDIOS_IPCI
10
6.728264
20
47.105084
30
1.5
41
0.0525
42
0.0525
43
1
 50
332.5
 0
TEXT
 8
TEXTO_NUDOS
 6
CONTINUOUS
 62
94
10
6.728264
20
47.438084
30
1.5
11
6.728264
21
47.438084
31
1.5
 1
122
 7
ROMANS
 40
0.06
 41
1
 50
0
 72
1
 73
0
 0
TEXT
 8
TEXTO_NUDOS
 6
CONTINUOUS
 62
94
10
6.728264
20
47.328084
30
1.5
11
6.728264
21
47.328084
31
1.5
 1
68.34
 7
ROMANS
 40
0.06
 41
1
 50
0
 72
1
 73
0
 0
TEXT
 8
TEXTO_NUDOS
 6
CONTINUOUS
 62
94
10
6.728264
20
47.218084
30
1.5
11
6.728264
21
47.218084
31
1.5
 1
1.81
 7
ROMANS
 40
0.06
 41
1
 50
0
 72
1
 73
0
 0
INSERT
 8
UNIFILAR
 6
CONTINUOUS
 62
94
 2
NUDO_PASO_IPCI
10
7.329658
20
43.358608
30
2.5
41
0.02
42
0.02
43
1
 50
0
 0
INSERT
 8
UNIFILAR
 6
CONTINUOUS
 62
94
 2
NUDO_PASO_IPCI
10
19.627012
20
43.358608
30
2.5
41
0.02
42
0.02
43
1
 50
0
 0
INSERT
 8
UNIFILAR
 6
CONTINUOUS
 62
94
 2
NUDO_DERIVACION_IPCI
10
19.626851
20
46.627057
30
2.5
41
0.045
42
0.045
43
1
 50
0
 0
TEXT
 8
TEXTO_NUDOS
 6
CONTINUOUS
 62
94
10
19.626851
20
46.710807
30
2.5
11
19.626851
21
46.710807
31
2.5
 1
98
 7
ROMANS
 40
0.06
 41
1
 50
0
 72
1
 73
0
 0
INSERT
 8
UNIFILAR
 6
CONTINUOUS
 62
94
 2
ROCIADOR_AUTOMATICO_IPCI
10
8.414726
20
44.856406
30
2.5
41
0.04375
42
0.04375
43
1
 50
0
 0
TEXT
 8
TEXTO_NUDOS
 6
CONTINUOUS
 62
94
10
8.414726
20
44.972031
30
2.5
11
8.414726
21
44.972031
31
2.5
 1
90
 7
ROMANS
 40
0.06
 41
1
 50
0
 72
1
 73
0
 0
INSERT
 8
UNIFILAR
 6
CONTINUOUS
 62
94
 2
ROCIADOR_AUTOMATICO_IPCI
10
4.641822
20
45.671756
30
2.5
41
0.04375
42
0.04375
43
1
 50
0
 0
TEXT
 8
TEXTO_NUDOS
 6
CONTINUOUS
 62
94
10
4.641822
20
45.787381
30
2.5
11
4.641822
21
45.787381
31
2.5
 1
88
 7
ROMANS
 40
0.06
 41
1
 50
0
 72
1
 73
0
 0
INSERT
 8
UNIFILAR
 6
CONTINUOUS
 62
94
 2
NUDO_DERIVACION_IPCI
10
7.331632
20
45.67175
30
2.5
41
0.045
42
0.045
43
1
 50
0
 0
TEXT
 8
TEXTO_NUDOS
 6
CONTINUOUS
 62
94
10
7.331632
20
45.7555
30
2.5
11
7.331632
21
45.7555
31
2.5
 1
87
 7
ROMANS
 40
0.06
 41
1
 50
0
 72
1
 73
0
 0
INSERT
 8
UNIFILAR
 6
CONTINUOUS
 62
94
 2
NUDO_DERIVACION_IPCI
10
7.329658
20
44.856406
30
2.5
41
0.045
42
0.045
43
1
 50
0
 0
TEXT
 8
TEXTO_NUDOS
 6
CONTINUOUS
 62
94
10
7.329658
20
44.940156
30
2.5
11
7.329658
21
44.940156
31
2.5
 1
89
 7
ROMANS
 40
0.06
 41
1
 50
0
 72
1
 73
0
 0
INSERT
 8
UNIFILAR
 6
CONTINUOUS
 62
94
 2
NUDO_PASO_IPCI
10
7.32794
20
46.797057
30
0
41
0.02
42
0.02
43
1
 50
0
 0
INSERT
 8
UNIFILAR
 6
CONTINUOUS
 62
94
 2
NUDO_DERIVACION_IPCI
10
7.330846
20
46.79478
30
1.5
41
0.045
42
0.045
43
1
 50
0
 0
TEXT
 8
TEXTO_NUDOS
 6
CONTINUOUS
 62
94
10
7.330846
20
46.87853
30
1.5
11
7.330846
21
46.87853
31
1.5
 1
85
 7
ROMANS
 40
0.06
 41
1
 50
0
 72
1
 73
0
 0
INSERT
 8
UNIFILAR
 6
CONTINUOUS
 62
94
 2
NUDO_DERIVACION_IPCI
10
7.331632
20
46.794005
30
2.5
41
0.045
42
0.045
43
1
 50
0
 0
TEXT
 8
TEXTO_NUDOS
 6
CONTINUOUS
 62
94
10
7.331632
20
46.877755
30
2.5
11
7.331632
21
46.877755
31
2.5
 1
86
 7
ROMANS
 40
0.06
 41
1
 50
0
 72
1
 73
0
 0
INSERT
 8
UNIFILAR
 6
CONTINUOUS
 62
94
 2
ROCIADOR_AUTOMATICO_IPCI
10
10.592285
20
46.599684
30
2.5
41
0.04375
42
0.04375
43
1
 50
0
 0
TEXT
 8
TEXTO_NUDOS
 6
CONTINUOUS
 62
94
10
10.592285
20
46.715309
30
2.5
11
10.592285
21
46.715309
31
2.5
 1
94
 7
ROMANS
 40
0.06
 41
1
 50
0
 72
1
 73
0
 0
INSERT
 8
UNIFILAR
 6
CONTINUOUS
 62
94
 2
ROCIADOR_AUTOMATICO_IPCI
10
16.296289
20
43.358608
30
2.5
41
0.04375
42
0.04375
43
1
 50
0
 0
TEXT
 8
TEXTO_NUDOS
 6
CONTINUOUS
 62
94
10
16.296289
20
43.474233
30
2.5
11
16.296289
21
43.474233
31
2.5
 1
95
 7
ROMANS
 40
0.06
 41
1
 50
0
 72
1
 73
0
 0
INSERT
 8
UNIFILAR
 6
CONTINUOUS
 62
94
 2
ROCIADOR_AUTOMATICO_IPCI
10
18.424769
20
47.829139
30
2.5
41
0.04375
42
0.04375
43
1
 50
0
 0
TEXT
 8
TEXTO_NUDOS
 6
CONTINUOUS
 62
94
10
18.424769
20
47.944764
30
2.5
11
18.424769
21
47.944764
31
2.5
 1
99
 7
ROMANS
 40
0.06
 41
1
 50
0
 72
1
 73
0
 0
INSERT
 8
UNIFILAR
 6
CONTINUOUS
 62
94
 2
ROCIADOR_AUTOMATICO_IPCI
10
22.167035
20
44.590879
30
2.5
41
0.04375
42
0.04375
43
1
 50
0
 0
TEXT
 8
TEXTO_NUDOS
 6
CONTINUOUS
 62
94
10
22.167035
20
44.706504
30
2.5
11
22.167035
21
44.706504
31
2.5
 1
97
 7
ROMANS
 40
0.06
 41
1
 50
0
 72
1
 73
0
 0
INSERT
 8
UNIFILAR
 6
CONTINUOUS
 62
94
 2
ROCIADOR_AUTOMATICO_IPCI
10
19.627035
20
44.590879
30
2.5
41
0.04375
42
0.04375
43
1
 50
0
 0
TEXT
 8
TEXTO_NUDOS
 6
CONTINUOUS
 62
94
10
19.627035
20
44.706504
30
2.5
11
19.627035
21
44.706504
31
2.5
 1
96
 7
ROMANS
 40
0.06
 41
1
 50
0
 72
1
 73
0
 0
INSERT
 8
UNIFILAR
 6
CONTINUOUS
 62
94
 2
ROCIADOR_AUTOMATICO_IPCI
10
22.5811
20
46.627057
30
2.5
41
0.04375
42
0.04375
43
1
 50
0
 0
TEXT
 8
TEXTO_NUDOS
 6
CONTINUOUS
 62
94
10
22.5811
20
46.742682
30
2.5
11
22.5811
21
46.742682
31
2.5
 1
100
 7
ROMANS
 40
0.06
 41
1
 50
0
 72
1
 73
0
 0
INSERT
 8
UNIFILAR
 6
CONTINUOUS
 62
94
 2
NUDO_DERIVACION_IPCI
10
12.372285
20
43.358608
30
2.5
41
0.045
42
0.045
43
1
 50
0
 0
TEXT
 8
TEXTO_NUDOS
 6
CONTINUOUS
 62
94
10
12.372285
20
43.442358
30
2.5
11
12.372285
21
43.442358
31
2.5
 1
91
 7
ROMANS
 40
0.06
 41
1
 50
0
 72
1
 73
0
 0
INSERT
 8
UNIFILAR
 6
CONTINUOUS
 62
94
 2
ROCIADOR_AUTOMATICO_IPCI
10
13.957431
20
45.438608
30
2.5
41
0.04375
42
0.04375
43
1
 50
0
 0
TEXT
 8
TEXTO_NUDOS
 6
CONTINUOUS
 62
94
10
13.957431
20
45.554233
30
2.5
11
13.957431
21
45.554233
31
2.5
 1
93
 7
ROMANS
 40
0.06
 41
1
 50
0
 72
1
 73
0
 0
INSERT
 8
UNIFILAR
 6
CONTINUOUS
 62
94
 2
NUDO_DERIVACION_IPCI
10
12.372285
20
45.438608
30
2.5
41
0.045
42
0.045
43
1
 50
0
 0
TEXT
 8
TEXTO_NUDOS
 6
CONTINUOUS
 62
94
10
12.372285
20
45.522358
30
2.5
11
12.372285
21
45.522358
31
2.5
 1
92
 7
ROMANS
 40
0.06
 41
1
 50
0
 72
1
 73
0
 0
INSERT
 8
UNIFILAR
 6
CONTINUOUS
 62
94
 2
NUDO_PASO_IPCI
10
23.441094
20
46.623655
30
2.5
41
0.02
42
0.02
43
1
 50
0
 0
INSERT
 8
UNIFILAR
 6
CONTINUOUS
 62
94
 2
ROCIADOR_AUTOMATICO_IPCI
10
30.564006
20
46.984242
30
2.5
41
0.04375
42
0.04375
43
1
 50
0
 0
TEXT
 8
TEXTO_NUDOS
 6
CONTINUOUS
 62
94
10
30.564006
20
47.099867
30
2.5
11
30.564006
21
47.099867
31
2.5
 1
102
 7
ROMANS
 40
0.06
 41
1
 50
0
 72
1
 73
0
 0
INSERT
 8
UNIFILAR
 6
CONTINUOUS
 62
94
 2
ROCIADOR_AUTOMATICO_IPCI
10
26.926059
20
47.600303
30
2.5
41
0.04375
42
0.04375
43
1
 50
0
 0
TEXT
 8
TEXTO_NUDOS
 6
CONTINUOUS
 62
94
10
26.926059
20
47.715928
30
2.5
11
26.926059
21
47.715928
31
2.5
 1
101
 7
ROMANS
 40
0.06
 41
1
 50
0
 72
1
 73
0
 0
INSERT
 8
UNIFILAR
 6
CONTINUOUS
 62
94
 2
NUDO_PASO_IPCI
10
24.5531
20
47.600303
30
2.5
41
0.02
42
0.02
43
1
 50
0
 0
INSERT
 8
UNIFILAR
 6
CONTINUOUS
 62
94
 2
NUDO_PASO_IPCI
10
30.564006
20
47.600303
30
2.5
41
0.02
42
0.02
43
1
 50
0
 0
INSERT
 8
UNIFILAR
 6
CONTINUOUS
 62
94
 2
NUDO_PASO_IPCI
10
7.329658
20
54.533989
30
2.5
41
0.02
42
0.02
43
1
 50
0
 0
INSERT
 8
UNIFILAR
 6
CONTINUOUS
 62
94
 2
NUDO_PASO_IPCI
10
19.627012
20
54.533989
30
2.5
41
0.02
42
0.02
43
1
 50
0
 0
INSERT
 8
UNIFILAR
 6
CONTINUOUS
 62
94
 2
NUDO_DERIVACION_IPCI
10
19.626851
20
51.26554
30
2.5
41
0.045
42
0.045
43
1
 50
0
 0
TEXT
 8
TEXTO_NUDOS
 6
CONTINUOUS
 62
94
10
19.626851
20
51.34929
30
2.5
11
19.626851
21
51.34929
31
2.5
 1
115
 7
ROMANS
 40
0.06
 41
1
 50
0
 72
1
 73
0
 0
INSERT
 8
UNIFILAR
 6
CONTINUOUS
 62
94
 2
ROCIADOR_AUTOMATICO_IPCI
10
8.414726
20
53.036191
30
2.5
41
0.04375
42
0.04375
43
1
 50
0
 0
TEXT
 8
TEXTO_NUDOS
 6
CONTINUOUS
 62
94
10
8.414726
20
53.151816
30
2.5
11
8.414726
21
53.151816
31
2.5
 1
107
 7
ROMANS
 40
0.06
 41
1
 50
0
 72
1
 73
0
 0
INSERT
 8
UNIFILAR
 6
CONTINUOUS
 62
94
 2
ROCIADOR_AUTOMATICO_IPCI
10
4.641822
20
52.220841
30
2.5
41
0.04375
42
0.04375
43
1
 50
0
 0
TEXT
 8
TEXTO_NUDOS
 6
CONTINUOUS
 62
94
10
4.641822
20
52.336466
30
2.5
11
4.641822
21
52.336466
31
2.5
 1
105
 7
ROMANS
 40
0.06
 41
1
 50
0
 72
1
 73
0
 0
INSERT
 8
UNIFILAR
 6
CONTINUOUS
 62
94
 2
NUDO_DERIVACION_IPCI
10
7.331632
20
52.220847
30
2.5
41
0.045
42
0.045
43
1
 50
0
 0
TEXT
 8
TEXTO_NUDOS
 6
CONTINUOUS
 62
94
10
7.331632
20
52.304597
30
2.5
11
7.331632
21
52.304597
31
2.5
 1
104
 7
ROMANS
 40
0.06
 41
1
 50
0
 72
1
 73
0
 0
INSERT
 8
UNIFILAR
 6
CONTINUOUS
 62
94
 2
NUDO_DERIVACION_IPCI
10
7.329658
20
53.036191
30
2.5
41
0.045
42
0.045
43
1
 50
0
 0
TEXT
 8
TEXTO_NUDOS
 6
CONTINUOUS
 62
94
10
7.329658
20
53.119941
30
2.5
11
7.329658
21
53.119941
31
2.5
 1
106
 7
ROMANS
 40
0.06
 41
1
 50
0
 72
1
 73
0
 0
INSERT
 8
UNIFILAR
 6
CONTINUOUS
 62
94
 2
ROCIADOR_AUTOMATICO_IPCI
10
10.592285
20
51.292913
30
2.5
41
0.04375
42
0.04375
43
1
 50
0
 0
TEXT
 8
TEXTO_NUDOS
 6
CONTINUOUS
 62
94
10
10.592285
20
51.408538
30
2.5
11
10.592285
21
51.408538
31
2.5
 1
111
 7
ROMANS
 40
0.06
 41
1
 50
0
 72
1
 73
0
 0
INSERT
 8
UNIFILAR
 6
CONTINUOUS
 62
94
 2
ROCIADOR_AUTOMATICO_IPCI
10
16.296289
20
54.533989
30
2.5
41
0.04375
42
0.04375
43
1
 50
0
 0
TEXT
 8
TEXTO_NUDOS
 6
CONTINUOUS
 62
94
10
16.296289
20
54.649614
30
2.5
11
16.296289
21
54.649614
31
2.5
 1
112
 7
ROMANS
 40
0.06
 41
1
 50
0
 72
1
 73
0
 0
INSERT
 8
UNIFILAR
 6
CONTINUOUS
 62
94
 2
ROCIADOR_AUTOMATICO_IPCI
10
18.424769
20
50.063458
30
2.5
41
0.04375
42
0.04375
43
1
 50
0
 0
TEXT
 8
TEXTO_NUDOS
 6
CONTINUOUS
 62
94
10
18.424769
20
50.179083
30
2.5
11
18.424769
21
50.179083
31
2.5
 1
116
 7
ROMANS
 40
0.06
 41
1
 50
0
 72
1
 73
0
 0
INSERT
 8
UNIFILAR
 6
CONTINUOUS
 62
94
 2
ROCIADOR_AUTOMATICO_IPCI
10
22.167035
20
53.301718
30
2.5
41
0.04375
42
0.04375
43
1
 50
0
 0
TEXT
 8
TEXTO_NUDOS
 6
CONTINUOUS
 62
94
10
22.167035
20
53.417343
30
2.5
11
22.167035
21
53.417343
31
2.5
 1
114
 7
ROMANS
 40
0.06
 41
1
 50
0
 72
1
 73
0
 0
INSERT
 8
UNIFILAR
 6
CONTINUOUS
 62
94
 2
ROCIADOR_AUTOMATICO_IPCI
10
19.627035
20
53.301718
30
2.5
41
0.04375
42
0.04375
43
1
 50
0
 0
TEXT
 8
TEXTO_NUDOS
 6
CONTINUOUS
 62
94
10
19.627035
20
53.417343
30
2.5
11
19.627035
21
53.417343
31
2.5
 1
113
 7
ROMANS
 40
0.06
 41
1
 50
0
 72
1
 73
0
 0
INSERT
 8
UNIFILAR
 6
CONTINUOUS
 62
94
 2
ROCIADOR_AUTOMATICO_IPCI
10
22.5811
20
51.26554
30
2.5
41
0.04375
42
0.04375
43
1
 50
0
 0
TEXT
 8
TEXTO_NUDOS
 6
CONTINUOUS
 62
94
10
22.5811
20
51.381165
30
2.5
11
22.5811
21
51.381165
31
2.5
 1
117
 7
ROMANS
 40
0.06
 41
1
 50
0
 72
1
 73
0
 0
INSERT
 8
UNIFILAR
 6
CONTINUOUS
 62
94
 2
NUDO_DERIVACION_IPCI
10
12.372285
20
54.533989
30
2.5
41
0.045
42
0.045
43
1
 50
0
 0
TEXT
 8
TEXTO_NUDOS
 6
CONTINUOUS
 62
94
10
12.372285
20
54.617739
30
2.5
11
12.372285
21
54.617739
31
2.5
 1
108
 7
ROMANS
 40
0.06
 41
1
 50
0
 72
1
 73
0
 0
INSERT
 8
UNIFILAR
 6
CONTINUOUS
 62
94
 2
ROCIADOR_AUTOMATICO_IPCI
10
13.957431
20
52.453989
30
2.5
41
0.04375
42
0.04375
43
1
 50
0
 0
TEXT
 8
TEXTO_NUDOS
 6
CONTINUOUS
 62
94
10
13.957431
20
52.569614
30
2.5
11
13.957431
21
52.569614
31
2.5
 1
110
 7
ROMANS
 40
0.06
 41
1
 50
0
 72
1
 73
0
 0
INSERT
 8
UNIFILAR
 6
CONTINUOUS
 62
94
 2
NUDO_DERIVACION_IPCI
10
12.372285
20
52.453989
30
2.5
41
0.045
42
0.045
43
1
 50
0
 0
TEXT
 8
TEXTO_NUDOS
 6
CONTINUOUS
 62
94
10
12.372285
20
52.537739
30
2.5
11
12.372285
21
52.537739
31
2.5
 1
109
 7
ROMANS
 40
0.06
 41
1
 50
0
 72
1
 73
0
 0
INSERT
 8
UNIFILAR
 6
CONTINUOUS
 62
94
 2
NUDO_PASO_IPCI
10
23.441094
20
51.268942
30
2.5
41
0.02
42
0.02
43
1
 50
0
 0
INSERT
 8
UNIFILAR
 6
CONTINUOUS
 62
94
 2
ROCIADOR_AUTOMATICO_IPCI
10
30.564006
20
50.908355
30
2.5
41
0.04375
42
0.04375
43
1
 50
0
 0
TEXT
 8
TEXTO_NUDOS
 6
CONTINUOUS
 62
94
10
30.564006
20
51.02398
30
2.5
11
30.564006
21
51.02398
31
2.5
 1
119
 7
ROMANS
 40
0.06
 41
1
 50
0
 72
1
 73
0
 0
INSERT
 8
UNIFILAR
 6
CONTINUOUS
 62
94
 2
ROCIADOR_AUTOMATICO_IPCI
10
26.926059
20
50.292294
30
2.5
41
0.04375
42
0.04375
43
1
 50
0
 0
TEXT
 8
TEXTO_NUDOS
 6
CONTINUOUS
 62
94
10
26.926059
20
50.407919
30
2.5
11
26.926059
21
50.407919
31
2.5
 1
118
 7
ROMANS
 40
0.06
 41
1
 50
0
 72
1
 73
0
 0
INSERT
 8
UNIFILAR
 6
CONTINUOUS
 62
94
 2
NUDO_PASO_IPCI
10
24.5531
20
50.292294
30
2.5
41
0.02
42
0.02
43
1
 50
0
 0
INSERT
 8
UNIFILAR
 6
CONTINUOUS
 62
94
 2
NUDO_PASO_IPCI
10
30.564006
20
50.292294
30
2.5
41
0.02
42
0.02
43
1
 50
0
 0
INSERT
 8
UNIFILAR
 6
CONTINUOUS
 62
94
 2
ROCIADOR_AUTOMATICO_IPCI
10
6.891743
20
48.904005
30
2.5
41
0.04375
42
0.04375
43
1
 50
0
 0
TEXT
 8
TEXTO_NUDOS
 6
CONTINUOUS
 62
94
10
6.891743
20
49.01963
30
2.5
11
6.891743
21
49.01963
31
2.5
 1
120
 7
ROMANS
 40
0.06
 41
1
 50
0
 72
1
 73
0
 0
INSERT
 8
UNIFILAR
 6
CONTINUOUS
 62
94
 2
ROCIADOR_AUTOMATICO_IPCI
10
3.40177
20
48.905311
30
1.38
41
0.04375
42
0.04375
43
1
 50
0
 0
TEXT
 8
TEXTO_NUDOS
 6
CONTINUOUS
 62
94
10
3.40177
20
49.020936
30
1.38
11
3.40177
21
49.020936
31
1.38
 1
121
 7
ROMANS
 40
0.06
 41
1
 50
0
 72
1
 73
0
 0
INSERT
 8
UNIFILAR
 6
CONTINUOUS
 62
94
 2
NUDO_DERIVACION_IPCI
10
7.331632
20
48.904005
30
2.5
41
0.045
42
0.045
43
1
 50
0
 0
TEXT
 8
TEXTO_NUDOS
 6
CONTINUOUS
 62
94
10
7.331632
20
48.987755
30
2.5
11
7.331632
21
48.987755
31
2.5
 1
103
 7
ROMANS
 40
0.06
 41
1
 50
0
 72
1
 73
0
 0
INSERT
 8
UNIFILAR
 6
CONTINUOUS
 62
94
 2
NUDO_PASO_IPCI
10
5.921743
20
48.904005
30
2.5
41
0.02
42
0.02
43
1
 50
0
 0
INSERT
 8
UNIFILAR
 6
CONTINUOUS
 62
94
 2
NUDO_PASO_IPCI
10
4.161744
20
48.905311
30
1.38
41
0.02
42
0.02
43
1
 50
0
 0
LINE
 8
UNIFILAR
 6
CONTINUOUS
 62
94
10
4.707447
20
45.671756
30
2.5
11
7.297882
21
45.67175
31
2.5
 0
TEXT
 8
TEXTO_RAMAS
 6
CONTINUOUS
 62
94
10
5.986727
20
45.721753
30
2.5
11
5.986727
21
45.721753
31
2.5
 1
87 Ø1"
 7
ROMANS
 40
0.06
 41
1
 50
359.999861
 72
1
 73
0
 0
TEXT
 8
TEXTO_RAMAS
 6
CONTINUOUS
 62
94
10
5.986727
20
45.621753
30
2.5
11
5.986727
21
45.621753
31
2.5
 1
2.69m
 7
ROMANS
 40
0.06
 41
1
 50
359.999861
 72
1
 73
3
 0
LINE
 8
UNIFILAR
 6
CONTINUOUS
 62
94
10
8.349101
20
44.856406
30
2.5
11
7.363408
21
44.856406
31
2.5
 0
TEXT
 8
TEXTO_RAMAS
 6
CONTINUOUS
 62
94
10
7.872192
20
44.906406
30
2.5
11
7.872192
21
44.906406
31
2.5
 1
89 Ø1"
 7
ROMANS
 40
0.06
 41
1
 50
0
 72
1
 73
0
 0
TEXT
 8
TEXTO_RAMAS
 6
CONTINUOUS
 62
94
10
7.872192
20
44.806406
30
2.5
11
7.872192
21
44.806406
31
2.5
 1
1.09m
 7
ROMANS
 40
0.06
 41
1
 50
0
 72
1
 73
3
 0
LINE
 8
UNIFILAR
 6
CONTINUOUS
 62
94
10
7.33155
20
45.638
30
2.5
11
7.32974
21
44.890156
31
2.5
 0
TEXT
 8
TEXTO_RAMAS
 6
CONTINUOUS
 62
94
10
7.280645
20
45.264199
30
2.5
11
7.280645
21
45.264199
31
2.5
 1
88 Ø1 1/4"
 7
ROMANS
 40
0.06
 41
1
 50
89.861308
 72
1
 73
0
 0
TEXT
 8
TEXTO_RAMAS
 6
CONTINUOUS
 62
94
10
7.380645
20
45.263957
30
2.5
11
7.380645
21
45.263957
31
2.5
 1
0.82m
 7
ROMANS
 40
0.06
 41
1
 50
89.861308
 72
1
 73
3
 0
LINE
 8
UNIFILAR
 6
CONTINUOUS
 62
94
10
7.329658
20
44.822656
30
2.5
11
7.329658
21
43.373608
31
2.5
 0
LINE
 8
UNIFILAR
 6
CONTINUOUS
 62
94
10
7.344658
20
43.358608
30
2.5
11
12.338535
21
43.358608
31
2.5
 0
TEXT
 8
TEXTO_RAMAS
 6
CONTINUOUS
 62
94
10
9.850972
20
43.408608
30
2.5
11
9.850972
21
43.408608
31
2.5
 1
90 Ø1 1/4"
 7
ROMANS
 40
0.06
 41
1
 50
0
 72
1
 73
0
 0
TEXT
 8
TEXTO_RAMAS
 6
CONTINUOUS
 62
94
10
9.850972
20
43.308608
30
2.5
11
9.850972
21
43.308608
31
2.5
 1
6.54m
 7
ROMANS
 40
0.06
 41
1
 50
0
 72
1
 73
3
 0
LINE
 8
UNIFILAR
 6
CONTINUOUS
 62
94
10
7.633851
20
46.797057
30
0
11
7.34294
21
46.797057
31
0
 0
LINE
 8
UNIFILAR
 6
CONTINUOUS
 62
94
10
7.32794
20
46.797057
30
0
11
7.330846
21
46.79478
31
1.5
 0
TEXT
 8
TEXTO_RAMAS
 6
CONTINUOUS
 62
94
10
7.497395
20
46.847057
30
0
11
7.497395
21
46.847057
31
0
 1
84 Ø1 1/4"
 7
ROMANS
 40
0.06
 41
1
 50
0
 72
1
 73
0
 0
TEXT
 8
TEXTO_RAMAS
 6
CONTINUOUS
 62
94
10
7.497395
20
46.747057
30
0
11
7.497395
21
46.747057
31
0
 1
0.34m
 7
ROMANS
 40
0.06
 41
1
 50
0
 72
1
 73
3
 0
LINE
 8
UNIFILAR
 6
CONTINUOUS
 62
94
10
7.547395
20
46.783057
30
0
11
7.497395
21
46.797057
31
0
 0
LINE
 8
UNIFILAR
 6
CONTINUOUS
 62
94
10
7.547395
20
46.811057
30
0
11
7.497395
21
46.797057
31
0
 0
LINE
 8
UNIFILAR
 6
CONTINUOUS
 62
94
10
7.330846
20
46.79478
30
1.5
11
7.331632
21
46.794005
31
2.5
 0
TEXT
 8
TEXTO_RAMAS
 6
CONTINUOUS
 62
94
10
7.366335
20
46.830006
30
2
11
7.366335
21
46.830006
31
2
 1
85 Ø1 1/4"
 7
ROMANS
 40
0.06
 41
1
 50
315.419321
 72
1
 73
0
 0
TEXT
 8
TEXTO_RAMAS
 6
CONTINUOUS
 62
94
10
7.296143
20
46.758779
30
2
11
7.296143
21
46.758779
31
2
 1
0m
 7
ROMANS
 40
0.06
 41
1
 50
315.419321
 72
1
 73
3
 0
LINE
 8
UNIFILAR
 6
CONTINUOUS
 62
94
10
7.300841
20
46.810231
30
1.5
11
6.821615
21
47.057012
31
1.5
 0
TEXT
 8
TEXTO_RAMAS
 6
CONTINUOUS
 62
94
10
7.052446
20
46.994384
30
1.5
11
7.052446
21
46.994384
31
1.5
 1
121 Ø1 1/4"
 7
ROMANS
 40
0.06
 41
1
 50
332.753468
 72
1
 73
0
 0
TEXT
 8
TEXTO_RAMAS
 6
CONTINUOUS
 62
94
10
7.006664
20
46.90548
30
1.5
11
7.006664
21
46.90548
31
1.5
 1
0.68m
 7
ROMANS
 40
0.06
 41
1
 50
332.753468
 72
1
 73
3
 0
LINE
 8
UNIFILAR
 6
CONTINUOUS
 62
94
10
7.067598
20
46.914594
30
1.5
11
7.029555
21
46.949932
31
1.5
 0
LINE
 8
UNIFILAR
 6
CONTINUOUS
 62
94
10
7.080417
20
46.939487
30
1.5
11
7.029555
21
46.949932
31
1.5
 0
LINE
 8
UNIFILAR
 6
CONTINUOUS
 62
94
10
7.331632
20
46.760255
30
2.5
11
7.331632
21
45.7055
31
2.5
 0
TEXT
 8
TEXTO_RAMAS
 6
CONTINUOUS
 62
94
10
7.281632
20
46.232877
30
2.5
11
7.281632
21
46.232877
31
2.5
 1
86 Ø1 1/4"
 7
ROMANS
 40
0.06
 41
1
 50
90
 72
1
 73
0
 0
TEXT
 8
TEXTO_RAMAS
 6
CONTINUOUS
 62
94
10
7.381632
20
46.232877
30
2.5
11
7.381632
21
46.232877
31
2.5
 1
1.12m
 7
ROMANS
 40
0.06
 41
1
 50
90
 72
1
 73
3
 0
LINE
 8
UNIFILAR
 6
CONTINUOUS
 62
94
10
12.372285
20
43.392358
30
2.5
11
12.372285
21
45.404858
31
2.5
 0
TEXT
 8
TEXTO_RAMAS
 6
CONTINUOUS
 62
94
10
12.322285
20
44.398608
30
2.5
11
12.322285
21
44.398608
31
2.5
 1
91 Ø1"
 7
ROMANS
 40
0.06
 41
1
 50
90
 72
1
 73
0
 0
TEXT
 8
TEXTO_RAMAS
 6
CONTINUOUS
 62
94
10
12.422285
20
44.398608
30
2.5
11
12.422285
21
44.398608
31
2.5
 1
2.08m
 7
ROMANS
 40
0.06
 41
1
 50
90
 72
1
 73
3
 0
LINE
 8
UNIFILAR
 6
CONTINUOUS
 62
94
10
12.406035
20
45.438608
30
2.5
11
13.891806
21
45.438608
31
2.5
 0
TEXT
 8
TEXTO_RAMAS
 6
CONTINUOUS
 62
94
10
13.164858
20
45.488608
30
2.5
11
13.164858
21
45.488608
31
2.5
 1
92 Ø1"
 7
ROMANS
 40
0.06
 41
1
 50
0
 72
1
 73
0
 0
TEXT
 8
TEXTO_RAMAS
 6
CONTINUOUS
 62
94
10
13.164858
20
45.388608
30
2.5
11
13.164858
21
45.388608
31
2.5
 1
1.59m
 7
ROMANS
 40
0.06
 41
1
 50
0
 72
1
 73
3
 0
LINE
 8
UNIFILAR
 6
CONTINUOUS
 62
94
10
12.406035
20
43.358608
30
2.5
11
16.230664
21
43.358608
31
2.5
 0
TEXT
 8
TEXTO_RAMAS
 6
CONTINUOUS
 62
94
10
14.334287
20
43.408608
30
2.5
11
14.334287
21
43.408608
31
2.5
 1
94 Ø1 1/4"
 7
ROMANS
 40
0.06
 41
1
 50
0
 72
1
 73
0
 0
TEXT
 8
TEXTO_RAMAS
 6
CONTINUOUS
 62
94
10
14.334287
20
43.308608
30
2.5
11
14.334287
21
43.308608
31
2.5
 1
3.92m
 7
ROMANS
 40
0.06
 41
1
 50
0
 72
1
 73
3
 0
LINE
 8
UNIFILAR
 6
CONTINUOUS
 62
94
10
16.361914
20
43.358608
30
2.5
11
19.612012
21
43.358608
31
2.5
 0
LINE
 8
UNIFILAR
 6
CONTINUOUS
 62
94
10
19.627012
20
43.373608
30
2.5
11
19.627034
21
44.525254
31
2.5
 0
TEXT
 8
TEXTO_RAMAS
 6
CONTINUOUS
 62
94
10
17.96165
20
43.408608
30
2.5
11
17.96165
21
43.408608
31
2.5
 1
95 Ø1 1/4"
 7
ROMANS
 40
0.06
 41
1
 50
0
 72
1
 73
0
 0
TEXT
 8
TEXTO_RAMAS
 6
CONTINUOUS
 62
94
10
17.96165
20
43.308608
30
2.5
11
17.96165
21
43.308608
31
2.5
 1
4.56m
 7
ROMANS
 40
0.06
 41
1
 50
0
 72
1
 73
3
 0
LINE
 8
UNIFILAR
 6
CONTINUOUS
 62
94
10
19.69266
20
44.590879
30
2.5
11
22.10141
21
44.590879
31
2.5
 0
TEXT
 8
TEXTO_RAMAS
 6
CONTINUOUS
 62
94
10
20.897035
20
44.640879
30
2.5
11
20.897035
21
44.640879
31
2.5
 1
96 Ø1"
 7
ROMANS
 40
0.06
 41
1
 50
0
 72
1
 73
0
 0
TEXT
 8
TEXTO_RAMAS
 6
CONTINUOUS
 62
94
10
20.897035
20
44.540879
30
2.5
11
20.897035
21
44.540879
31
2.5
 1
2.54m
 7
ROMANS
 40
0.06
 41
1
 50
0
 72
1
 73
3
 0
LINE
 8
UNIFILAR
 6
CONTINUOUS
 62
94
10
19.627029
20
44.656504
30
2.5
11
19.626854
21
46.593307
31
2.5
 0
TEXT
 8
TEXTO_RAMAS
 6
CONTINUOUS
 62
94
10
19.676943
20
45.608973
30
2.5
11
19.676943
21
45.608973
31
2.5
 1
97 Ø1 1/4"
 7
ROMANS
 40
0.06
 41
1
 50
270.005183
 72
1
 73
0
 0
TEXT
 8
TEXTO_RAMAS
 6
CONTINUOUS
 62
94
10
19.576943
20
45.608964
30
2.5
11
19.576943
21
45.608964
31
2.5
 1
2.04m
 7
ROMANS
 40
0.06
 41
1
 50
270.005183
 72
1
 73
3
 0
LINE
 8
UNIFILAR
 6
CONTINUOUS
 62
94
10
12.344017
20
45.457047
30
2.5
11
10.64725
21
46.56383
31
2.5
 0
TEXT
 8
TEXTO_RAMAS
 6
CONTINUOUS
 62
94
10
11.509601
20
46.061024
30
2.5
11
11.509601
21
46.061024
31
2.5
 1
93 Ø1"
 7
ROMANS
 40
0.06
 41
1
 50
326.88401
 72
1
 73
0
 0
TEXT
 8
TEXTO_RAMAS
 6
CONTINUOUS
 62
94
10
11.454968
20
45.977268
30
2.5
11
11.454968
21
45.977268
31
2.5
 1
2.13m
 7
ROMANS
 40
0.06
 41
1
 50
326.88401
 72
1
 73
3
 0
LINE
 8
UNIFILAR
 6
CONTINUOUS
 62
94
10
19.602986
20
46.650922
30
2.5
11
18.471173
21
47.782735
31
2.5
 0
TEXT
 8
TEXTO_RAMAS
 6
CONTINUOUS
 62
94
10
19.061165
20
47.263453
30
2.5
11
19.061165
21
47.263453
31
2.5
 1
98 Ø1"
 7
ROMANS
 40
0.06
 41
1
 50
315
 72
1
 73
0
 0
TEXT
 8
TEXTO_RAMAS
 6
CONTINUOUS
 62
94
10
18.990455
20
47.192743
30
2.5
11
18.990455
21
47.192743
31
2.5
 1
1.7m
 7
ROMANS
 40
0.06
 41
1
 50
315
 72
1
 73
3
 0
LINE
 8
UNIFILAR
 6
CONTINUOUS
 62
94
10
19.660601
20
46.627057
30
2.5
11
22.515475
21
46.627057
31
2.5
 0
TEXT
 8
TEXTO_RAMAS
 6
CONTINUOUS
 62
94
10
21.103975
20
46.677057
30
2.5
11
21.103975
21
46.677057
31
2.5
 1
99 Ø1 1/4"
 7
ROMANS
 40
0.06
 41
1
 50
0
 72
1
 73
0
 0
TEXT
 8
TEXTO_RAMAS
 6
CONTINUOUS
 62
94
10
21.103975
20
46.577057
30
2.5
11
21.103975
21
46.577057
31
2.5
 1
2.95m
 7
ROMANS
 40
0.06
 41
1
 50
0
 72
1
 73
3
 0
LINE
 8
UNIFILAR
 6
CONTINUOUS
 62
94
10
22.646725
20
46.626797
30
2.5
11
23.426094
21
46.623714
31
2.5
 0
LINE
 8
UNIFILAR
 6
CONTINUOUS
 62
94
10
23.452364
20
46.633554
30
2.5
11
24.54183
21
47.590405
31
2.5
 0
LINE
 8
UNIFILAR
 6
CONTINUOUS
 62
94
10
24.5681
20
47.600303
30
2.5
11
26.860434
21
47.600303
31
2.5
 0
TEXT
 8
TEXTO_RAMAS
 6
CONTINUOUS
 62
94
10
25.739579
20
47.650303
30
2.5
11
25.739579
21
47.650303
31
2.5
 1
100 Ø1"
 7
ROMANS
 40
0.06
 41
1
 50
0
 72
1
 73
0
 0
TEXT
 8
TEXTO_RAMAS
 6
CONTINUOUS
 62
94
10
25.739579
20
47.550303
30
2.5
11
25.739579
21
47.550303
31
2.5
 1
4.71m
 7
ROMANS
 40
0.06
 41
1
 50
0
 72
1
 73
3
 0
LINE
 8
UNIFILAR
 6
CONTINUOUS
 62
94
10
26.991684
20
47.600303
30
2.5
11
30.549006
21
47.600303
31
2.5
 0
LINE
 8
UNIFILAR
 6
CONTINUOUS
 62
94
10
30.564006
20
47.585303
30
2.5
11
30.564006
21
47.049867
31
2.5
 0
TEXT
 8
TEXTO_RAMAS
 6
CONTINUOUS
 62
94
10
28.745032
20
47.650303
30
2.5
11
28.745032
21
47.650303
31
2.5
 1
101 Ø1"
 7
ROMANS
 40
0.06
 41
1
 50
0
 72
1
 73
0
 0
TEXT
 8
TEXTO_RAMAS
 6
CONTINUOUS
 62
94
10
28.745032
20
47.550303
30
2.5
11
28.745032
21
47.550303
31
2.5
 1
4.25m
 7
ROMANS
 40
0.06
 41
1
 50
0
 72
1
 73
3
 0
LINE
 8
UNIFILAR
 6
CONTINUOUS
 62
94
10
4.707447
20
52.220841
30
2.5
11
7.297882
21
52.220847
31
2.5
 0
TEXT
 8
TEXTO_RAMAS
 6
CONTINUOUS
 62
94
10
5.986727
20
52.270844
30
2.5
11
5.986727
21
52.270844
31
2.5
 1
104 Ø1"
 7
ROMANS
 40
0.06
 41
1
 50
0.000139
 72
1
 73
0
 0
TEXT
 8
TEXTO_RAMAS
 6
CONTINUOUS
 62
94
10
5.986727
20
52.170844
30
2.5
11
5.986727
21
52.170844
31
2.5
 1
2.69m
 7
ROMANS
 40
0.06
 41
1
 50
0.000139
 72
1
 73
3
 0
LINE
 8
UNIFILAR
 6
CONTINUOUS
 62
94
10
8.349101
20
53.036191
30
2.5
11
7.363408
21
53.036191
31
2.5
 0
TEXT
 8
TEXTO_RAMAS
 6
CONTINUOUS
 62
94
10
7.872192
20
53.086191
30
2.5
11
7.872192
21
53.086191
31
2.5
 1
106 Ø1"
 7
ROMANS
 40
0.06
 41
1
 50
0
 72
1
 73
0
 0
TEXT
 8
TEXTO_RAMAS
 6
CONTINUOUS
 62
94
10
7.872192
20
52.986191
30
2.5
11
7.872192
21
52.986191
31
2.5
 1
1.09m
 7
ROMANS
 40
0.06
 41
1
 50
0
 72
1
 73
3
 0
LINE
 8
UNIFILAR
 6
CONTINUOUS
 62
94
10
7.33155
20
52.254597
30
2.5
11
7.32974
21
53.002441
31
2.5
 0
TEXT
 8
TEXTO_RAMAS
 6
CONTINUOUS
 62
94
10
7.380645
20
52.62864
30
2.5
11
7.380645
21
52.62864
31
2.5
 1
105 Ø1 1/4"
 7
ROMANS
 40
0.06
 41
1
 50
270.138692
 72
1
 73
0
 0
TEXT
 8
TEXTO_RAMAS
 6
CONTINUOUS
 62
94
10
7.280645
20
52.628398
30
2.5
11
7.280645
21
52.628398
31
2.5
 1
0.82m
 7
ROMANS
 40
0.06
 41
1
 50
270.138692
 72
1
 73
3
 0
LINE
 8
UNIFILAR
 6
CONTINUOUS
 62
94
10
7.329658
20
53.069941
30
2.5
11
7.329658
21
54.518989
31
2.5
 0
LINE
 8
UNIFILAR
 6
CONTINUOUS
 62
94
10
7.344658
20
54.533989
30
2.5
11
12.338535
21
54.533989
31
2.5
 0
TEXT
 8
TEXTO_RAMAS
 6
CONTINUOUS
 62
94
10
9.850972
20
54.583989
30
2.5
11
9.850972
21
54.583989
31
2.5
 1
107 Ø1 1/4"
 7
ROMANS
 40
0.06
 41
1
 50
0
 72
1
 73
0
 0
TEXT
 8
TEXTO_RAMAS
 6
CONTINUOUS
 62
94
10
9.850972
20
54.483989
30
2.5
11
9.850972
21
54.483989
31
2.5
 1
6.54m
 7
ROMANS
 40
0.06
 41
1
 50
0
 72
1
 73
3
 0
LINE
 8
UNIFILAR
 6
CONTINUOUS
 62
94
10
12.372285
20
54.500239
30
2.5
11
12.372285
21
52.487739
31
2.5
 0
TEXT
 8
TEXTO_RAMAS
 6
CONTINUOUS
 62
94
10
12.322285
20
53.493989
30
2.5
11
12.322285
21
53.493989
31
2.5
 1
108 Ø1"
 7
ROMANS
 40
0.06
 41
1
 50
90
 72
1
 73
0
 0
TEXT
 8
TEXTO_RAMAS
 6
CONTINUOUS
 62
94
10
12.422285
20
53.493989
30
2.5
11
12.422285
21
53.493989
31
2.5
 1
2.08m
 7
ROMANS
 40
0.06
 41
1
 50
90
 72
1
 73
3
 0
LINE
 8
UNIFILAR
 6
CONTINUOUS
 62
94
10
12.406035
20
52.453989
30
2.5
11
13.891806
21
52.453989
31
2.5
 0
TEXT
 8
TEXTO_RAMAS
 6
CONTINUOUS
 62
94
10
13.164858
20
52.503989
30
2.5
11
13.164858
21
52.503989
31
2.5
 1
109 Ø1"
 7
ROMANS
 40
0.06
 41
1
 50
0
 72
1
 73
0
 0
TEXT
 8
TEXTO_RAMAS
 6
CONTINUOUS
 62
94
10
13.164858
20
52.403989
30
2.5
11
13.164858
21
52.403989
31
2.5
 1
1.59m
 7
ROMANS
 40
0.06
 41
1
 50
0
 72
1
 73
3
 0
LINE
 8
UNIFILAR
 6
CONTINUOUS
 62
94
10
12.406035
20
54.533989
30
2.5
11
16.230664
21
54.533989
31
2.5
 0
TEXT
 8
TEXTO_RAMAS
 6
CONTINUOUS
 62
94
10
14.334287
20
54.583989
30
2.5
11
14.334287
21
54.583989
31
2.5
 1
111 Ø1 1/4"
 7
ROMANS
 40
0.06
 41
1
 50
0
 72
1
 73
0
 0
TEXT
 8
TEXTO_RAMAS
 6
CONTINUOUS
 62
94
10
14.334287
20
54.483989
30
2.5
11
14.334287
21
54.483989
31
2.5
 1
3.92m
 7
ROMANS
 40
0.06
 41
1
 50
0
 72
1
 73
3
 0
LINE
 8
UNIFILAR
 6
CONTINUOUS
 62
94
10
16.361914
20
54.533989
30
2.5
11
19.612012
21
54.533989
31
2.5
 0
LINE
 8
UNIFILAR
 6
CONTINUOUS
 62
94
10
19.627012
20
54.518989
30
2.5
11
19.627034
21
53.367343
31
2.5
 0
TEXT
 8
TEXTO_RAMAS
 6
CONTINUOUS
 62
94
10
17.96165
20
54.583989
30
2.5
11
17.96165
21
54.583989
31
2.5
 1
112 Ø1 1/4"
 7
ROMANS
 40
0.06
 41
1
 50
0
 72
1
 73
0
 0
TEXT
 8
TEXTO_RAMAS
 6
CONTINUOUS
 62
94
10
17.96165
20
54.483989
30
2.5
11
17.96165
21
54.483989
31
2.5
 1
4.56m
 7
ROMANS
 40
0.06
 41
1
 50
0
 72
1
 73
3
 0
LINE
 8
UNIFILAR
 6
CONTINUOUS
 62
94
10
19.69266
20
53.301718
30
2.5
11
22.10141
21
53.301718
31
2.5
 0
TEXT
 8
TEXTO_RAMAS
 6
CONTINUOUS
 62
94
10
20.897035
20
53.351718
30
2.5
11
20.897035
21
53.351718
31
2.5
 1
113 Ø1"
 7
ROMANS
 40
0.06
 41
1
 50
0
 72
1
 73
0
 0
TEXT
 8
TEXTO_RAMAS
 6
CONTINUOUS
 62
94
10
20.897035
20
53.251718
30
2.5
11
20.897035
21
53.251718
31
2.5
 1
2.54m
 7
ROMANS
 40
0.06
 41
1
 50
0
 72
1
 73
3
 0
LINE
 8
UNIFILAR
 6
CONTINUOUS
 62
94
10
19.627029
20
53.236093
30
2.5
11
19.626854
21
51.29929
31
2.5
 0
TEXT
 8
TEXTO_RAMAS
 6
CONTINUOUS
 62
94
10
19.576943
20
52.283633
30
2.5
11
19.576943
21
52.283633
31
2.5
 1
114 Ø1 1/4"
 7
ROMANS
 40
0.06
 41
1
 50
89.994817
 72
1
 73
0
 0
TEXT
 8
TEXTO_RAMAS
 6
CONTINUOUS
 62
94
10
19.676943
20
52.283624
30
2.5
11
19.676943
21
52.283624
31
2.5
 1
2.04m
 7
ROMANS
 40
0.06
 41
1
 50
89.994817
 72
1
 73
3
 0
LINE
 8
UNIFILAR
 6
CONTINUOUS
 62
94
10
12.344017
20
52.43555
30
2.5
11
10.64725
21
51.328766
31
2.5
 0
TEXT
 8
TEXTO_RAMAS
 6
CONTINUOUS
 62
94
10
11.454968
20
51.915329
30
2.5
11
11.454968
21
51.915329
31
2.5
 1
110 Ø1"
 7
ROMANS
 40
0.06
 41
1
 50
33.11599
 72
1
 73
0
 0
TEXT
 8
TEXTO_RAMAS
 6
CONTINUOUS
 62
94
10
11.509601
20
51.831573
30
2.5
11
11.509601
21
51.831573
31
2.5
 1
2.13m
 7
ROMANS
 40
0.06
 41
1
 50
33.11599
 72
1
 73
3
 0
LINE
 8
UNIFILAR
 6
CONTINUOUS
 62
94
10
19.602986
20
51.241675
30
2.5
11
18.471173
21
50.109862
31
2.5
 0
TEXT
 8
TEXTO_RAMAS
 6
CONTINUOUS
 62
94
10
18.990455
20
50.699854
30
2.5
11
18.990455
21
50.699854
31
2.5
 1
115 Ø1"
 7
ROMANS
 40
0.06
 41
1
 50
45
 72
1
 73
0
 0
TEXT
 8
TEXTO_RAMAS
 6
CONTINUOUS
 62
94
10
19.061165
20
50.629144
30
2.5
11
19.061165
21
50.629144
31
2.5
 1
1.7m
 7
ROMANS
 40
0.06
 41
1
 50
45
 72
1
 73
3
 0
LINE
 8
UNIFILAR
 6
CONTINUOUS
 62
94
10
19.660601
20
51.26554
30
2.5
11
22.515475
21
51.26554
31
2.5
 0
TEXT
 8
TEXTO_RAMAS
 6
CONTINUOUS
 62
94
10
21.103975
20
51.31554
30
2.5
11
21.103975
21
51.31554
31
2.5
 1
116 Ø1 1/4"
 7
ROMANS
 40
0.06
 41
1
 50
0
 72
1
 73
0
 0
TEXT
 8
TEXTO_RAMAS
 6
CONTINUOUS
 62
94
10
21.103975
20
51.21554
30
2.5
11
21.103975
21
51.21554
31
2.5
 1
2.95m
 7
ROMANS
 40
0.06
 41
1
 50
0
 72
1
 73
3
 0
LINE
 8
UNIFILAR
 6
CONTINUOUS
 62
94
10
22.646725
20
51.265799
30
2.5
11
23.426094
21
51.268882
31
2.5
 0
LINE
 8
UNIFILAR
 6
CONTINUOUS
 62
94
10
23.452364
20
51.259043
30
2.5
11
24.54183
21
50.302192
31
2.5
 0
LINE
 8
UNIFILAR
 6
CONTINUOUS
 62
94
10
24.5681
20
50.292294
30
2.5
11
26.860434
21
50.292294
31
2.5
 0
TEXT
 8
TEXTO_RAMAS
 6
CONTINUOUS
 62
94
10
25.739579
20
50.342294
30
2.5
11
25.739579
21
50.342294
31
2.5
 1
117 Ø1"
 7
ROMANS
 40
0.06
 41
1
 50
0
 72
1
 73
0
 0
TEXT
 8
TEXTO_RAMAS
 6
CONTINUOUS
 62
94
10
25.739579
20
50.242294
30
2.5
11
25.739579
21
50.242294
31
2.5
 1
4.71m
 7
ROMANS
 40
0.06
 41
1
 50
0
 72
1
 73
3
 0
LINE
 8
UNIFILAR
 6
CONTINUOUS
 62
94
10
26.991684
20
50.292294
30
2.5
11
30.549006
21
50.292294
31
2.5
 0
LINE
 8
UNIFILAR
 6
CONTINUOUS
 62
94
10
30.564006
20
50.307294
30
2.5
11
30.564006
21
50.84273
31
2.5
 0
TEXT
 8
TEXTO_RAMAS
 6
CONTINUOUS
 62
94
10
28.745032
20
50.342294
30
2.5
11
28.745032
21
50.342294
31
2.5
 1
118 Ø1"
 7
ROMANS
 40
0.06
 41
1
 50
360
 72
1
 73
0
 0
TEXT
 8
TEXTO_RAMAS
 6
CONTINUOUS
 62
94
10
28.745032
20
50.242294
30
2.5
11
28.745032
21
50.242294
31
2.5
 1
4.25m
 7
ROMANS
 40
0.06
 41
1
 50
360
 72
1
 73
3
 0
LINE
 8
UNIFILAR
 6
CONTINUOUS
 62
94
10
7.331632
20
46.827755
30
2.5
11
7.331632
21
48.870255
31
2.5
 0
TEXT
 8
TEXTO_RAMAS
 6
CONTINUOUS
 62
94
10
7.281632
20
47.849005
30
2.5
11
7.281632
21
47.849005
31
2.5
 1
102 Ø1 1/4"
 7
ROMANS
 40
0.06
 41
1
 50
90
 72
1
 73
0
 0
TEXT
 8
TEXTO_RAMAS
 6
CONTINUOUS
 62
94
10
7.381632
20
47.849005
30
2.5
11
7.381632
21
47.849005
31
2.5
 1
2.11m
 7
ROMANS
 40
0.06
 41
1
 50
90
 72
1
 73
3
 0
LINE
 8
UNIFILAR
 6
CONTINUOUS
 62
94
10
7.331632
20
48.937755
30
2.5
11
7.331632
21
52.187097
31
2.5
 0
TEXT
 8
TEXTO_RAMAS
 6
CONTINUOUS
 62
94
10
7.281632
20
50.562426
30
2.5
11
7.281632
21
50.562426
31
2.5
 1
103 Ø1 1/4"
 7
ROMANS
 40
0.06
 41
1
 50
90
 72
1
 73
0
 0
TEXT
 8
TEXTO_RAMAS
 6
CONTINUOUS
 62
94
10
7.381632
20
50.562426
30
2.5
11
7.381632
21
50.562426
31
2.5
 1
3.32m
 7
ROMANS
 40
0.06
 41
1
 50
90
 72
1
 73
3
 0
LINE
 8
UNIFILAR
 6
CONTINUOUS
 62
94
10
7.297882
20
48.904005
30
2.5
11
6.957368
21
48.904005
31
2.5
 0
TEXT
 8
TEXTO_RAMAS
 6
CONTINUOUS
 62
94
10
7.111688
20
48.954005
30
2.5
11
7.111688
21
48.954005
31
2.5
 1
119 Ø1"
 7
ROMANS
 40
0.06
 41
1
 50
0
 72
1
 73
0
 0
TEXT
 8
TEXTO_RAMAS
 6
CONTINUOUS
 62
94
10
7.111688
20
48.854005
30
2.5
11
7.111688
21
48.854005
31
2.5
 1
0.44m
 7
ROMANS
 40
0.06
 41
1
 50
0
 72
1
 73
3
 0
LINE
 8
UNIFILAR
 6
CONTINUOUS
 62
94
10
6.826118
20
48.904005
30
2.5
11
5.936743
21
48.904005
31
2.5
 0
LINE
 8
UNIFILAR
 6
CONTINUOUS
 62
94
10
5.906743
20
48.904016
30
2.5
11
4.176744
21
48.9053
31
1.38
 0
LINE
 8
UNIFILAR
 6
CONTINUOUS
 62
94
10
4.146744
20
48.905311
30
1.38
11
3.467395
21
48.905311
31
1.38
 0
TEXT
 8
TEXTO_RAMAS
 6
CONTINUOUS
 62
94
10
5.041781
20
48.954658
30
1.94
11
5.041781
21
48.954658
31
1.94
 1
120 Ø1"
 7
ROMANS
 40
0.06
 41
1
 50
359.957481
 72
1
 73
0
 0
TEXT
 8
TEXTO_RAMAS
 6
CONTINUOUS
 62
94
10
5.041706
20
48.854658
30
1.94
11
5.041706
21
48.854658
31
1.94
 1
3.49m
 7
ROMANS
 40
0.06
 41
1
 50
359.957481
 72
1
 73
3
 0
TEXT
 8
0
 6
CONTINUOUS
 62
7
10
17
20
42.248633
30
0
11
17
21
42.248633
31
0
 1
Planta Cuarta
 7
ROMANS
 40
0.3
 41
1
 50
0
 72
1
 73
3
 0
INSERT
 8
UNIFILAR
 6
CONTINUOUS
 62
94
 2
CONEXION_PLANTAS_IPCI
10
7.664367
20
60.257909
30
0
41
0.022
42
0.022
43
1
 50
0
 0
TEXT
 8
TEXTO_NUDOS
 6
CONTINUOUS
 62
94
10
7.664367
20
60.340909
30
0
11
7.664367
21
60.340909
31
0
 1
123
 7
ROMANS
 40
0.06
 41
1
 50
0
 72
1
 73
0
 0
INSERT
 8
UNIFILAR
 6
CONTINUOUS
 62
4
 2
BOCA_RELLENO_IPCI
10
6.72578
20
60.565936
30
1.5
41
0.0525
42
0.0525
43
1
 50
332.5
 0
INSERT
 8
UNIFILAR
 6
CONTINUOUS
 62
94
 2
BOCA_INCENDIOS_IPCI
10
6.72578
20
60.565936
30
1.5
41
0.0525
42
0.0525
43
1
 50
332.5
 0
TEXT
 8
TEXTO_NUDOS
 6
CONTINUOUS
 62
94
10
6.72578
20
60.898936
30
1.5
11
6.72578
21
60.898936
31
1.5
 1
125
 7
ROMANS
 40
0.06
 41
1
 50
0
 72
1
 73
0
 0
TEXT
 8
TEXTO_NUDOS
 6
CONTINUOUS
 62
94
10
6.72578
20
60.788936
30
1.5
11
6.72578
21
60.788936
31
1.5
 1
52.66
 7
ROMANS
 40
0.06
 41
1
 50
0
 72
1
 73
0
 0
TEXT
 8
TEXTO_NUDOS
 6
CONTINUOUS
 62
94
10
6.72578
20
60.678936
30
1.5
11
6.72578
21
60.678936
31
1.5
 1
1.59
 7
ROMANS
 40
0.06
 41
1
 50
0
 72
1
 73
0
 0
INSERT
 8
UNIFILAR
 6
CONTINUOUS
 62
94
 2
NUDO_PASO_IPCI
10
7.327175
20
56.81946
30
2.5
41
0.02
42
0.02
43
1
 50
0
 0
INSERT
 8
UNIFILAR
 6
CONTINUOUS
 62
94
 2
NUDO_PASO_IPCI
10
19.624528
20
56.81946
30
2.5
41
0.02
42
0.02
43
1
 50
0
 0
INSERT
 8
UNIFILAR
 6
CONTINUOUS
 62
94
 2
NUDO_DERIVACION_IPCI
10
19.624367
20
60.087909
30
2.5
41
0.045
42
0.045
43
1
 50
0
 0
TEXT
 8
TEXTO_NUDOS
 6
CONTINUOUS
 62
94
10
19.624367
20
60.171659
30
2.5
11
19.624367
21
60.171659
31
2.5
 1
138
 7
ROMANS
 40
0.06
 41
1
 50
0
 72
1
 73
0
 0
INSERT
 8
UNIFILAR
 6
CONTINUOUS
 62
94
 2
ROCIADOR_AUTOMATICO_IPCI
10
8.412242
20
58.317258
30
2.5
41
0.04375
42
0.04375
43
1
 50
0
 0
TEXT
 8
TEXTO_NUDOS
 6
CONTINUOUS
 62
94
10
8.412242
20
58.432883
30
2.5
11
8.412242
21
58.432883
31
2.5
 1
130
 7
ROMANS
 40
0.06
 41
1
 50
0
 72
1
 73
0
 0
INSERT
 8
UNIFILAR
 6
CONTINUOUS
 62
94
 2
ROCIADOR_AUTOMATICO_IPCI
10
4.639338
20
59.132608
30
2.5
41
0.04375
42
0.04375
43
1
 50
0
 0
TEXT
 8
TEXTO_NUDOS
 6
CONTINUOUS
 62
94
10
4.639338
20
59.248233
30
2.5
11
4.639338
21
59.248233
31
2.5
 1
128
 7
ROMANS
 40
0.06
 41
1
 50
0
 72
1
 73
0
 0
INSERT
 8
UNIFILAR
 6
CONTINUOUS
 62
94
 2
NUDO_DERIVACION_IPCI
10
7.329148
20
59.132602
30
2.5
41
0.045
42
0.045
43
1
 50
0
 0
TEXT
 8
TEXTO_NUDOS
 6
CONTINUOUS
 62
94
10
7.329148
20
59.216352
30
2.5
11
7.329148
21
59.216352
31
2.5
 1
127
 7
ROMANS
 40
0.06
 41
1
 50
0
 72
1
 73
0
 0
INSERT
 8
UNIFILAR
 6
CONTINUOUS
 62
94
 2
NUDO_DERIVACION_IPCI
10
7.327175
20
58.317258
30
2.5
41
0.045
42
0.045
43
1
 50
0
 0
TEXT
 8
TEXTO_NUDOS
 6
CONTINUOUS
 62
94
10
7.327175
20
58.401008
30
2.5
11
7.327175
21
58.401008
31
2.5
 1
129
 7
ROMANS
 40
0.06
 41
1
 50
0
 72
1
 73
0
 0
INSERT
 8
UNIFILAR
 6
CONTINUOUS
 62
94
 2
NUDO_PASO_IPCI
10
7.325456
20
60.257909
30
0
41
0.02
42
0.02
43
1
 50
0
 0
INSERT
 8
UNIFILAR
 6
CONTINUOUS
 62
94
 2
NUDO_DERIVACION_IPCI
10
7.329148
20
60.254857
30
2.5
41
0.045
42
0.045
43
1
 50
0
 0
TEXT
 8
TEXTO_NUDOS
 6
CONTINUOUS
 62
94
10
7.329148
20
60.338607
30
2.5
11
7.329148
21
60.338607
31
2.5
 1
126
 7
ROMANS
 40
0.06
 41
1
 50
0
 72
1
 73
0
 0
INSERT
 8
UNIFILAR
 6
CONTINUOUS
 62
94
 2
ROCIADOR_AUTOMATICO_IPCI
10
10.589801
20
60.060536
30
2.5
41
0.04375
42
0.04375
43
1
 50
0
 0
TEXT
 8
TEXTO_NUDOS
 6
CONTINUOUS
 62
94
10
10.589801
20
60.176161
30
2.5
11
10.589801
21
60.176161
31
2.5
 1
134
 7
ROMANS
 40
0.06
 41
1
 50
0
 72
1
 73
0
 0
INSERT
 8
UNIFILAR
 6
CONTINUOUS
 62
94
 2
ROCIADOR_AUTOMATICO_IPCI
10
16.293805
20
56.81946
30
2.5
41
0.04375
42
0.04375
43
1
 50
0
 0
TEXT
 8
TEXTO_NUDOS
 6
CONTINUOUS
 62
94
10
16.293805
20
56.935085
30
2.5
11
16.293805
21
56.935085
31
2.5
 1
135
 7
ROMANS
 40
0.06
 41
1
 50
0
 72
1
 73
0
 0
INSERT
 8
UNIFILAR
 6
CONTINUOUS
 62
94
 2
ROCIADOR_AUTOMATICO_IPCI
10
18.422285
20
61.289991
30
2.5
41
0.04375
42
0.04375
43
1
 50
0
 0
TEXT
 8
TEXTO_NUDOS
 6
CONTINUOUS
 62
94
10
18.422285
20
61.405616
30
2.5
11
18.422285
21
61.405616
31
2.5
 1
139
 7
ROMANS
 40
0.06
 41
1
 50
0
 72
1
 73
0
 0
INSERT
 8
UNIFILAR
 6
CONTINUOUS
 62
94
 2
ROCIADOR_AUTOMATICO_IPCI
10
22.164551
20
58.051731
30
2.5
41
0.04375
42
0.04375
43
1
 50
0
 0
TEXT
 8
TEXTO_NUDOS
 6
CONTINUOUS
 62
94
10
22.164551
20
58.167356
30
2.5
11
22.164551
21
58.167356
31
2.5
 1
137
 7
ROMANS
 40
0.06
 41
1
 50
0
 72
1
 73
0
 0
INSERT
 8
UNIFILAR
 6
CONTINUOUS
 62
94
 2
ROCIADOR_AUTOMATICO_IPCI
10
19.624551
20
58.051731
30
2.5
41
0.04375
42
0.04375
43
1
 50
0
 0
TEXT
 8
TEXTO_NUDOS
 6
CONTINUOUS
 62
94
10
19.624551
20
58.167356
30
2.5
11
19.624551
21
58.167356
31
2.5
 1
136
 7
ROMANS
 40
0.06
 41
1
 50
0
 72
1
 73
0
 0
INSERT
 8
UNIFILAR
 6
CONTINUOUS
 62
4
 2
ROCIADOR_RELLENO_IPCI
10
22.578617
20
60.087909
30
2.5
41
0.04375
42
0.04375
43
1
 50
0
 0
INSERT
 8
UNIFILAR
 6
CONTINUOUS
 62
94
 2
ROCIADOR_AUTOMATICO_IPCI
10
22.578617
20
60.087909
30
2.5
41
0.04375
42
0.04375
43
1
 50
0
 0
TEXT
 8
TEXTO_NUDOS
 6
CONTINUOUS
 62
94
10
22.578617
20
60.423534
30
2.5
11
22.578617
21
60.423534
31
2.5
 1
140
 7
ROMANS
 40
0.06
 41
1
 50
0
 72
1
 73
0
 0
TEXT
 8
TEXTO_NUDOS
 6
CONTINUOUS
 62
94
10
22.578617
20
60.313534
30
2.5
11
22.578617
21
60.313534
31
2.5
 1
37.17
 7
ROMANS
 40
0.06
 41
1
 50
0
 72
1
 73
0
 0
TEXT
 8
TEXTO_NUDOS
 6
CONTINUOUS
 62
94
10
22.578617
20
60.203534
30
2.5
11
22.578617
21
60.203534
31
2.5
 1
2.55
 7
ROMANS
 40
0.06
 41
1
 50
0
 72
1
 73
0
 0
INSERT
 8
UNIFILAR
 6
CONTINUOUS
 62
94
 2
NUDO_DERIVACION_IPCI
10
12.369801
20
56.81946
30
2.5
41
0.045
42
0.045
43
1
 50
0
 0
TEXT
 8
TEXTO_NUDOS
 6
CONTINUOUS
 62
94
10
12.369801
20
56.90321
30
2.5
11
12.369801
21
56.90321
31
2.5
 1
131
 7
ROMANS
 40
0.06
 41
1
 50
0
 72
1
 73
0
 0
INSERT
 8
UNIFILAR
 6
CONTINUOUS
 62
94
 2
ROCIADOR_AUTOMATICO_IPCI
10
13.954947
20
58.89946
30
2.5
41
0.04375
42
0.04375
43
1
 50
0
 0
TEXT
 8
TEXTO_NUDOS
 6
CONTINUOUS
 62
94
10
13.954947
20
59.015085
30
2.5
11
13.954947
21
59.015085
31
2.5
 1
133
 7
ROMANS
 40
0.06
 41
1
 50
0
 72
1
 73
0
 0
INSERT
 8
UNIFILAR
 6
CONTINUOUS
 62
94
 2
NUDO_DERIVACION_IPCI
10
12.369801
20
58.89946
30
2.5
41
0.045
42
0.045
43
1
 50
0
 0
TEXT
 8
TEXTO_NUDOS
 6
CONTINUOUS
 62
94
10
12.369801
20
58.98321
30
2.5
11
12.369801
21
58.98321
31
2.5
 1
132
 7
ROMANS
 40
0.06
 41
1
 50
0
 72
1
 73
0
 0
INSERT
 8
UNIFILAR
 6
CONTINUOUS
 62
94
 2
NUDO_PASO_IPCI
10
23.43861
20
60.084507
30
2.5
41
0.02
42
0.02
43
1
 50
0
 0
INSERT
 8
UNIFILAR
 6
CONTINUOUS
 62
4
 2
ROCIADOR_RELLENO_IPCI
10
30.561522
20
60.445094
30
2.5
41
0.04375
42
0.04375
43
1
 50
0
 0
INSERT
 8
UNIFILAR
 6
CONTINUOUS
 62
94
 2
ROCIADOR_AUTOMATICO_IPCI
10
30.561522
20
60.445094
30
2.5
41
0.04375
42
0.04375
43
1
 50
0
 0
TEXT
 8
TEXTO_NUDOS
 6
CONTINUOUS
 62
94
10
30.561522
20
60.780719
30
2.5
11
30.561522
21
60.780719
31
2.5
 1
142
 7
ROMANS
 40
0.06
 41
1
 50
0
 72
1
 73
0
 0
TEXT
 8
TEXTO_NUDOS
 6
CONTINUOUS
 62
94
10
30.561522
20
60.670719
30
2.5
11
30.561522
21
60.670719
31
2.5
 1
28.85
 7
ROMANS
 40
0.06
 41
1
 50
0
 72
1
 73
0
 0
TEXT
 8
TEXTO_NUDOS
 6
CONTINUOUS
 62
94
10
30.561522
20
60.560719
30
2.5
11
30.561522
21
60.560719
31
2.5
 1
2.24
 7
ROMANS
 40
0.06
 41
1
 50
0
 72
1
 73
0
 0
INSERT
 8
UNIFILAR
 6
CONTINUOUS
 62
4
 2
ROCIADOR_RELLENO_IPCI
10
26.923575
20
61.061155
30
2.5
41
0.04375
42
0.04375
43
1
 50
0
 0
INSERT
 8
UNIFILAR
 6
CONTINUOUS
 62
94
 2
ROCIADOR_AUTOMATICO_IPCI
10
26.923575
20
61.061155
30
2.5
41
0.04375
42
0.04375
43
1
 50
0
 0
TEXT
 8
TEXTO_NUDOS
 6
CONTINUOUS
 62
94
10
26.923575
20
61.39678
30
2.5
11
26.923575
21
61.39678
31
2.5
 1
141
 7
ROMANS
 40
0.06
 41
1
 50
0
 72
1
 73
0
 0
TEXT
 8
TEXTO_NUDOS
 6
CONTINUOUS
 62
94
10
26.923575
20
61.28678
30
2.5
11
26.923575
21
61.28678
31
2.5
 1
32.81
 7
ROMANS
 40
0.06
 41
1
 50
0
 72
1
 73
0
 0
TEXT
 8
TEXTO_NUDOS
 6
CONTINUOUS
 62
94
10
26.923575
20
61.17678
30
2.5
11
26.923575
21
61.17678
31
2.5
 1
2.39
 7
ROMANS
 40
0.06
 41
1
 50
0
 72
1
 73
0
 0
INSERT
 8
UNIFILAR
 6
CONTINUOUS
 62
94
 2
NUDO_PASO_IPCI
10
24.550617
20
61.061155
30
2.5
41
0.02
42
0.02
43
1
 50
0
 0
INSERT
 8
UNIFILAR
 6
CONTINUOUS
 62
94
 2
NUDO_PASO_IPCI
10
30.561522
20
61.061155
30
2.5
41
0.02
42
0.02
43
1
 50
0
 0
INSERT
 8
UNIFILAR
 6
CONTINUOUS
 62
94
 2
NUDO_PASO_IPCI
10
7.327175
20
67.994841
30
2.5
41
0.02
42
0.02
43
1
 50
0
 0
INSERT
 8
UNIFILAR
 6
CONTINUOUS
 62
94
 2
NUDO_PASO_IPCI
10
19.624528
20
67.994841
30
2.5
41
0.02
42
0.02
43
1
 50
0
 0
INSERT
 8
UNIFILAR
 6
CONTINUOUS
 62
94
 2
NUDO_DERIVACION_IPCI
10
19.624367
20
64.726392
30
2.5
41
0.045
42
0.045
43
1
 50
0
 0
TEXT
 8
TEXTO_NUDOS
 6
CONTINUOUS
 62
94
10
19.624367
20
64.810142
30
2.5
11
19.624367
21
64.810142
31
2.5
 1
155
 7
ROMANS
 40
0.06
 41
1
 50
0
 72
1
 73
0
 0
INSERT
 8
UNIFILAR
 6
CONTINUOUS
 62
94
 2
ROCIADOR_AUTOMATICO_IPCI
10
8.412242
20
66.497043
30
2.5
41
0.04375
42
0.04375
43
1
 50
0
 0
TEXT
 8
TEXTO_NUDOS
 6
CONTINUOUS
 62
94
10
8.412242
20
66.612668
30
2.5
11
8.412242
21
66.612668
31
2.5
 1
147
 7
ROMANS
 40
0.06
 41
1
 50
0
 72
1
 73
0
 0
INSERT
 8
UNIFILAR
 6
CONTINUOUS
 62
94
 2
ROCIADOR_AUTOMATICO_IPCI
10
4.639338
20
65.681693
30
2.5
41
0.04375
42
0.04375
43
1
 50
0
 0
TEXT
 8
TEXTO_NUDOS
 6
CONTINUOUS
 62
94
10
4.639338
20
65.797318
30
2.5
11
4.639338
21
65.797318
31
2.5
 1
145
 7
ROMANS
 40
0.06
 41
1
 50
0
 72
1
 73
0
 0
INSERT
 8
UNIFILAR
 6
CONTINUOUS
 62
94
 2
NUDO_DERIVACION_IPCI
10
7.329148
20
65.6817
30
2.5
41
0.045
42
0.045
43
1
 50
0
 0
TEXT
 8
TEXTO_NUDOS
 6
CONTINUOUS
 62
94
10
7.329148
20
65.76545
30
2.5
11
7.329148
21
65.76545
31
2.5
 1
144
 7
ROMANS
 40
0.06
 41
1
 50
0
 72
1
 73
0
 0
INSERT
 8
UNIFILAR
 6
CONTINUOUS
 62
94
 2
NUDO_DERIVACION_IPCI
10
7.327175
20
66.497043
30
2.5
41
0.045
42
0.045
43
1
 50
0
 0
TEXT
 8
TEXTO_NUDOS
 6
CONTINUOUS
 62
94
10
7.327175
20
66.580793
30
2.5
11
7.327175
21
66.580793
31
2.5
 1
146
 7
ROMANS
 40
0.06
 41
1
 50
0
 72
1
 73
0
 0
INSERT
 8
UNIFILAR
 6
CONTINUOUS
 62
94
 2
ROCIADOR_AUTOMATICO_IPCI
10
10.589801
20
64.753765
30
2.5
41
0.04375
42
0.04375
43
1
 50
0
 0
TEXT
 8
TEXTO_NUDOS
 6
CONTINUOUS
 62
94
10
10.589801
20
64.86939
30
2.5
11
10.589801
21
64.86939
31
2.5
 1
151
 7
ROMANS
 40
0.06
 41
1
 50
0
 72
1
 73
0
 0
INSERT
 8
UNIFILAR
 6
CONTINUOUS
 62
94
 2
ROCIADOR_AUTOMATICO_IPCI
10
16.293805
20
67.994841
30
2.5
41
0.04375
42
0.04375
43
1
 50
0
 0
TEXT
 8
TEXTO_NUDOS
 6
CONTINUOUS
 62
94
10
16.293805
20
68.110466
30
2.5
11
16.293805
21
68.110466
31
2.5
 1
152
 7
ROMANS
 40
0.06
 41
1
 50
0
 72
1
 73
0
 0
INSERT
 8
UNIFILAR
 6
CONTINUOUS
 62
94
 2
ROCIADOR_AUTOMATICO_IPCI
10
18.422285
20
63.52431
30
2.5
41
0.04375
42
0.04375
43
1
 50
0
 0
TEXT
 8
TEXTO_NUDOS
 6
CONTINUOUS
 62
94
10
18.422285
20
63.639935
30
2.5
11
18.422285
21
63.639935
31
2.5
 1
156
 7
ROMANS
 40
0.06
 41
1
 50
0
 72
1
 73
0
 0
INSERT
 8
UNIFILAR
 6
CONTINUOUS
 62
94
 2
ROCIADOR_AUTOMATICO_IPCI
10
22.164551
20
66.76257
30
2.5
41
0.04375
42
0.04375
43
1
 50
0
 0
TEXT
 8
TEXTO_NUDOS
 6
CONTINUOUS
 62
94
10
22.164551
20
66.878195
30
2.5
11
22.164551
21
66.878195
31
2.5
 1
154
 7
ROMANS
 40
0.06
 41
1
 50
0
 72
1
 73
0
 0
INSERT
 8
UNIFILAR
 6
CONTINUOUS
 62
94
 2
ROCIADOR_AUTOMATICO_IPCI
10
19.624551
20
66.76257
30
2.5
41
0.04375
42
0.04375
43
1
 50
0
 0
TEXT
 8
TEXTO_NUDOS
 6
CONTINUOUS
 62
94
10
19.624551
20
66.878195
30
2.5
11
19.624551
21
66.878195
31
2.5
 1
153
 7
ROMANS
 40
0.06
 41
1
 50
0
 72
1
 73
0
 0
INSERT
 8
UNIFILAR
 6
CONTINUOUS
 62
94
 2
ROCIADOR_AUTOMATICO_IPCI
10
22.578617
20
64.726392
30
2.5
41
0.04375
42
0.04375
43
1
 50
0
 0
TEXT
 8
TEXTO_NUDOS
 6
CONTINUOUS
 62
94
10
22.578617
20
64.842017
30
2.5
11
22.578617
21
64.842017
31
2.5
 1
157
 7
ROMANS
 40
0.06
 41
1
 50
0
 72
1
 73
0
 0
INSERT
 8
UNIFILAR
 6
CONTINUOUS
 62
94
 2
NUDO_DERIVACION_IPCI
10
12.369801
20
67.994841
30
2.5
41
0.045
42
0.045
43
1
 50
0
 0
TEXT
 8
TEXTO_NUDOS
 6
CONTINUOUS
 62
94
10
12.369801
20
68.078591
30
2.5
11
12.369801
21
68.078591
31
2.5
 1
148
 7
ROMANS
 40
0.06
 41
1
 50
0
 72
1
 73
0
 0
INSERT
 8
UNIFILAR
 6
CONTINUOUS
 62
94
 2
ROCIADOR_AUTOMATICO_IPCI
10
13.954947
20
65.914841
30
2.5
41
0.04375
42
0.04375
43
1
 50
0
 0
TEXT
 8
TEXTO_NUDOS
 6
CONTINUOUS
 62
94
10
13.954947
20
66.030466
30
2.5
11
13.954947
21
66.030466
31
2.5
 1
150
 7
ROMANS
 40
0.06
 41
1
 50
0
 72
1
 73
0
 0
INSERT
 8
UNIFILAR
 6
CONTINUOUS
 62
94
 2
NUDO_DERIVACION_IPCI
10
12.369801
20
65.914841
30
2.5
41
0.045
42
0.045
43
1
 50
0
 0
TEXT
 8
TEXTO_NUDOS
 6
CONTINUOUS
 62
94
10
12.369801
20
65.998591
30
2.5
11
12.369801
21
65.998591
31
2.5
 1
149
 7
ROMANS
 40
0.06
 41
1
 50
0
 72
1
 73
0
 0
INSERT
 8
UNIFILAR
 6
CONTINUOUS
 62
94
 2
NUDO_PASO_IPCI
10
23.43861
20
64.729794
30
2.5
41
0.02
42
0.02
43
1
 50
0
 0
INSERT
 8
UNIFILAR
 6
CONTINUOUS
 62
94
 2
ROCIADOR_AUTOMATICO_IPCI
10
30.561522
20
64.369207
30
2.5
41
0.04375
42
0.04375
43
1
 50
0
 0
TEXT
 8
TEXTO_NUDOS
 6
CONTINUOUS
 62
94
10
30.561522
20
64.484832
30
2.5
11
30.561522
21
64.484832
31
2.5
 1
159
 7
ROMANS
 40
0.06
 41
1
 50
0
 72
1
 73
0
 0
INSERT
 8
UNIFILAR
 6
CONTINUOUS
 62
94
 2
ROCIADOR_AUTOMATICO_IPCI
10
26.923575
20
63.753146
30
2.5
41
0.04375
42
0.04375
43
1
 50
0
 0
TEXT
 8
TEXTO_NUDOS
 6
CONTINUOUS
 62
94
10
26.923575
20
63.868771
30
2.5
11
26.923575
21
63.868771
31
2.5
 1
158
 7
ROMANS
 40
0.06
 41
1
 50
0
 72
1
 73
0
 0
INSERT
 8
UNIFILAR
 6
CONTINUOUS
 62
94
 2
NUDO_PASO_IPCI
10
24.550617
20
63.753146
30
2.5
41
0.02
42
0.02
43
1
 50
0
 0
INSERT
 8
UNIFILAR
 6
CONTINUOUS
 62
94
 2
NUDO_PASO_IPCI
10
30.561522
20
63.753146
30
2.5
41
0.02
42
0.02
43
1
 50
0
 0
INSERT
 8
UNIFILAR
 6
CONTINUOUS
 62
94
 2
ROCIADOR_AUTOMATICO_IPCI
10
6.889259
20
62.364857
30
2.5
41
0.04375
42
0.04375
43
1
 50
0
 0
TEXT
 8
TEXTO_NUDOS
 6
CONTINUOUS
 62
94
10
6.889259
20
62.480482
30
2.5
11
6.889259
21
62.480482
31
2.5
 1
160
 7
ROMANS
 40
0.06
 41
1
 50
0
 72
1
 73
0
 0
INSERT
 8
UNIFILAR
 6
CONTINUOUS
 62
94
 2
ROCIADOR_AUTOMATICO_IPCI
10
3.399286
20
62.366163
30
1.38
41
0.04375
42
0.04375
43
1
 50
0
 0
TEXT
 8
TEXTO_NUDOS
 6
CONTINUOUS
 62
94
10
3.399286
20
62.481788
30
1.38
11
3.399286
21
62.481788
31
1.38
 1
161
 7
ROMANS
 40
0.06
 41
1
 50
0
 72
1
 73
0
 0
INSERT
 8
UNIFILAR
 6
CONTINUOUS
 62
94
 2
NUDO_DERIVACION_IPCI
10
7.329148
20
62.364857
30
2.5
41
0.045
42
0.045
43
1
 50
0
 0
TEXT
 8
TEXTO_NUDOS
 6
CONTINUOUS
 62
94
10
7.329148
20
62.448607
30
2.5
11
7.329148
21
62.448607
31
2.5
 1
143
 7
ROMANS
 40
0.06
 41
1
 50
0
 72
1
 73
0
 0
INSERT
 8
UNIFILAR
 6
CONTINUOUS
 62
94
 2
NUDO_PASO_IPCI
10
5.919259
20
62.364857
30
2.5
41
0.02
42
0.02
43
1
 50
0
 0
INSERT
 8
UNIFILAR
 6
CONTINUOUS
 62
94
 2
NUDO_PASO_IPCI
10
4.15926
20
62.366163
30
1.38
41
0.02
42
0.02
43
1
 50
0
 0
INSERT
 8
UNIFILAR
 6
CONTINUOUS
 62
94
 2
NUDO_DERIVACION_IPCI
10
7.329664
20
60.254153
30
1.5
41
0.045
42
0.045
43
1
 50
0
 0
TEXT
 8
TEXTO_NUDOS
 6
CONTINUOUS
 62
94
10
7.329664
20
60.337903
30
1.5
11
7.329664
21
60.337903
31
1.5
 1
124
 7
ROMANS
 40
0.06
 41
1
 50
0
 72
1
 73
0
 0
LINE
 8
UNIFILAR
 6
CONTINUOUS
 62
94
10
4.704963
20
59.132608
30
2.5
11
7.295398
21
59.132602
31
2.5
 0
TEXT
 8
TEXTO_RAMAS
 6
CONTINUOUS
 62
94
10
5.984243
20
59.182605
30
2.5
11
5.984243
21
59.182605
31
2.5
 1
127 Ø1"
 7
ROMANS
 40
0.06
 41
1
 50
359.999861
 72
1
 73
0
 0
TEXT
 8
TEXTO_RAMAS
 6
CONTINUOUS
 62
94
10
5.984243
20
59.082605
30
2.5
11
5.984243
21
59.082605
31
2.5
 1
2.69m
 7
ROMANS
 40
0.06
 41
1
 50
359.999861
 72
1
 73
3
 0
LINE
 8
UNIFILAR
 6
CONTINUOUS
 62
94
10
8.346617
20
58.317258
30
2.5
11
7.360925
21
58.317258
31
2.5
 0
TEXT
 8
TEXTO_RAMAS
 6
CONTINUOUS
 62
94
10
7.869708
20
58.367258
30
2.5
11
7.869708
21
58.367258
31
2.5
 1
129 Ø1"
 7
ROMANS
 40
0.06
 41
1
 50
0
 72
1
 73
0
 0
TEXT
 8
TEXTO_RAMAS
 6
CONTINUOUS
 62
94
10
7.869708
20
58.267258
30
2.5
11
7.869708
21
58.267258
31
2.5
 1
1.09m
 7
ROMANS
 40
0.06
 41
1
 50
0
 72
1
 73
3
 0
LINE
 8
UNIFILAR
 6
CONTINUOUS
 62
94
10
7.329067
20
59.098852
30
2.5
11
7.327256
21
58.351008
31
2.5
 0
TEXT
 8
TEXTO_RAMAS
 6
CONTINUOUS
 62
94
10
7.278162
20
58.725051
30
2.5
11
7.278162
21
58.725051
31
2.5
 1
128 Ø2"
 7
ROMANS
 40
0.06
 41
1
 50
89.861308
 72
1
 73
0
 0
TEXT
 8
TEXTO_RAMAS
 6
CONTINUOUS
 62
94
10
7.378161
20
58.724809
30
2.5
11
7.378161
21
58.724809
31
2.5
 1
0.82m
 7
ROMANS
 40
0.06
 41
1
 50
89.861308
 72
1
 73
3
 0
LINE
 8
UNIFILAR
 6
CONTINUOUS
 62
94
10
7.342283
20
58.774896
30
2.5
11
7.328162
21
58.72493
31
2.5
 0
LINE
 8
UNIFILAR
 6
CONTINUOUS
 62
94
10
7.314283
20
58.774964
30
2.5
11
7.328162
21
58.72493
31
2.5
 0
LINE
 8
UNIFILAR
 6
CONTINUOUS
 62
94
10
7.327175
20
58.283508
30
2.5
11
7.327175
21
56.83446
31
2.5
 0
LINE
 8
UNIFILAR
 6
CONTINUOUS
 62
94
10
7.342175
20
56.81946
30
2.5
11
12.336051
21
56.81946
31
2.5
 0
TEXT
 8
TEXTO_RAMAS
 6
CONTINUOUS
 62
94
10
9.848488
20
56.86946
30
2.5
11
9.848488
21
56.86946
31
2.5
 1
130 Ø2"
 7
ROMANS
 40
0.06
 41
1
 50
0
 72
1
 73
0
 0
TEXT
 8
TEXTO_RAMAS
 6
CONTINUOUS
 62
94
10
9.848488
20
56.76946
30
2.5
11
9.848488
21
56.76946
31
2.5
 1
6.54m
 7
ROMANS
 40
0.06
 41
1
 50
0
 72
1
 73
3
 0
LINE
 8
UNIFILAR
 6
CONTINUOUS
 62
94
10
9.798488
20
56.83346
30
2.5
11
9.848488
21
56.81946
31
2.5
 0
LINE
 8
UNIFILAR
 6
CONTINUOUS
 62
94
10
9.798488
20
56.80546
30
2.5
11
9.848488
21
56.81946
31
2.5
 0
LINE
 8
UNIFILAR
 6
CONTINUOUS
 62
94
10
7.631367
20
60.257909
30
0
11
7.340456
21
60.257909
31
0
 0
LINE
 8
UNIFILAR
 6
CONTINUOUS
 62
94
10
7.325456
20
60.257909
30
0
11
7.329664
21
60.254153
31
1.5
 0
TEXT
 8
TEXTO_RAMAS
 6
CONTINUOUS
 62
94
10
7.494912
20
60.307909
30
0
11
7.494912
21
60.307909
31
0
 1
123 Ø1 1/4"
 7
ROMANS
 40
0.06
 41
1
 50
0
 72
1
 73
0
 0
TEXT
 8
TEXTO_RAMAS
 6
CONTINUOUS
 62
94
10
7.494912
20
60.207909
30
0
11
7.494912
21
60.207909
31
0
 1
0.34m
 7
ROMANS
 40
0.06
 41
1
 50
0
 72
1
 73
3
 0
LINE
 8
UNIFILAR
 6
CONTINUOUS
 62
94
10
7.544912
20
60.243909
30
0
11
7.494912
21
60.257909
31
0
 0
LINE
 8
UNIFILAR
 6
CONTINUOUS
 62
94
10
7.544912
20
60.271909
30
0
11
7.494912
21
60.257909
31
0
 0
LINE
 8
UNIFILAR
 6
CONTINUOUS
 62
94
10
12.369801
20
56.85321
30
2.5
11
12.369801
21
58.86571
31
2.5
 0
TEXT
 8
TEXTO_RAMAS
 6
CONTINUOUS
 62
94
10
12.319801
20
57.85946
30
2.5
11
12.319801
21
57.85946
31
2.5
 1
131 Ø1"
 7
ROMANS
 40
0.06
 41
1
 50
90
 72
1
 73
0
 0
TEXT
 8
TEXTO_RAMAS
 6
CONTINUOUS
 62
94
10
12.419801
20
57.85946
30
2.5
11
12.419801
21
57.85946
31
2.5
 1
2.08m
 7
ROMANS
 40
0.06
 41
1
 50
90
 72
1
 73
3
 0
LINE
 8
UNIFILAR
 6
CONTINUOUS
 62
94
10
12.403551
20
58.89946
30
2.5
11
13.889322
21
58.89946
31
2.5
 0
TEXT
 8
TEXTO_RAMAS
 6
CONTINUOUS
 62
94
10
13.162374
20
58.94946
30
2.5
11
13.162374
21
58.94946
31
2.5
 1
132 Ø1"
 7
ROMANS
 40
0.06
 41
1
 50
0
 72
1
 73
0
 0
TEXT
 8
TEXTO_RAMAS
 6
CONTINUOUS
 62
94
10
13.162374
20
58.84946
30
2.5
11
13.162374
21
58.84946
31
2.5
 1
1.59m
 7
ROMANS
 40
0.06
 41
1
 50
0
 72
1
 73
3
 0
LINE
 8
UNIFILAR
 6
CONTINUOUS
 62
94
10
12.403551
20
56.81946
30
2.5
11
16.22818
21
56.81946
31
2.5
 0
TEXT
 8
TEXTO_RAMAS
 6
CONTINUOUS
 62
94
10
14.331803
20
56.86946
30
2.5
11
14.331803
21
56.86946
31
2.5
 1
134 Ø2"
 7
ROMANS
 40
0.06
 41
1
 50
0
 72
1
 73
0
 0
TEXT
 8
TEXTO_RAMAS
 6
CONTINUOUS
 62
94
10
14.331803
20
56.76946
30
2.5
11
14.331803
21
56.76946
31
2.5
 1
3.92m
 7
ROMANS
 40
0.06
 41
1
 50
0
 72
1
 73
3
 0
LINE
 8
UNIFILAR
 6
CONTINUOUS
 62
94
10
14.281803
20
56.83346
30
2.5
11
14.331803
21
56.81946
31
2.5
 0
LINE
 8
UNIFILAR
 6
CONTINUOUS
 62
94
10
14.281803
20
56.80546
30
2.5
11
14.331803
21
56.81946
31
2.5
 0
LINE
 8
UNIFILAR
 6
CONTINUOUS
 62
94
10
16.35943
20
56.81946
30
2.5
11
19.609528
21
56.81946
31
2.5
 0
LINE
 8
UNIFILAR
 6
CONTINUOUS
 62
94
10
19.624528
20
56.83446
30
2.5
11
19.62455
21
57.986106
31
2.5
 0
TEXT
 8
TEXTO_RAMAS
 6
CONTINUOUS
 62
94
10
17.959167
20
56.86946
30
2.5
11
17.959167
21
56.86946
31
2.5
 1
135 Ø2"
 7
ROMANS
 40
0.06
 41
1
 50
0
 72
1
 73
0
 0
TEXT
 8
TEXTO_RAMAS
 6
CONTINUOUS
 62
94
10
17.959167
20
56.76946
30
2.5
11
17.959167
21
56.76946
31
2.5
 1
4.56m
 7
ROMANS
 40
0.06
 41
1
 50
0
 72
1
 73
3
 0
LINE
 8
UNIFILAR
 6
CONTINUOUS
 62
94
10
17.909167
20
56.83346
30
2.5
11
17.959167
21
56.81946
31
2.5
 0
LINE
 8
UNIFILAR
 6
CONTINUOUS
 62
94
10
17.909167
20
56.80546
30
2.5
11
17.959167
21
56.81946
31
2.5
 0
LINE
 8
UNIFILAR
 6
CONTINUOUS
 62
94
10
19.690176
20
58.051731
30
2.5
11
22.098926
21
58.051731
31
2.5
 0
TEXT
 8
TEXTO_RAMAS
 6
CONTINUOUS
 62
94
10
20.894551
20
58.101731
30
2.5
11
20.894551
21
58.101731
31
2.5
 1
136 Ø1"
 7
ROMANS
 40
0.06
 41
1
 50
0
 72
1
 73
0
 0
TEXT
 8
TEXTO_RAMAS
 6
CONTINUOUS
 62
94
10
20.894551
20
58.001731
30
2.5
11
20.894551
21
58.001731
31
2.5
 1
2.54m
 7
ROMANS
 40
0.06
 41
1
 50
0
 72
1
 73
3
 0
LINE
 8
UNIFILAR
 6
CONTINUOUS
 62
94
10
19.624545
20
58.117356
30
2.5
11
19.62437
21
60.054159
31
2.5
 0
TEXT
 8
TEXTO_RAMAS
 6
CONTINUOUS
 62
94
10
19.674459
20
59.069825
30
2.5
11
19.674459
21
59.069825
31
2.5
 1
137 Ø1 1/4"
 7
ROMANS
 40
0.06
 41
1
 50
270.005183
 72
1
 73
0
 0
TEXT
 8
TEXTO_RAMAS
 6
CONTINUOUS
 62
94
10
19.574459
20
59.069816
30
2.5
11
19.574459
21
59.069816
31
2.5
 1
2.04m
 7
ROMANS
 40
0.06
 41
1
 50
270.005183
 72
1
 73
3
 0
LINE
 8
UNIFILAR
 6
CONTINUOUS
 62
94
10
19.610464
20
59.019819
30
2.5
11
19.624459
21
59.06982
31
2.5
 0
LINE
 8
UNIFILAR
 6
CONTINUOUS
 62
94
10
19.638464
20
59.019821
30
2.5
11
19.624459
21
59.06982
31
2.5
 0
LINE
 8
UNIFILAR
 6
CONTINUOUS
 62
94
10
12.341533
20
58.917899
30
2.5
11
10.644766
21
60.024683
31
2.5
 0
TEXT
 8
TEXTO_RAMAS
 6
CONTINUOUS
 62
94
10
11.507118
20
59.521876
30
2.5
11
11.507118
21
59.521876
31
2.5
 1
133 Ø1"
 7
ROMANS
 40
0.06
 41
1
 50
326.88401
 72
1
 73
0
 0
TEXT
 8
TEXTO_RAMAS
 6
CONTINUOUS
 62
94
10
11.452484
20
59.43812
30
2.5
11
11.452484
21
59.43812
31
2.5
 1
2.13m
 7
ROMANS
 40
0.06
 41
1
 50
326.88401
 72
1
 73
3
 0
LINE
 8
UNIFILAR
 6
CONTINUOUS
 62
94
10
19.600502
20
60.111774
30
2.5
11
18.468689
21
61.243587
31
2.5
 0
TEXT
 8
TEXTO_RAMAS
 6
CONTINUOUS
 62
94
10
19.058682
20
60.724305
30
2.5
11
19.058682
21
60.724305
31
2.5
 1
138 Ø1"
 7
ROMANS
 40
0.06
 41
1
 50
315
 72
1
 73
0
 0
TEXT
 8
TEXTO_RAMAS
 6
CONTINUOUS
 62
94
10
18.987971
20
60.653595
30
2.5
11
18.987971
21
60.653595
31
2.5
 1
1.7m
 7
ROMANS
 40
0.06
 41
1
 50
315
 72
1
 73
3
 0
LINE
 8
UNIFILAR
 6
CONTINUOUS
 62
94
10
19.658117
20
60.087909
30
2.5
11
22.512992
21
60.087909
31
2.5
 0
TEXT
 8
TEXTO_RAMAS
 6
CONTINUOUS
 62
94
10
21.101492
20
60.137909
30
2.5
11
21.101492
21
60.137909
31
2.5
 1
139 Ø1 1/2"
 7
ROMANS
 40
0.06
 41
1
 50
0
 72
1
 73
0
 0
TEXT
 8
TEXTO_RAMAS
 6
CONTINUOUS
 62
94
10
21.101492
20
60.037909
30
2.5
11
21.101492
21
60.037909
31
2.5
 1
2.95m
 7
ROMANS
 40
0.06
 41
1
 50
0
 72
1
 73
3
 0
LINE
 8
UNIFILAR
 6
CONTINUOUS
 62
94
10
21.051492
20
60.101909
30
2.5
11
21.101492
21
60.087909
31
2.5
 0
LINE
 8
UNIFILAR
 6
CONTINUOUS
 62
94
10
21.051492
20
60.073909
30
2.5
11
21.101492
21
60.087909
31
2.5
 0
LINE
 8
UNIFILAR
 6
CONTINUOUS
 62
94
10
22.644241
20
60.08765
30
2.5
11
23.42361
21
60.084567
31
2.5
 0
LINE
 8
UNIFILAR
 6
CONTINUOUS
 62
94
10
23.44988
20
60.094406
30
2.5
11
24.539346
21
61.051257
31
2.5
 0
LINE
 8
UNIFILAR
 6
CONTINUOUS
 62
94
10
24.565617
20
61.061155
30
2.5
11
26.85795
21
61.061155
31
2.5
 0
TEXT
 8
TEXTO_RAMAS
 6
CONTINUOUS
 62
94
10
25.737096
20
61.111155
30
2.5
11
25.737096
21
61.111155
31
2.5
 1
140 Ø1 1/4"
 7
ROMANS
 40
0.06
 41
1
 50
0
 72
1
 73
0
 0
TEXT
 8
TEXTO_RAMAS
 6
CONTINUOUS
 62
94
10
25.737096
20
61.011155
30
2.5
11
25.737096
21
61.011155
31
2.5
 1
4.71m
 7
ROMANS
 40
0.06
 41
1
 50
0
 72
1
 73
3
 0
LINE
 8
UNIFILAR
 6
CONTINUOUS
 62
94
10
25.687096
20
61.075155
30
2.5
11
25.737096
21
61.061155
31
2.5
 0
LINE
 8
UNIFILAR
 6
CONTINUOUS
 62
94
10
25.687096
20
61.047155
30
2.5
11
25.737096
21
61.061155
31
2.5
 0
LINE
 8
UNIFILAR
 6
CONTINUOUS
 62
94
10
26.9892
20
61.061155
30
2.5
11
30.546522
21
61.061155
31
2.5
 0
LINE
 8
UNIFILAR
 6
CONTINUOUS
 62
94
10
30.561522
20
61.046155
30
2.5
11
30.561522
21
60.510719
31
2.5
 0
TEXT
 8
TEXTO_RAMAS
 6
CONTINUOUS
 62
94
10
28.742548
20
61.111155
30
2.5
11
28.742548
21
61.111155
31
2.5
 1
141 Ø1"
 7
ROMANS
 40
0.06
 41
1
 50
0
 72
1
 73
0
 0
TEXT
 8
TEXTO_RAMAS
 6
CONTINUOUS
 62
94
10
28.742548
20
61.011155
30
2.5
11
28.742548
21
61.011155
31
2.5
 1
4.25m
 7
ROMANS
 40
0.06
 41
1
 50
0
 72
1
 73
3
 0
LINE
 8
UNIFILAR
 6
CONTINUOUS
 62
94
10
28.692548
20
61.075155
30
2.5
11
28.742548
21
61.061155
31
2.5
 0
LINE
 8
UNIFILAR
 6
CONTINUOUS
 62
94
10
28.692548
20
61.047155
30
2.5
11
28.742548
21
61.061155
31
2.5
 0
LINE
 8
UNIFILAR
 6
CONTINUOUS
 62
94
10
4.704963
20
65.681693
30
2.5
11
7.295398
21
65.681699
31
2.5
 0
TEXT
 8
TEXTO_RAMAS
 6
CONTINUOUS
 62
94
10
5.984243
20
65.731696
30
2.5
11
5.984243
21
65.731696
31
2.5
 1
144 Ø1"
 7
ROMANS
 40
0.06
 41
1
 50
0.000139
 72
1
 73
0
 0
TEXT
 8
TEXTO_RAMAS
 6
CONTINUOUS
 62
94
10
5.984243
20
65.631696
30
2.5
11
5.984243
21
65.631696
31
2.5
 1
2.69m
 7
ROMANS
 40
0.06
 41
1
 50
0.000139
 72
1
 73
3
 0
LINE
 8
UNIFILAR
 6
CONTINUOUS
 62
94
10
8.346617
20
66.497043
30
2.5
11
7.360925
21
66.497043
31
2.5
 0
TEXT
 8
TEXTO_RAMAS
 6
CONTINUOUS
 62
94
10
7.869708
20
66.547043
30
2.5
11
7.869708
21
66.547043
31
2.5
 1
146 Ø1"
 7
ROMANS
 40
0.06
 41
1
 50
0
 72
1
 73
0
 0
TEXT
 8
TEXTO_RAMAS
 6
CONTINUOUS
 62
94
10
7.869708
20
66.447043
30
2.5
11
7.869708
21
66.447043
31
2.5
 1
1.09m
 7
ROMANS
 40
0.06
 41
1
 50
0
 72
1
 73
3
 0
LINE
 8
UNIFILAR
 6
CONTINUOUS
 62
94
10
7.329067
20
65.715449
30
2.5
11
7.327256
21
66.463293
31
2.5
 0
TEXT
 8
TEXTO_RAMAS
 6
CONTINUOUS
 62
94
10
7.378161
20
66.089492
30
2.5
11
7.378161
21
66.089492
31
2.5
 1
145 Ø1 1/4"
 7
ROMANS
 40
0.06
 41
1
 50
270.138692
 72
1
 73
0
 0
TEXT
 8
TEXTO_RAMAS
 6
CONTINUOUS
 62
94
10
7.278162
20
66.08925
30
2.5
11
7.278162
21
66.08925
31
2.5
 1
0.82m
 7
ROMANS
 40
0.06
 41
1
 50
270.138692
 72
1
 73
3
 0
LINE
 8
UNIFILAR
 6
CONTINUOUS
 62
94
10
7.327175
20
66.530793
30
2.5
11
7.327175
21
67.979841
31
2.5
 0
LINE
 8
UNIFILAR
 6
CONTINUOUS
 62
94
10
7.342175
20
67.994841
30
2.5
11
12.336051
21
67.994841
31
2.5
 0
TEXT
 8
TEXTO_RAMAS
 6
CONTINUOUS
 62
94
10
9.848488
20
68.044841
30
2.5
11
9.848488
21
68.044841
31
2.5
 1
147 Ø1 1/4"
 7
ROMANS
 40
0.06
 41
1
 50
0
 72
1
 73
0
 0
TEXT
 8
TEXTO_RAMAS
 6
CONTINUOUS
 62
94
10
9.848488
20
67.944841
30
2.5
11
9.848488
21
67.944841
31
2.5
 1
6.54m
 7
ROMANS
 40
0.06
 41
1
 50
0
 72
1
 73
3
 0
LINE
 8
UNIFILAR
 6
CONTINUOUS
 62
94
10
12.369801
20
67.961091
30
2.5
11
12.369801
21
65.948591
31
2.5
 0
TEXT
 8
TEXTO_RAMAS
 6
CONTINUOUS
 62
94
10
12.319801
20
66.954841
30
2.5
11
12.319801
21
66.954841
31
2.5
 1
148 Ø1"
 7
ROMANS
 40
0.06
 41
1
 50
90
 72
1
 73
0
 0
TEXT
 8
TEXTO_RAMAS
 6
CONTINUOUS
 62
94
10
12.419801
20
66.954841
30
2.5
11
12.419801
21
66.954841
31
2.5
 1
2.08m
 7
ROMANS
 40
0.06
 41
1
 50
90
 72
1
 73
3
 0
LINE
 8
UNIFILAR
 6
CONTINUOUS
 62
94
10
12.403551
20
65.914841
30
2.5
11
13.889322
21
65.914841
31
2.5
 0
TEXT
 8
TEXTO_RAMAS
 6
CONTINUOUS
 62
94
10
13.162374
20
65.964841
30
2.5
11
13.162374
21
65.964841
31
2.5
 1
149 Ø1"
 7
ROMANS
 40
0.06
 41
1
 50
0
 72
1
 73
0
 0
TEXT
 8
TEXTO_RAMAS
 6
CONTINUOUS
 62
94
10
13.162374
20
65.864841
30
2.5
11
13.162374
21
65.864841
31
2.5
 1
1.59m
 7
ROMANS
 40
0.06
 41
1
 50
0
 72
1
 73
3
 0
LINE
 8
UNIFILAR
 6
CONTINUOUS
 62
94
10
12.403551
20
67.994841
30
2.5
11
16.22818
21
67.994841
31
2.5
 0
TEXT
 8
TEXTO_RAMAS
 6
CONTINUOUS
 62
94
10
14.331803
20
68.044841
30
2.5
11
14.331803
21
68.044841
31
2.5
 1
151 Ø1 1/4"
 7
ROMANS
 40
0.06
 41
1
 50
0
 72
1
 73
0
 0
TEXT
 8
TEXTO_RAMAS
 6
CONTINUOUS
 62
94
10
14.331803
20
67.944841
30
2.5
11
14.331803
21
67.944841
31
2.5
 1
3.92m
 7
ROMANS
 40
0.06
 41
1
 50
0
 72
1
 73
3
 0
LINE
 8
UNIFILAR
 6
CONTINUOUS
 62
94
10
16.35943
20
67.994841
30
2.5
11
19.609528
21
67.994841
31
2.5
 0
LINE
 8
UNIFILAR
 6
CONTINUOUS
 62
94
10
19.624528
20
67.979841
30
2.5
11
19.62455
21
66.828195
31
2.5
 0
TEXT
 8
TEXTO_RAMAS
 6
CONTINUOUS
 62
94
10
17.959167
20
68.044841
30
2.5
11
17.959167
21
68.044841
31
2.5
 1
152 Ø1 1/4"
 7
ROMANS
 40
0.06
 41
1
 50
0
 72
1
 73
0
 0
TEXT
 8
TEXTO_RAMAS
 6
CONTINUOUS
 62
94
10
17.959167
20
67.944841
30
2.5
11
17.959167
21
67.944841
31
2.5
 1
4.56m
 7
ROMANS
 40
0.06
 41
1
 50
0
 72
1
 73
3
 0
LINE
 8
UNIFILAR
 6
CONTINUOUS
 62
94
10
19.690176
20
66.76257
30
2.5
11
22.098926
21
66.76257
31
2.5
 0
TEXT
 8
TEXTO_RAMAS
 6
CONTINUOUS
 62
94
10
20.894551
20
66.81257
30
2.5
11
20.894551
21
66.81257
31
2.5
 1
153 Ø1"
 7
ROMANS
 40
0.06
 41
1
 50
0
 72
1
 73
0
 0
TEXT
 8
TEXTO_RAMAS
 6
CONTINUOUS
 62
94
10
20.894551
20
66.71257
30
2.5
11
20.894551
21
66.71257
31
2.5
 1
2.54m
 7
ROMANS
 40
0.06
 41
1
 50
0
 72
1
 73
3
 0
LINE
 8
UNIFILAR
 6
CONTINUOUS
 62
94
10
19.624545
20
66.696945
30
2.5
11
19.62437
21
64.760142
31
2.5
 0
TEXT
 8
TEXTO_RAMAS
 6
CONTINUOUS
 62
94
10
19.574459
20
65.744486
30
2.5
11
19.574459
21
65.744486
31
2.5
 1
154 Ø1 1/4"
 7
ROMANS
 40
0.06
 41
1
 50
89.994817
 72
1
 73
0
 0
TEXT
 8
TEXTO_RAMAS
 6
CONTINUOUS
 62
94
10
19.674459
20
65.744476
30
2.5
11
19.674459
21
65.744476
31
2.5
 1
2.04m
 7
ROMANS
 40
0.06
 41
1
 50
89.994817
 72
1
 73
3
 0
LINE
 8
UNIFILAR
 6
CONTINUOUS
 62
94
10
12.341533
20
65.896402
30
2.5
11
10.644766
21
64.789619
31
2.5
 0
TEXT
 8
TEXTO_RAMAS
 6
CONTINUOUS
 62
94
10
11.452484
20
65.376181
30
2.5
11
11.452484
21
65.376181
31
2.5
 1
150 Ø1"
 7
ROMANS
 40
0.06
 41
1
 50
33.11599
 72
1
 73
0
 0
TEXT
 8
TEXTO_RAMAS
 6
CONTINUOUS
 62
94
10
11.507118
20
65.292425
30
2.5
11
11.507118
21
65.292425
31
2.5
 1
2.13m
 7
ROMANS
 40
0.06
 41
1
 50
33.11599
 72
1
 73
3
 0
LINE
 8
UNIFILAR
 6
CONTINUOUS
 62
94
10
19.600502
20
64.702527
30
2.5
11
18.468689
21
63.570714
31
2.5
 0
TEXT
 8
TEXTO_RAMAS
 6
CONTINUOUS
 62
94
10
18.987971
20
64.160707
30
2.5
11
18.987971
21
64.160707
31
2.5
 1
155 Ø1"
 7
ROMANS
 40
0.06
 41
1
 50
45
 72
1
 73
0
 0
TEXT
 8
TEXTO_RAMAS
 6
CONTINUOUS
 62
94
10
19.058682
20
64.089996
30
2.5
11
19.058682
21
64.089996
31
2.5
 1
1.7m
 7
ROMANS
 40
0.06
 41
1
 50
45
 72
1
 73
3
 0
LINE
 8
UNIFILAR
 6
CONTINUOUS
 62
94
10
19.658117
20
64.726392
30
2.5
11
22.512992
21
64.726392
31
2.5
 0
TEXT
 8
TEXTO_RAMAS
 6
CONTINUOUS
 62
94
10
21.101492
20
64.776392
30
2.5
11
21.101492
21
64.776392
31
2.5
 1
156 Ø1 1/4"
 7
ROMANS
 40
0.06
 41
1
 50
0
 72
1
 73
0
 0
TEXT
 8
TEXTO_RAMAS
 6
CONTINUOUS
 62
94
10
21.101492
20
64.676392
30
2.5
11
21.101492
21
64.676392
31
2.5
 1
2.95m
 7
ROMANS
 40
0.06
 41
1
 50
0
 72
1
 73
3
 0
LINE
 8
UNIFILAR
 6
CONTINUOUS
 62
94
10
22.644241
20
64.726652
30
2.5
11
23.42361
21
64.729735
31
2.5
 0
LINE
 8
UNIFILAR
 6
CONTINUOUS
 62
94
10
23.44988
20
64.719895
30
2.5
11
24.539346
21
63.763044
31
2.5
 0
LINE
 8
UNIFILAR
 6
CONTINUOUS
 62
94
10
24.565617
20
63.753146
30
2.5
11
26.85795
21
63.753146
31
2.5
 0
TEXT
 8
TEXTO_RAMAS
 6
CONTINUOUS
 62
94
10
25.737096
20
63.803146
30
2.5
11
25.737096
21
63.803146
31
2.5
 1
157 Ø1"
 7
ROMANS
 40
0.06
 41
1
 50
0
 72
1
 73
0
 0
TEXT
 8
TEXTO_RAMAS
 6
CONTINUOUS
 62
94
10
25.737096
20
63.703146
30
2.5
11
25.737096
21
63.703146
31
2.5
 1
4.71m
 7
ROMANS
 40
0.06
 41
1
 50
0
 72
1
 73
3
 0
LINE
 8
UNIFILAR
 6
CONTINUOUS
 62
94
10
26.9892
20
63.753146
30
2.5
11
30.546522
21
63.753146
31
2.5
 0
LINE
 8
UNIFILAR
 6
CONTINUOUS
 62
94
10
30.561522
20
63.768146
30
2.5
11
30.561522
21
64.303582
31
2.5
 0
TEXT
 8
TEXTO_RAMAS
 6
CONTINUOUS
 62
94
10
28.742548
20
63.803146
30
2.5
11
28.742548
21
63.803146
31
2.5
 1
158 Ø1"
 7
ROMANS
 40
0.06
 41
1
 50
360
 72
1
 73
0
 0
TEXT
 8
TEXTO_RAMAS
 6
CONTINUOUS
 62
94
10
28.742548
20
63.703146
30
2.5
11
28.742548
21
63.703146
31
2.5
 1
4.25m
 7
ROMANS
 40
0.06
 41
1
 50
360
 72
1
 73
3
 0
LINE
 8
UNIFILAR
 6
CONTINUOUS
 62
94
10
7.329148
20
62.398607
30
2.5
11
7.329148
21
65.64795
31
2.5
 0
TEXT
 8
TEXTO_RAMAS
 6
CONTINUOUS
 62
94
10
7.279148
20
64.023278
30
2.5
11
7.279148
21
64.023278
31
2.5
 1
143 Ø1 1/4"
 7
ROMANS
 40
0.06
 41
1
 50
90
 72
1
 73
0
 0
TEXT
 8
TEXTO_RAMAS
 6
CONTINUOUS
 62
94
10
7.379148
20
64.023278
30
2.5
11
7.379148
21
64.023278
31
2.5
 1
3.32m
 7
ROMANS
 40
0.06
 41
1
 50
90
 72
1
 73
3
 0
LINE
 8
UNIFILAR
 6
CONTINUOUS
 62
94
10
7.295398
20
62.364857
30
2.5
11
6.954884
21
62.364857
31
2.5
 0
TEXT
 8
TEXTO_RAMAS
 6
CONTINUOUS
 62
94
10
7.109204
20
62.414857
30
2.5
11
7.109204
21
62.414857
31
2.5
 1
159 Ø1"
 7
ROMANS
 40
0.06
 41
1
 50
0
 72
1
 73
0
 0
TEXT
 8
TEXTO_RAMAS
 6
CONTINUOUS
 62
94
10
7.109204
20
62.314857
30
2.5
11
7.109204
21
62.314857
31
2.5
 1
0.44m
 7
ROMANS
 40
0.06
 41
1
 50
0
 72
1
 73
3
 0
LINE
 8
UNIFILAR
 6
CONTINUOUS
 62
94
10
6.823634
20
62.364857
30
2.5
11
5.934259
21
62.364857
31
2.5
 0
LINE
 8
UNIFILAR
 6
CONTINUOUS
 62
94
10
5.904259
20
62.364868
30
2.5
11
4.17426
21
62.366152
31
1.38
 0
LINE
 8
UNIFILAR
 6
CONTINUOUS
 62
94
10
4.14426
20
62.366163
30
1.38
11
3.464911
21
62.366163
31
1.38
 0
TEXT
 8
TEXTO_RAMAS
 6
CONTINUOUS
 62
94
10
5.039297
20
62.41551
30
1.94
11
5.039297
21
62.41551
31
1.94
 1
160 Ø1"
 7
ROMANS
 40
0.06
 41
1
 50
359.957481
 72
1
 73
0
 0
TEXT
 8
TEXTO_RAMAS
 6
CONTINUOUS
 62
94
10
5.039223
20
62.31551
30
1.94
11
5.039223
21
62.31551
31
1.94
 1
3.49m
 7
ROMANS
 40
0.06
 41
1
 50
359.957481
 72
1
 73
3
 0
LINE
 8
UNIFILAR
 6
CONTINUOUS
 62
94
10
7.329148
20
60.221107
30
2.5
11
7.329148
21
59.166352
31
2.5
 0
TEXT
 8
TEXTO_RAMAS
 6
CONTINUOUS
 62
94
10
7.279148
20
59.693729
30
2.5
11
7.279148
21
59.693729
31
2.5
 1
126 Ø1 1/4"
 7
ROMANS
 40
0.06
 41
1
 50
90
 72
1
 73
0
 0
TEXT
 8
TEXTO_RAMAS
 6
CONTINUOUS
 62
94
10
7.379148
20
59.693729
30
2.5
11
7.379148
21
59.693729
31
2.5
 1
1.12m
 7
ROMANS
 40
0.06
 41
1
 50
90
 72
1
 73
3
 0
LINE
 8
UNIFILAR
 6
CONTINUOUS
 62
94
10
7.343148
20
59.743729
30
2.5
11
7.329148
21
59.693729
31
2.5
 0
LINE
 8
UNIFILAR
 6
CONTINUOUS
 62
94
10
7.315148
20
59.743729
30
2.5
11
7.329148
21
59.693729
31
2.5
 0
LINE
 8
UNIFILAR
 6
CONTINUOUS
 62
94
10
7.329148
20
60.288607
30
2.5
11
7.329148
21
62.331107
31
2.5
 0
TEXT
 8
TEXTO_RAMAS
 6
CONTINUOUS
 62
94
10
7.279148
20
61.309857
30
2.5
11
7.279148
21
61.309857
31
2.5
 1
142 Ø1 1/4"
 7
ROMANS
 40
0.06
 41
1
 50
90
 72
1
 73
0
 0
TEXT
 8
TEXTO_RAMAS
 6
CONTINUOUS
 62
94
10
7.379148
20
61.309857
30
2.5
11
7.379148
21
61.309857
31
2.5
 1
2.11m
 7
ROMANS
 40
0.06
 41
1
 50
90
 72
1
 73
3
 0
LINE
 8
UNIFILAR
 6
CONTINUOUS
 62
94
10
7.299675
20
60.269636
30
1.5
11
6.81908
21
60.517766
31
1.5
 0
TEXT
 8
TEXTO_RAMAS
 6
CONTINUOUS
 62
94
10
7.05066
20
60.454472
30
1.5
11
7.05066
21
60.454472
31
1.5
 1
124 Ø1 1/4"
 7
ROMANS
 40
0.06
 41
1
 50
332.692845
 72
1
 73
0
 0
TEXT
 8
TEXTO_RAMAS
 6
CONTINUOUS
 62
94
10
7.004784
20
60.365616
30
1.5
11
7.004784
21
60.365616
31
1.5
 1
0.68m
 7
ROMANS
 40
0.06
 41
1
 50
332.692845
 72
1
 73
3
 0
LINE
 8
UNIFILAR
 6
CONTINUOUS
 62
94
10
7.065728
20
60.374666
30
1.5
11
7.027722
21
60.410044
31
1.5
 0
LINE
 8
UNIFILAR
 6
CONTINUOUS
 62
94
10
7.078573
20
60.399546
30
1.5
11
7.027722
21
60.410044
31
1.5
 0
LINE
 8
UNIFILAR
 6
CONTINUOUS
 62
94
10
7.329664
20
60.254153
30
1.5
11
7.329148
21
60.254857
31
2.5
 0
TEXT
 8
TEXTO_RAMAS
 6
CONTINUOUS
 62
94
10
7.369752
20
60.284038
30
2
11
7.369752
21
60.284038
31
2
 1
125 Ø2 1/2"
 7
ROMANS
 40
0.06
 41
1
 50
306.203555
 72
1
 73
0
 0
TEXT
 8
TEXTO_RAMAS
 6
CONTINUOUS
 62
94
10
7.28906
20
60.224972
30
2
11
7.28906
21
60.224972
31
2
 1
0m
 7
ROMANS
 40
0.06
 41
1
 50
306.203555
 72
1
 73
3
 0
LINE
 8
UNIFILAR
 6
CONTINUOUS
 62
94
10
7.347642
20
60.20589
30
1.95
11
7.329406
21
60.254505
31
2
 0
LINE
 8
UNIFILAR
 6
CONTINUOUS
 62
94
10
7.370236
20
60.222428
30
1.95
11
7.329406
21
60.254505
31
2
 0
TEXT
 8
0
 6
CONTINUOUS
 62
7
10
17
20
55.709485
30
0
11
17
21
55.709485
31
0
 1
Planta Quinta
 7
ROMANS
 40
0.3
 41
1
 50
0
 72
1
 73
3
 0
LINE
 8
0
 6
CONTINUOUS
 62
7
10
7
20
72.670599
30
0
11
7
21
70.170599
31
0
 0
LINE
 8
0
 6
CONTINUOUS
 62
7
10
7
20
70.170599
30
0
11
27
21
70.170599
31
0
 0
LINE
 8
0
 6
CONTINUOUS
 62
7
10
27
20
70.170599
30
0
11
27
21
72.670599
31
0
 0
TEXT
 8
0
 6
CONTINUOUS
 62
7
10
27.2
20
70.170599
30
0
11
27.2
21
70.170599
31
0
 1
Sotano
 7
ROMANS
 40
0.3
 41
1
 50
0
 72
0
 73
0
 0
LINE
 8
0
 6
CONTINUOUS
 62
7
10
7
20
75.270599
30
0
11
7
21
72.670599
31
0
 0
LINE
 8
0
 6
CONTINUOUS
 62
7
10
7
20
72.670599
30
0
11
27
21
72.670599
31
0
 0
LINE
 8
0
 6
CONTINUOUS
 62
7
10
27
20
72.670599
30
0
11
27
21
75.270599
31
0
 0
TEXT
 8
0
 6
CONTINUOUS
 62
7
10
27.2
20
72.670599
30
0
11
27.2
21
72.670599
31
0
 1
Primera
 7
ROMANS
 40
0.3
 41
1
 50
0
 72
0
 73
0
 0
LINE
 8
0
 6
CONTINUOUS
 62
7
10
7
20
77.870599
30
0
11
7
21
75.270599
31
0
 0
LINE
 8
0
 6
CONTINUOUS
 62
7
10
7
20
75.270599
30
0
11
27
21
75.270599
31
0
 0
LINE
 8
0
 6
CONTINUOUS
 62
7
10
27
20
75.270599
30
0
11
27
21
77.870599
31
0
 0
TEXT
 8
0
 6
CONTINUOUS
 62
7
10
27.2
20
75.270599
30
0
11
27.2
21
75.270599
31
0
 1
Segunda
 7
ROMANS
 40
0.3
 41
1
 50
0
 72
0
 73
0
 0
LINE
 8
0
 6
CONTINUOUS
 62
7
10
7
20
80.470599
30
0
11
7
21
77.870599
31
0
 0
LINE
 8
0
 6
CONTINUOUS
 62
7
10
7
20
77.870599
30
0
11
27
21
77.870599
31
0
 0
LINE
 8
0
 6
CONTINUOUS
 62
7
10
27
20
77.870599
30
0
11
27
21
80.470599
31
0
 0
TEXT
 8
0
 6
CONTINUOUS
 62
7
10
27.2
20
77.870599
30
0
11
27.2
21
77.870599
31
0
 1
Tercera
 7
ROMANS
 40
0.3
 41
1
 50
0
 72
0
 73
0
 0
LINE
 8
0
 6
CONTINUOUS
 62
7
10
7
20
83.070599
30
0
11
7
21
80.470599
31
0
 0
LINE
 8
0
 6
CONTINUOUS
 62
7
10
7
20
80.470599
30
0
11
27
21
80.470599
31
0
 0
LINE
 8
0
 6
CONTINUOUS
 62
7
10
27
20
80.470599
30
0
11
27
21
83.070599
31
0
 0
TEXT
 8
0
 6
CONTINUOUS
 62
7
10
27.2
20
80.470599
30
0
11
27.2
21
80.470599
31
0
 1
Cuarta
 7
ROMANS
 40
0.3
 41
1
 50
0
 72
0
 73
0
 0
LINE
 8
0
 6
CONTINUOUS
 62
7
10
7
20
85.670599
30
0
11
7
21
83.070599
31
0
 0
LINE
 8
0
 6
CONTINUOUS
 62
7
10
7
20
83.070599
30
0
11
27
21
83.070599
31
0
 0
LINE
 8
0
 6
CONTINUOUS
 62
7
10
27
20
83.070599
30
0
11
27
21
85.670599
31
0
 0
TEXT
 8
0
 6
CONTINUOUS
 62
7
10
27.2
20
83.070599
30
0
11
27.2
21
83.070599
31
0
 1
Quinta
 7
ROMANS
 40
0.3
 41
1
 50
0
 72
0
 73
0
 0
INSERT
 8
UNIFILAR
 6
CONTINUOUS
 62
94
 2
CONEXION_PLANTAS_IPCI
10
17
20
70.170599
30
0
41
0.055
42
0.055
43
1
 50
0
 0
TEXT
 8
TEXTO_NUDOS
 6
CONTINUOUS
 62
94
10
16.785
20
70.385599
30
0
11
16.785
21
70.385599
31
0
 1
4
 7
ROMANS
 40
0.13
 41
1
 50
0
 72
2
 73
0
 0
INSERT
 8
UNIFILAR
 6
CONTINUOUS
 62
94
 2
CONEXION_PLANTAS_IPCI
10
17
20
72.670599
30
0
41
0.055
42
0.055
43
1
 50
0
 0
TEXT
 8
TEXTO_NUDOS
 6
CONTINUOUS
 62
94
10
16.785
20
72.885599
30
0
11
16.785
21
72.885599
31
0
 1
5
 7
ROMANS
 40
0.13
 41
1
 50
0
 72
2
 73
0
 0
INSERT
 8
UNIFILAR
 6
CONTINUOUS
 62
94
 2
CONEXION_PLANTAS_IPCI
10
17
20
75.270599
30
0
41
0.055
42
0.055
43
1
 50
0
 0
TEXT
 8
TEXTO_NUDOS
 6
CONTINUOUS
 62
94
10
16.785
20
75.485599
30
0
11
16.785
21
75.485599
31
0
 1
6
 7
ROMANS
 40
0.13
 41
1
 50
0
 72
2
 73
0
 0
INSERT
 8
UNIFILAR
 6
CONTINUOUS
 62
94
 2
CONEXION_PLANTAS_IPCI
10
17
20
77.870599
30
0
41
0.055
42
0.055
43
1
 50
0
 0
TEXT
 8
TEXTO_NUDOS
 6
CONTINUOUS
 62
94
10
16.785
20
78.085599
30
0
11
16.785
21
78.085599
31
0
 1
45
 7
ROMANS
 40
0.13
 41
1
 50
0
 72
2
 73
0
 0
INSERT
 8
UNIFILAR
 6
CONTINUOUS
 62
94
 2
CONEXION_PLANTAS_IPCI
10
17
20
80.470599
30
0
41
0.055
42
0.055
43
1
 50
0
 0
TEXT
 8
TEXTO_NUDOS
 6
CONTINUOUS
 62
94
10
16.785
20
80.685599
30
0
11
16.785
21
80.685599
31
0
 1
84
 7
ROMANS
 40
0.13
 41
1
 50
0
 72
2
 73
0
 0
INSERT
 8
UNIFILAR
 6
CONTINUOUS
 62
94
 2
CONEXION_PLANTAS_IPCI
10
17
20
83.070599
30
0
41
0.055
42
0.055
43
1
 50
0
 0
TEXT
 8
TEXTO_NUDOS
 6
CONTINUOUS
 62
94
10
16.785
20
83.285599
30
0
11
16.785
21
83.285599
31
0
 1
123
 7
ROMANS
 40
0.13
 41
1
 50
0
 72
2
 73
0
 0
LINE
 8
UNIFILAR
 6
CONTINUOUS
 62
94
10
17
20
70.253099
30
0
11
17
21
72.588099
31
0
 0
TEXT
 8
TEXTO_RAMAS
 6
CONTINUOUS
 62
94
10
16.95
20
71.420599
30
0
11
16.95
21
71.420599
31
0
 1
4 Ø1 1/2"
 7
ROMANS
 40
0.078
 41
1
 50
90
 72
1
 73
0
 0
TEXT
 8
TEXTO_RAMAS
 6
CONTINUOUS
 62
94
10
17.05
20
71.420599
30
0
11
17.05
21
71.420599
31
0
 1
2.5m
 7
ROMANS
 40
0.078
 41
1
 50
90
 72
1
 73
3
 0
LINE
 8
UNIFILAR
 6
CONTINUOUS
 62
94
10
16.986
20
71.370599
30
0
11
17
21
71.420599
31
0
 0
LINE
 8
UNIFILAR
 6
CONTINUOUS
 62
94
10
17.014
20
71.370599
30
0
11
17
21
71.420599
31
0
 0
LINE
 8
UNIFILAR
 6
CONTINUOUS
 62
94
10
17
20
72.753099
30
0
11
17
21
75.188099
31
0
 0
TEXT
 8
TEXTO_RAMAS
 6
CONTINUOUS
 62
94
10
16.95
20
73.970599
30
0
11
16.95
21
73.970599
31
0
 1
5 Ø1 1/2"
 7
ROMANS
 40
0.13
 41
1
 50
90
 72
1
 73
0
 0
TEXT
 8
TEXTO_RAMAS
 6
CONTINUOUS
 62
94
10
17.05
20
73.970599
30
0
11
17.05
21
73.970599
31
0
 1
2.6m
 7
ROMANS
 40
0.13
 41
1
 50
90
 72
1
 73
3
 0
LINE
 8
UNIFILAR
 6
CONTINUOUS
 62
94
10
16.986
20
73.920599
30
0
11
17
21
73.970599
31
0
 0
LINE
 8
UNIFILAR
 6
CONTINUOUS
 62
94
10
17.014
20
73.920599
30
0
11
17
21
73.970599
31
0
 0
LINE
 8
UNIFILAR
 6
CONTINUOUS
 62
94
10
17
20
75.353099
30
0
11
17
21
77.788099
31
0
 0
TEXT
 8
TEXTO_RAMAS
 6
CONTINUOUS
 62
94
10
16.95
20
76.570599
30
0
11
16.95
21
76.570599
31
0
 1
44 Ø1 1/2"
 7
ROMANS
 40
0.13
 41
1
 50
90
 72
1
 73
0
 0
TEXT
 8
TEXTO_RAMAS
 6
CONTINUOUS
 62
94
10
17.05
20
76.570599
30
0
11
17.05
21
76.570599
31
0
 1
2.6m
 7
ROMANS
 40
0.13
 41
1
 50
90
 72
1
 73
3
 0
LINE
 8
UNIFILAR
 6
CONTINUOUS
 62
94
10
16.986
20
76.520599
30
0
11
17
21
76.570599
31
0
 0
LINE
 8
UNIFILAR
 6
CONTINUOUS
 62
94
10
17.014
20
76.520599
30
0
11
17
21
76.570599
31
0
 0
LINE
 8
UNIFILAR
 6
CONTINUOUS
 62
94
10
17
20
77.953099
30
0
11
17
21
80.388099
31
0
 0
TEXT
 8
TEXTO_RAMAS
 6
CONTINUOUS
 62
94
10
16.95
20
79.170599
30
0
11
16.95
21
79.170599
31
0
 1
83 Ø1 1/2"
 7
ROMANS
 40
0.13
 41
1
 50
90
 72
1
 73
0
 0
TEXT
 8
TEXTO_RAMAS
 6
CONTINUOUS
 62
94
10
17.05
20
79.170599
30
0
11
17.05
21
79.170599
31
0
 1
2.6m
 7
ROMANS
 40
0.13
 41
1
 50
90
 72
1
 73
3
 0
LINE
 8
UNIFILAR
 6
CONTINUOUS
 62
94
10
16.986
20
79.120599
30
0
11
17
21
79.170599
31
0
 0
LINE
 8
UNIFILAR
 6
CONTINUOUS
 62
94
10
17.014
20
79.120599
30
0
11
17
21
79.170599
31
0
 0
LINE
 8
UNIFILAR
 6
CONTINUOUS
 62
94
10
17
20
80.553099
30
0
11
17
21
82.988099
31
0
 0
TEXT
 8
TEXTO_RAMAS
 6
CONTINUOUS
 62
94
10
16.95
20
81.770599
30
0
11
16.95
21
81.770599
31
0
 1
122 Ø1 1/4"
 7
ROMANS
 40
0.13
 41
1
 50
90
 72
1
 73
0
 0
TEXT
 8
TEXTO_RAMAS
 6
CONTINUOUS
 62
94
10
17.05
20
81.770599
30
0
11
17.05
21
81.770599
31
0
 1
2.6m
 7
ROMANS
 40
0.13
 41
1
 50
90
 72
1
 73
3
 0
LINE
 8
UNIFILAR
 6
CONTINUOUS
 62
94
10
16.986
20
81.720599
30
0
11
17
21
81.770599
31
0
 0
LINE
 8
UNIFILAR
 6
CONTINUOUS
 62
94
10
17.014
20
81.720599
30
0
11
17
21
81.770599
31
0
 0
TEXT
 8
0
 6
CONTINUOUS
 62
7
10
17
20
83.949046
30
0
11
17
21
83.949046
31
0
 1
Colector
 7
ROMANS
 40
0.1
 41
1
 50
90
 72
0
 73
0
 0
TEXT
 8
0
 6
CONTINUOUS
 62
7
10
17
20
69.170599
30
0
11
17
21
69.170599
31
0
 1
Perfil
 7
ROMANS
 40
0.3
 41
1
 50
0
 72
1
 73
3
 0
TEXT
 8
0
 6
CONTINUOUS
 62
7
10
17
20
87.670599
30
0
11
17
21
87.670599
31
0
 1
Red IPCI 1
 7
ROMANS
 40
0.4
 41
1
 50
0
 72
1
 73
3
 0
INSERT
 8
SIMBOLOGIA_GRAFICA
 6
CONTINUOUS
 62
7
 2
DEPOSITO_ACUMULADOR_IPCI
10
-4
20
83.670599
30
0
41
0.15
42
0.15
43
1
 50
0
 0
TEXT
 8
SIMBOLOGIA_GRAFICA
 6
CONTINUOUS
 62
7
10
-3
20
83.670599
30
0
11
-3
21
83.670599
31
0
 1
Depósito Acumulador
 7
ROMANS
 40
0.3
 41
1
 50
0
 72
0
 73
2
 0
INSERT
 8
SIMBOLOGIA_GRAFICA
 6
CONTINUOUS
 62
7
 2
NUDO_DERIVACION_IPCI
10
-4
20
82.670599
30
0
41
0.045
42
0.045
43
1
 50
0
 0
TEXT
 8
SIMBOLOGIA_GRAFICA
 6
CONTINUOUS
 62
7
10
-3
20
82.670599
30
0
11
-3
21
82.670599
31
0
 1
Nudo de Derivación
 7
ROMANS
 40
0.3
 41
1
 50
0
 72
0
 73
2
 0
INSERT
 8
SIMBOLOGIA_GRAFICA
 6
CONTINUOUS
 62
7
 2
NUDO_PASO_IPCI
10
-4
20
81.670599
30
0
41
0.02
42
0.02
43
1
 50
0
 0
TEXT
 8
SIMBOLOGIA_GRAFICA
 6
CONTINUOUS
 62
7
10
-3
20
81.670599
30
0
11
-3
21
81.670599
31
0
 1
Nudo de Paso
 7
ROMANS
 40
0.3
 41
1
 50
0
 72
0
 73
2
 0
INSERT
 8
SIMBOLOGIA_GRAFICA
 6
CONTINUOUS
 62
7
 2
CONEXION_PLANTAS_IPCI
10
-4
20
80.670599
30
0
41
0.044
42
0.044
43
1
 50
0
 0
TEXT
 8
SIMBOLOGIA_GRAFICA
 6
CONTINUOUS
 62
7
10
-3
20
80.670599
30
0
11
-3
21
80.670599
31
0
 1
Nudo de Conexión de Plantas
 7
ROMANS
 40
0.3
 41
1
 50
0
 72
0
 73
2
 0
INSERT
 8
SIMBOLOGIA_GRAFICA
 6
CONTINUOUS
 62
7
 2
BOCA_INCENDIOS_IPCI
10
-4
20
79.670599
30
0
41
0.15
42
0.15
43
1
 50
0
 0
TEXT
 8
SIMBOLOGIA_GRAFICA
 6
CONTINUOUS
 62
7
10
-3
20
79.670599
30
0
11
-3
21
79.670599
31
0
 1
Boca de Incendio Equipada (BIE)
 7
ROMANS
 40
0.3
 41
1
 50
0
 72
0
 73
2
 0
INSERT
 8
SIMBOLOGIA_GRAFICA
 6
CONTINUOUS
 62
7
 2
ROCIADOR_AUTOMATICO_IPCI
10
-4
20
78.670599
30
0
41
0.04375
42
0.04375
43
1
 50
0
 0
TEXT
 8
SIMBOLOGIA_GRAFICA
 6
CONTINUOUS
 62
7
10
-3
20
78.670599
30
0
11
-3
21
78.670599
31
0
 1
Rociador Automático
 7
ROMANS
 40
0.3
 41
1
 50
0
 72
0
 73
2
 0
INSERT
 8
SIMBOLOGIA_GRAFICA
 6
CONTINUOUS
 62
7
 2
BOMBA_MARCHA_IPCI
10
-4
20
77.670599
30
0
41
0.7
42
0.7
43
1
 50
0
 0
TEXT
 8
SIMBOLOGIA_GRAFICA
 6
CONTINUOUS
 62
7
10
-3
20
77.670599
30
0
11
-3
21
77.670599
31
0
 1
Grupo de Bombeo
 7
ROMANS
 40
0.3
 41
1
 50
0
 72
0
 73
2
 0
INSERT
 8
SIMBOLOGIA_GRAFICA
 6
CONTINUOUS
 62
7
 2
LLAVE_PASO_IPCI
10
-4
20
76.670599
30
0
41
1.296
42
1.296
43
1
 50
0
 0
TEXT
 8
SIMBOLOGIA_GRAFICA
 6
CONTINUOUS
 62
7
10
-3
20
76.670599
30
0
11
-3
21
76.670599
31
0
 1
Válvula de Corte
 7
ROMANS
 40
0.3
 41
1
 50
0
 72
0
 73
2
 0
ENDSEC
 0
EOF
