 0
SECTION
 2
HEADER
 9
$ACADVER
 1
AC1004
 9
$EXTMIN
 10
0
 20
0
 9
$EXTMAX
 10
27.335275
 20
11.461114
 9
$LTSCALE
 40
0.5
 0
ENDSEC
 0
SECTION
 2
TABLES
 0
TABLE
 2
LTYPE
 70
2
 0
LTYPE
 2
CONTINUOUS
 70
64
 3
Solid line
 72
65
 73
0
 40
0.0
 0
LTYPE
 2
TRAZOS
 70
64
 3
TRAZOS__ __ __ __ __ __ __ __ __ __ __ __ __ _
 72
65
 73
4
 40
0.75
 49
0.5
 49
-0.25
 49
0.0
 49
0.0
 0
LTYPE
 2
PUNTOS
 70
64
 3
PUNTOS . . . . . . . . . . . . . . . . . . . .
 72
65
 73
2
 40
0.75
 49
0.0
 49
-0.75
 0
LTYPE
 2
TRAZO_PUNTO
 70
64
 3
TRAZOS_PUNTO__ . __ . __ . __ . __ . __ . __ . __
 72
65
 73
4
 40
1.0
 49
0.5
 49
-0.25
 49
0.0
 49
-0.25
 0
LTYPE
 2
TRAZO_PUNTO2
 70
64
 3
TRAZOS_PUNTO2__ . . __ . . __ . . __ . . __ . . __
 72
65
 73
6
 40
1.25
 49
0.5
 49
-0.25
 49
0.0
 49
-0.25
 49
0.0
 49
-0.25
 0
ENDTAB
 0
TABLE
 2
LAYER
 70
1
 0
LAYER
 2
0
 70
0
 62
7
 6
CONTINUOUS
 0
LAYER
 2
UNIFILAR
 70
0
 62
7
 6
CONTINUOUS
 0
LAYER
 2
TEXTO_NUDOS
 70
0
 62
7
 6
CONTINUOUS
 0
LAYER
 2
TEXTO_RAMAS
 70
0
 62
7
 6
CONTINUOUS
 0
LAYER
 2
SIMBOLOGIA_GRAFICA
 70
0
 62
7
 6
CONTINUOUS
 0
ENDTAB
 0
TABLE
 2
STYLE
 0
STYLE
 2
ROMANS
 70
0
 40
2.5
 41
1
 50
0
 71
0
 42
2.5
 3
Romans
 4

 0
STYLE
 2
ROMANS
 70
0
 40
2.5
 41
1
 50
0
 71
0
 42
2.5
 3
Romans
 4

 0
ENDTAB
 0
ENDSEC
 0
SECTION
 2
BLOCKS
 0
BLOCK
 8
SIMBOLOGIA_GRAFICA
 6
CONTINUOUS
 62
7
 2
CONEXION_RED_IPCI
 70
0
10
0
20
0
30
0
 3
CONEXION_RED_IPCI
 1

 0
CIRCLE
 8
0
 6
CONTINUOUS
 62
0
10
0
20
0
30
0
 40
1.5
 0
LINE
 8
0
 6
CONTINUOUS
 62
0
10
-1.5
20
0
30
0
11
-3.5
21
0
31
0
 0
LINE
 8
0
 6
CONTINUOUS
 62
0
10
-1.5
20
0
30
0
11
-2.8
21
0.8
31
0
 0
LINE
 8
0
 6
CONTINUOUS
 62
0
10
-1.5
20
0
30
0
11
-2.8
21
-0.8
31
0
 0
ENDBLK
 0
BLOCK
 8
0
 6
CONTINUOUS
 62
0
 2
DEPOSITO_ACUMULADOR_IPCI
 70
0
10
0
20
0
30
0
 3
DEPOSITO_ACUMULADOR_IPCI
 1

 0
LINE
 8
0
 6
CONTINUOUS
 62
0
10
-1.125
20
1.125
30
0
11
1.125
21
1.125
31
0
 0
LINE
 8
0
 6
CONTINUOUS
 62
0
10
-1.125
20
-1.125
30
0
11
-1.125
21
1.125
31
0
 0
LINE
 8
0
 6
CONTINUOUS
 62
0
10
1.125
20
-1.125
30
0
11
-1.125
21
-1.125
31
0
 0
LINE
 8
0
 6
CONTINUOUS
 62
0
10
1.125
20
1.125
30
0
11
1.125
21
-1.125
31
0
 0
SOLID
 8
0
 6
CONTINUOUS
 62
0
10
0.6
20
0
30
0
11
0.597003
21
0.0599
31
0
13
0.589961
23
-0.109297
33
0
12
0.597925
22
-0.049854
32
0
 0
SOLID
 8
0
 6
CONTINUOUS
 62
0
10
0.597003
20
0.0599
30
0
11
0.58804
21
0.119202
31
0
13
0.576102
23
-0.167649
33
0
12
0.589961
22
-0.109297
32
0
 0
SOLID
 8
0
 6
CONTINUOUS
 62
0
10
0.58804
20
0.119202
30
0
11
0.573202
21
0.177312
31
0
13
0.556487
23
-0.224326
33
0
12
0.576102
22
-0.167649
32
0
 0
SOLID
 8
0
 6
CONTINUOUS
 62
0
10
0.573202
20
0.177312
30
0
11
0.552637
21
0.233651
31
0
13
0.531312
23
-0.278761
33
0
12
0.556487
22
-0.224326
32
0
 0
SOLID
 8
0
 6
CONTINUOUS
 62
0
10
0.552637
20
0.233651
30
0
11
0.52655
21
0.287655
31
0
13
0.500828
23
-0.330411
33
0
12
0.531312
22
-0.278761
32
0
 0
SOLID
 8
0
 6
CONTINUOUS
 62
0
10
0.52655
20
0.287655
30
0
11
0.495201
21
0.338786
31
0
13
0.46534
23
-0.37876
33
0
12
0.500828
22
-0.330411
32
0
 0
SOLID
 8
0
 6
CONTINUOUS
 62
0
10
0.495201
20
0.338786
30
0
11
0.458905
21
0.386531
31
0
13
0.425202
23
-0.423324
33
0
12
0.46534
22
-0.37876
32
0
 0
SOLID
 8
0
 6
CONTINUOUS
 62
0
10
0.458905
20
0.386531
30
0
11
0.418024
21
0.430414
31
0
13
0.380816
23
-0.463659
33
0
12
0.425202
22
-0.423324
32
0
 0
SOLID
 8
0
 6
CONTINUOUS
 62
0
10
0.418024
20
0.430414
30
0
11
0.372966
21
0.469996
31
0
13
0.332625
23
-0.49936
33
0
12
0.380816
22
-0.463659
32
0
 0
SOLID
 8
0
 6
CONTINUOUS
 62
0
10
0.372966
20
0.469996
30
0
11
0.324181
21
0.504883
31
0
13
0.28111
23
-0.530073
33
0
12
0.332625
22
-0.49936
32
0
 0
SOLID
 8
0
 6
CONTINUOUS
 62
0
10
0.324181
20
0.504883
30
0
11
0.272158
21
0.534724
31
0
13
0.226787
23
-0.555489
33
0
12
0.28111
22
-0.530073
32
0
 0
SOLID
 8
0
 6
CONTINUOUS
 62
0
10
0.272158
20
0.534724
30
0
11
0.217415
21
0.559223
31
0
13
0.170197
23
-0.575355
33
0
12
0.226787
22
-0.555489
32
0
 0
SOLID
 8
0
 6
CONTINUOUS
 62
0
10
0.217415
20
0.559223
30
0
11
0.160499
21
0.578135
31
0
13
0.111907
23
-0.589472
33
0
12
0.170197
22
-0.575355
32
0
 0
SOLID
 8
0
 6
CONTINUOUS
 62
0
10
0.160499
20
0.578135
30
0
11
0.10198
21
0.59127
31
0
13
0.052499
23
-0.597699
33
0
12
0.111907
22
-0.589472
32
0
 0
SOLID
 8
0
 6
CONTINUOUS
 62
0
10
0.10198
20
0.59127
30
0
11
0.042442
21
0.598497
31
0
13
-0.007433
23
-0.599954
33
0
12
0.052499
22
-0.597699
32
0
 0
SOLID
 8
0
 6
CONTINUOUS
 62
0
10
0.042442
20
0.598497
30
0
11
-0.01752
21
0.599744
31
0
13
-0.067291
23
-0.596215
33
0
12
-0.007433
22
-0.599954
32
0
 0
SOLID
 8
0
 6
CONTINUOUS
 62
0
10
-0.01752
20
0.599744
30
0
11
-0.077307
21
0.594999
31
0
13
-0.126477
23
-0.586518
33
0
12
-0.067291
22
-0.596215
32
0
 0
SOLID
 8
0
 6
CONTINUOUS
 62
0
10
-0.077307
20
0.594999
30
0
11
-0.136321
21
0.584309
31
0
13
-0.1844
23
-0.570961
33
0
12
-0.126477
22
-0.586518
32
0
 0
SOLID
 8
0
 6
CONTINUOUS
 62
0
10
-0.136321
20
0.584309
30
0
11
-0.193974
21
0.56778
31
0
13
-0.240479
23
-0.5497
33
0
12
-0.1844
22
-0.570961
32
0
 0
SOLID
 8
0
 6
CONTINUOUS
 62
0
10
-0.193974
20
0.56778
30
0
11
-0.249688
21
0.545578
31
0
13
-0.294156
23
-0.522946
33
0
12
-0.240479
22
-0.5497
32
0
 0
SOLID
 8
0
 6
CONTINUOUS
 62
0
10
-0.249688
20
0.545578
30
0
11
-0.302908
21
0.517926
31
0
13
-0.344894
23
-0.490966
33
0
12
-0.294156
22
-0.522946
32
0
 0
SOLID
 8
0
 6
CONTINUOUS
 62
0
10
-0.302908
20
0.517926
30
0
11
-0.353101
21
0.485098
31
0
13
-0.392186
23
-0.454082
33
0
12
-0.344894
22
-0.490966
32
0
 0
SOLID
 8
0
 6
CONTINUOUS
 62
0
10
-0.353101
20
0.485098
30
0
11
-0.399766
21
0.447423
31
0
13
-0.435559
23
-0.41266
33
0
12
-0.392186
22
-0.454082
32
0
 0
SOLID
 8
0
 6
CONTINUOUS
 62
0
10
-0.399766
20
0.447423
30
0
11
-0.442436
21
0.405278
31
0
13
-0.474581
23
-0.367115
33
0
12
-0.435559
22
-0.41266
32
0
 0
SOLID
 8
0
 6
CONTINUOUS
 62
0
10
-0.442436
20
0.405278
30
0
11
-0.480686
21
0.359083
31
0
13
-0.50886
23
-0.317902
33
0
12
-0.474581
22
-0.367115
32
0
 0
SOLID
 8
0
 6
CONTINUOUS
 62
0
10
-0.480686
20
0.359083
30
0
11
-0.514133
21
0.309301
31
0
13
-0.538055
23
-0.265512
33
0
12
-0.50886
22
-0.317902
32
0
 0
SOLID
 8
0
 6
CONTINUOUS
 62
0
10
-0.514133
20
0.309301
30
0
11
-0.542443
21
0.256428
31
0
13
-0.561874
23
-0.21047
33
0
12
-0.538055
22
-0.265512
32
0
 0
SOLID
 8
0
 6
CONTINUOUS
 62
0
10
-0.542443
20
0.256428
30
0
11
-0.565333
21
0.200993
31
0
13
-0.580079
23
-0.153325
33
0
12
-0.561874
22
-0.21047
32
0
 0
SOLID
 8
0
 6
CONTINUOUS
 62
0
10
-0.565333
20
0.200993
30
0
11
-0.582575
21
0.14355
31
0
13
-0.592488
23
-0.094647
33
0
12
-0.580079
22
-0.153325
32
0
 0
SOLID
 8
0
 6
CONTINUOUS
 62
0
10
-0.582575
20
0.14355
30
0
11
-0.593996
21
0.084672
31
0
13
-0.598977
23
-0.035025
33
0
12
-0.592488
22
-0.094647
32
0
 0
SOLID
 8
0
 6
CONTINUOUS
 62
0
10
-0.593996
20
0.084672
30
0
11
-0.599481
21
0.024948
31
0
13
-0.599481
23
0.024948
33
0
12
-0.598977
22
-0.035025
32
0
 0
ENDBLK
 0
BLOCK
 8
0
 6
CONTINUOUS
 62
0
 2
NUDO_DERIVACION_IPCI
 70
0
10
0
20
0
30
0
 3
NUDO_DERIVACION_IPCI
 1

 0
SOLID
 8
0
 6
CONTINUOUS
 62
0
10
0.75
20
0
30
0
11
0.746253
21
0.074875
31
0
13
0.737451
23
-0.136622
33
0
12
0.747407
22
-0.062317
32
0
 0
SOLID
 8
0
 6
CONTINUOUS
 62
0
10
0.746253
20
0.074875
30
0
11
0.73505
21
0.149002
31
0
13
0.720128
23
-0.209562
33
0
12
0.737451
22
-0.136622
32
0
 0
SOLID
 8
0
 6
CONTINUOUS
 62
0
10
0.73505
20
0.149002
30
0
11
0.716502
21
0.22164
31
0
13
0.695609
23
-0.280407
33
0
12
0.720128
22
-0.209562
32
0
 0
SOLID
 8
0
 6
CONTINUOUS
 62
0
10
0.716502
20
0.22164
30
0
11
0.690796
21
0.292064
31
0
13
0.66414
23
-0.348452
33
0
12
0.695609
22
-0.280407
32
0
 0
SOLID
 8
0
 6
CONTINUOUS
 62
0
10
0.690796
20
0.292064
30
0
11
0.658187
21
0.359569
31
0
13
0.626035
23
-0.413014
33
0
12
0.66414
22
-0.348452
32
0
 0
SOLID
 8
0
 6
CONTINUOUS
 62
0
10
0.658187
20
0.359569
30
0
11
0.619002
21
0.423482
31
0
13
0.581674
23
-0.47345
33
0
12
0.626035
22
-0.413014
32
0
 0
SOLID
 8
0
 6
CONTINUOUS
 62
0
10
0.619002
20
0.423482
30
0
11
0.573632
21
0.483163
31
0
13
0.531502
23
-0.529155
33
0
12
0.581674
22
-0.47345
32
0
 0
SOLID
 8
0
 6
CONTINUOUS
 62
0
10
0.573632
20
0.483163
30
0
11
0.52253
21
0.538017
31
0
13
0.47602
23
-0.579573
33
0
12
0.531502
22
-0.529155
32
0
 0
SOLID
 8
0
 6
CONTINUOUS
 62
0
10
0.52253
20
0.538017
30
0
11
0.466207
21
0.587495
31
0
13
0.415781
23
-0.624201
33
0
12
0.47602
22
-0.579573
32
0
 0
SOLID
 8
0
 6
CONTINUOUS
 62
0
10
0.466207
20
0.587495
30
0
11
0.405227
21
0.631103
31
0
13
0.351388
23
-0.662591
33
0
12
0.415781
22
-0.624201
32
0
 0
SOLID
 8
0
 6
CONTINUOUS
 62
0
10
0.405227
20
0.631103
30
0
11
0.340197
21
0.668406
31
0
13
0.283483
23
-0.694361
33
0
12
0.351388
22
-0.662591
32
0
 0
SOLID
 8
0
 6
CONTINUOUS
 62
0
10
0.340197
20
0.668406
30
0
11
0.271768
21
0.699029
31
0
13
0.212747
23
-0.719193
33
0
12
0.283483
22
-0.694361
32
0
 0
SOLID
 8
0
 6
CONTINUOUS
 62
0
10
0.271768
20
0.699029
30
0
11
0.200624
21
0.722669
31
0
13
0.139884
23
-0.736839
33
0
12
0.212747
22
-0.719193
32
0
 0
SOLID
 8
0
 6
CONTINUOUS
 62
0
10
0.200624
20
0.722669
30
0
11
0.127475
21
0.739087
31
0
13
0.065624
23
-0.747123
33
0
12
0.139884
22
-0.736839
32
0
 0
SOLID
 8
0
 6
CONTINUOUS
 62
0
10
0.127475
20
0.739087
30
0
11
0.053053
21
0.748121
31
0
13
-0.009291
23
-0.749942
33
0
12
0.065624
22
-0.747123
32
0
 0
SOLID
 8
0
 6
CONTINUOUS
 62
0
10
0.053053
20
0.748121
30
0
11
-0.0219
21
0.74968
31
0
13
-0.084114
23
-0.745268
33
0
12
-0.009291
22
-0.749942
32
0
 0
SOLID
 8
0
 6
CONTINUOUS
 62
0
10
-0.0219
20
0.74968
30
0
11
-0.096633
21
0.743749
31
0
13
-0.158097
23
-0.733148
33
0
12
-0.084114
22
-0.745268
32
0
 0
SOLID
 8
0
 6
CONTINUOUS
 62
0
10
-0.096633
20
0.743749
30
0
11
-0.170402
21
0.730386
31
0
13
-0.2305
23
-0.713702
33
0
12
-0.158097
22
-0.733148
32
0
 0
SOLID
 8
0
 6
CONTINUOUS
 62
0
10
-0.170402
20
0.730386
30
0
11
-0.242467
21
0.709725
31
0
13
-0.300599
23
-0.687124
33
0
12
-0.2305
22
-0.713702
32
0
 0
SOLID
 8
0
 6
CONTINUOUS
 62
0
10
-0.242467
20
0.709725
30
0
11
-0.31211
21
0.681973
31
0
13
-0.367696
23
-0.653682
33
0
12
-0.300599
22
-0.687124
32
0
 0
SOLID
 8
0
 6
CONTINUOUS
 62
0
10
-0.31211
20
0.681973
30
0
11
-0.378635
21
0.647407
31
0
13
-0.431118
23
-0.613708
33
0
12
-0.367696
22
-0.653682
32
0
 0
SOLID
 8
0
 6
CONTINUOUS
 62
0
10
-0.378635
20
0.647407
30
0
11
-0.441376
21
0.606372
31
0
13
-0.490233
23
-0.567602
33
0
12
-0.431118
22
-0.613708
32
0
 0
SOLID
 8
0
 6
CONTINUOUS
 62
0
10
-0.441376
20
0.606372
30
0
11
-0.499707
21
0.559279
31
0
13
-0.544449
23
-0.515825
33
0
12
-0.490233
22
-0.567602
32
0
 0
SOLID
 8
0
 6
CONTINUOUS
 62
0
10
-0.499707
20
0.559279
30
0
11
-0.553045
21
0.506597
31
0
13
-0.593226
23
-0.458893
33
0
12
-0.544449
22
-0.515825
32
0
 0
SOLID
 8
0
 6
CONTINUOUS
 62
0
10
-0.553045
20
0.506597
30
0
11
-0.600858
21
0.448854
31
0
13
-0.636075
23
-0.397377
33
0
12
-0.593226
22
-0.458893
32
0
 0
SOLID
 8
0
 6
CONTINUOUS
 62
0
10
-0.600858
20
0.448854
30
0
11
-0.642667
21
0.386626
31
0
13
-0.672569
23
-0.33189
33
0
12
-0.636075
22
-0.397377
32
0
 0
SOLID
 8
0
 6
CONTINUOUS
 62
0
10
-0.642667
20
0.386626
30
0
11
-0.678054
21
0.320535
31
0
13
-0.702343
23
-0.263087
33
0
12
-0.672569
22
-0.33189
32
0
 0
SOLID
 8
0
 6
CONTINUOUS
 62
0
10
-0.678054
20
0.320535
30
0
11
-0.706667
21
0.251241
31
0
13
-0.725099
23
-0.191656
33
0
12
-0.702343
22
-0.263087
32
0
 0
SOLID
 8
0
 6
CONTINUOUS
 62
0
10
-0.706667
20
0.251241
30
0
11
-0.728219
21
0.179437
31
0
13
-0.74061
23
-0.118309
33
0
12
-0.725099
22
-0.191656
32
0
 0
SOLID
 8
0
 6
CONTINUOUS
 62
0
10
-0.728219
20
0.179437
30
0
11
-0.742494
21
0.10584
31
0
13
-0.748721
23
-0.043781
33
0
12
-0.74061
22
-0.118309
32
0
 0
SOLID
 8
0
 6
CONTINUOUS
 62
0
10
-0.742494
20
0.10584
30
0
11
-0.749351
21
0.031185
31
0
13
-0.749351
23
0.031185
33
0
12
-0.748721
22
-0.043781
32
0
 0
ENDBLK
 0
BLOCK
 8
0
 6
CONTINUOUS
 62
0
 2
NUDO_PASO_IPCI
 70
0
10
0
20
0
30
0
 3
NUDO_PASO_IPCI
 1

 0
SOLID
 8
0
 6
CONTINUOUS
 62
0
10
0.75
20
0
30
0
11
0.746253
21
0.074875
31
0
13
0.737451
23
-0.136622
33
0
12
0.747407
22
-0.062317
32
0
 0
SOLID
 8
0
 6
CONTINUOUS
 62
0
10
0.746253
20
0.074875
30
0
11
0.73505
21
0.149002
31
0
13
0.720128
23
-0.209562
33
0
12
0.737451
22
-0.136622
32
0
 0
SOLID
 8
0
 6
CONTINUOUS
 62
0
10
0.73505
20
0.149002
30
0
11
0.716502
21
0.22164
31
0
13
0.695609
23
-0.280407
33
0
12
0.720128
22
-0.209562
32
0
 0
SOLID
 8
0
 6
CONTINUOUS
 62
0
10
0.716502
20
0.22164
30
0
11
0.690796
21
0.292064
31
0
13
0.66414
23
-0.348452
33
0
12
0.695609
22
-0.280407
32
0
 0
SOLID
 8
0
 6
CONTINUOUS
 62
0
10
0.690796
20
0.292064
30
0
11
0.658187
21
0.359569
31
0
13
0.626035
23
-0.413014
33
0
12
0.66414
22
-0.348452
32
0
 0
SOLID
 8
0
 6
CONTINUOUS
 62
0
10
0.658187
20
0.359569
30
0
11
0.619002
21
0.423482
31
0
13
0.581674
23
-0.47345
33
0
12
0.626035
22
-0.413014
32
0
 0
SOLID
 8
0
 6
CONTINUOUS
 62
0
10
0.619002
20
0.423482
30
0
11
0.573632
21
0.483163
31
0
13
0.531502
23
-0.529155
33
0
12
0.581674
22
-0.47345
32
0
 0
SOLID
 8
0
 6
CONTINUOUS
 62
0
10
0.573632
20
0.483163
30
0
11
0.52253
21
0.538017
31
0
13
0.47602
23
-0.579573
33
0
12
0.531502
22
-0.529155
32
0
 0
SOLID
 8
0
 6
CONTINUOUS
 62
0
10
0.52253
20
0.538017
30
0
11
0.466207
21
0.587495
31
0
13
0.415781
23
-0.624201
33
0
12
0.47602
22
-0.579573
32
0
 0
SOLID
 8
0
 6
CONTINUOUS
 62
0
10
0.466207
20
0.587495
30
0
11
0.405227
21
0.631103
31
0
13
0.351388
23
-0.662591
33
0
12
0.415781
22
-0.624201
32
0
 0
SOLID
 8
0
 6
CONTINUOUS
 62
0
10
0.405227
20
0.631103
30
0
11
0.340197
21
0.668406
31
0
13
0.283483
23
-0.694361
33
0
12
0.351388
22
-0.662591
32
0
 0
SOLID
 8
0
 6
CONTINUOUS
 62
0
10
0.340197
20
0.668406
30
0
11
0.271768
21
0.699029
31
0
13
0.212747
23
-0.719193
33
0
12
0.283483
22
-0.694361
32
0
 0
SOLID
 8
0
 6
CONTINUOUS
 62
0
10
0.271768
20
0.699029
30
0
11
0.200624
21
0.722669
31
0
13
0.139884
23
-0.736839
33
0
12
0.212747
22
-0.719193
32
0
 0
SOLID
 8
0
 6
CONTINUOUS
 62
0
10
0.200624
20
0.722669
30
0
11
0.127475
21
0.739087
31
0
13
0.065624
23
-0.747123
33
0
12
0.139884
22
-0.736839
32
0
 0
SOLID
 8
0
 6
CONTINUOUS
 62
0
10
0.127475
20
0.739087
30
0
11
0.053053
21
0.748121
31
0
13
-0.009291
23
-0.749942
33
0
12
0.065624
22
-0.747123
32
0
 0
SOLID
 8
0
 6
CONTINUOUS
 62
0
10
0.053053
20
0.748121
30
0
11
-0.0219
21
0.74968
31
0
13
-0.084114
23
-0.745268
33
0
12
-0.009291
22
-0.749942
32
0
 0
SOLID
 8
0
 6
CONTINUOUS
 62
0
10
-0.0219
20
0.74968
30
0
11
-0.096633
21
0.743749
31
0
13
-0.158097
23
-0.733148
33
0
12
-0.084114
22
-0.745268
32
0
 0
SOLID
 8
0
 6
CONTINUOUS
 62
0
10
-0.096633
20
0.743749
30
0
11
-0.170402
21
0.730386
31
0
13
-0.2305
23
-0.713702
33
0
12
-0.158097
22
-0.733148
32
0
 0
SOLID
 8
0
 6
CONTINUOUS
 62
0
10
-0.170402
20
0.730386
30
0
11
-0.242467
21
0.709725
31
0
13
-0.300599
23
-0.687124
33
0
12
-0.2305
22
-0.713702
32
0
 0
SOLID
 8
0
 6
CONTINUOUS
 62
0
10
-0.242467
20
0.709725
30
0
11
-0.31211
21
0.681973
31
0
13
-0.367696
23
-0.653682
33
0
12
-0.300599
22
-0.687124
32
0
 0
SOLID
 8
0
 6
CONTINUOUS
 62
0
10
-0.31211
20
0.681973
30
0
11
-0.378635
21
0.647407
31
0
13
-0.431118
23
-0.613708
33
0
12
-0.367696
22
-0.653682
32
0
 0
SOLID
 8
0
 6
CONTINUOUS
 62
0
10
-0.378635
20
0.647407
30
0
11
-0.441376
21
0.606372
31
0
13
-0.490233
23
-0.567602
33
0
12
-0.431118
22
-0.613708
32
0
 0
SOLID
 8
0
 6
CONTINUOUS
 62
0
10
-0.441376
20
0.606372
30
0
11
-0.499707
21
0.559279
31
0
13
-0.544449
23
-0.515825
33
0
12
-0.490233
22
-0.567602
32
0
 0
SOLID
 8
0
 6
CONTINUOUS
 62
0
10
-0.499707
20
0.559279
30
0
11
-0.553045
21
0.506597
31
0
13
-0.593226
23
-0.458893
33
0
12
-0.544449
22
-0.515825
32
0
 0
SOLID
 8
0
 6
CONTINUOUS
 62
0
10
-0.553045
20
0.506597
30
0
11
-0.600858
21
0.448854
31
0
13
-0.636075
23
-0.397377
33
0
12
-0.593226
22
-0.458893
32
0
 0
SOLID
 8
0
 6
CONTINUOUS
 62
0
10
-0.600858
20
0.448854
30
0
11
-0.642667
21
0.386626
31
0
13
-0.672569
23
-0.33189
33
0
12
-0.636075
22
-0.397377
32
0
 0
SOLID
 8
0
 6
CONTINUOUS
 62
0
10
-0.642667
20
0.386626
30
0
11
-0.678054
21
0.320535
31
0
13
-0.702343
23
-0.263087
33
0
12
-0.672569
22
-0.33189
32
0
 0
SOLID
 8
0
 6
CONTINUOUS
 62
0
10
-0.678054
20
0.320535
30
0
11
-0.706667
21
0.251241
31
0
13
-0.725099
23
-0.191656
33
0
12
-0.702343
22
-0.263087
32
0
 0
SOLID
 8
0
 6
CONTINUOUS
 62
0
10
-0.706667
20
0.251241
30
0
11
-0.728219
21
0.179437
31
0
13
-0.74061
23
-0.118309
33
0
12
-0.725099
22
-0.191656
32
0
 0
SOLID
 8
0
 6
CONTINUOUS
 62
0
10
-0.728219
20
0.179437
30
0
11
-0.742494
21
0.10584
31
0
13
-0.748721
23
-0.043781
33
0
12
-0.74061
22
-0.118309
32
0
 0
SOLID
 8
0
 6
CONTINUOUS
 62
0
10
-0.742494
20
0.10584
30
0
11
-0.749351
21
0.031185
31
0
13
-0.749351
23
0.031185
33
0
12
-0.748721
22
-0.043781
32
0
 0
ENDBLK
 0
BLOCK
 8
0
 6
CONTINUOUS
 62
0
 2
CONEXION_PLANTAS_IPCI
 70
0
10
0
20
0
30
0
 3
CONEXION_PLANTAS_IPCI
 1

 0
CIRCLE
 8
0
 6
CONTINUOUS
 62
0
10
-0.004736
20
-0.005671
30
0
 40
1.5
 0
SOLID
 8
0
 6
CONTINUOUS
 62
0
10
-1.069716
20
1.050651
30
0
11
-1.169852
21
0.939054
31
0
13
1.047775
23
-1.074419
33
0
12
-0.004736
22
-0.005671
32
0
 0
SOLID
 8
0
 6
CONTINUOUS
 62
0
10
-1.169852
20
0.939054
30
0
11
-1.258346
21
0.818016
31
0
13
1.0154
23
-1.105363
33
0
12
1.047775
22
-1.074419
32
0
 0
SOLID
 8
0
 6
CONTINUOUS
 62
0
10
-1.258346
20
0.818016
30
0
11
-1.334315
21
0.688749
31
0
13
0.900518
23
-1.201713
33
0
12
1.0154
22
-1.105363
32
0
 0
SOLID
 8
0
 6
CONTINUOUS
 62
0
10
-1.334315
20
0.688749
30
0
11
-1.396999
21
0.552544
31
0
13
0.77659
23
-1.286112
33
0
12
0.900518
22
-1.201713
32
0
 0
SOLID
 8
0
 6
CONTINUOUS
 62
0
10
-1.396999
20
0.552544
30
0
11
-1.445772
21
0.410761
31
0
13
0.644856
23
-1.357718
33
0
12
0.77659
22
-1.286112
32
0
 0
SOLID
 8
0
 6
CONTINUOUS
 62
0
10
-1.445772
20
0.410761
30
0
11
-1.480147
21
0.264817
31
0
13
0.506632
23
-1.415814
33
0
12
0.644856
22
-1.357718
32
0
 0
SOLID
 8
0
 6
CONTINUOUS
 62
0
10
-1.480147
20
0.264817
30
0
11
-1.499779
21
0.11617
31
0
13
0.363297
23
-1.459821
33
0
12
0.506632
22
-1.415814
32
0
 0
SOLID
 8
0
 6
CONTINUOUS
 62
0
10
-1.499779
20
0.11617
30
0
11
-1.504474
21
-0.033694
31
0
13
0.216286
23
-1.489298
33
0
12
0.363297
22
-1.459821
32
0
 0
SOLID
 8
0
 6
CONTINUOUS
 62
0
10
-1.504474
20
-0.033694
30
0
11
-1.494184
21
-0.183278
31
0
13
0.067066
23
-1.503952
33
0
12
0.216286
22
-1.489298
32
0
 0
SOLID
 8
0
 6
CONTINUOUS
 62
0
10
-1.494184
20
-0.183278
30
0
11
-1.469012
21
-0.331087
31
0
13
-0.082871
23
-1.503635
33
0
12
0.067066
22
-1.503952
32
0
 0
SOLID
 8
0
 6
CONTINUOUS
 62
0
10
-1.469012
20
-0.331087
30
0
11
-1.429209
21
-0.475645
31
0
13
-0.232027
23
-1.488351
33
0
12
-0.082871
22
-1.503635
32
0
 0
SOLID
 8
0
 6
CONTINUOUS
 62
0
10
-1.429209
20
-0.475645
30
0
11
-1.375174
21
-0.615507
31
0
13
-0.378913
23
-1.458252
33
0
12
-0.232027
22
-1.488351
32
0
 0
SOLID
 8
0
 6
CONTINUOUS
 62
0
10
-1.375174
20
-0.615507
30
0
11
-1.307445
21
-0.749276
31
0
13
-0.52206
23
-1.41364
33
0
12
-0.378913
22
-1.458252
32
0
 0
SOLID
 8
0
 6
CONTINUOUS
 62
0
10
-1.307445
20
-0.749276
30
0
11
-1.226701
21
-0.875615
31
0
13
-0.660037
23
-1.35496
33
0
12
-0.52206
22
-1.41364
32
0
 0
SOLID
 8
0
 6
CONTINUOUS
 62
0
10
-1.226701
20
-0.875615
30
0
11
-1.133746
21
-0.993262
31
0
13
-0.791468
23
-1.282798
33
0
12
-0.660037
22
-1.35496
32
0
 0
SOLID
 8
0
 6
CONTINUOUS
 62
0
10
-1.133746
20
-0.993262
30
0
11
-1.029511
21
-1.101041
31
0
13
-0.915037
23
-1.197876
33
0
12
-0.791468
22
-1.282798
32
0
 0
ENDBLK
 0
BLOCK
 8
0
 6
CONTINUOUS
 62
0
 2
BOCA_INCENDIOS_IPCI
 70
0
10
0
20
0
30
0
 3
BOCA_INCENDIOS_IPCI
 1

 0
LINE
 8
0
 6
CONTINUOUS
 62
0
10
-2
20
1.2
30
0
11
2
21
1.2
31
0
 0
LINE
 8
0
 6
CONTINUOUS
 62
0
10
2
20
1.2
30
0
11
2
21
-1.2
31
0
 0
LINE
 8
0
 6
CONTINUOUS
 62
0
10
2
20
-1.2
30
0
11
-2
21
-1.2
31
0
 0
LINE
 8
0
 6
CONTINUOUS
 62
0
10
-2
20
-1.2
30
0
11
-2
21
1.2
31
0
 0
CIRCLE
 8
0
 6
CONTINUOUS
 62
0
10
-0.75
20
0
30
0
 40
0.85
 0
CIRCLE
 8
0
 6
CONTINUOUS
 62
0
10
-0.75
20
0
30
0
 40
0.25
 0
LINE
 8
0
 6
CONTINUOUS
 62
0
10
-0.75
20
0.85
30
0
11
1.535532
21
0.85
31
0
 0
ENDBLK
 0
BLOCK
 8
0
 6
CONTINUOUS
 62
0
 2
ROCIADOR_AUTOMATICO_IPCI
 70
0
10
0
20
0
30
0
 3
ROCIADOR_AUTOMATICO_IPCI
 1

 0
CIRCLE
 8
0
 6
CONTINUOUS
 62
0
10
-0.004736
20
-0.005671
30
0
 40
1.5
 0
ENDBLK
 0
BLOCK
 8
0
 6
CONTINUOUS
 62
0
 2
LLAVE_PASO_IPCI
 70
0
10
0
20
0
30
0
 3
LLAVE_PASO_IPCI
 1

 0
LINE
 8
0
 6
CONTINUOUS
 62
0
10
0.056294
20
-0.042034
30
0
11
0.056294
21
0.042034
31
0
 0
LINE
 8
0
 6
CONTINUOUS
 62
0
10
0.056294
20
0.042034
30
0
11
0
21
-0
31
0
 0
LINE
 8
0
 6
CONTINUOUS
 62
0
10
0
20
-0
30
0
11
0.056294
21
-0.042034
31
0
 0
LINE
 8
0
 6
CONTINUOUS
 62
0
10
-0.056294
20
-0.042034
30
0
11
-0.056294
21
0.042034
31
0
 0
LINE
 8
0
 6
CONTINUOUS
 62
0
10
-0.056294
20
0.042034
30
0
11
0
21
-0
31
0
 0
LINE
 8
0
 6
CONTINUOUS
 62
0
10
0
20
-0
30
0
11
-0.056294
21
-0.042034
31
0
 0
ENDBLK
 0
BLOCK
 8
0
 6
CONTINUOUS
 62
0
 2
VALVULA_RETENCION_IPCI
 70
0
10
0
20
0
30
0
 3
VALVULA_RETENCION_IPCI
 1

 0
LINE
 8
0
 6
CONTINUOUS
 62
0
10
-0.75
20
1.125
30
0
11
0.75
21
0
31
0
 0
LINE
 8
0
 6
CONTINUOUS
 62
0
10
0.75
20
0
30
0
11
-0.75
21
-1.125
31
0
 0
LINE
 8
0
 6
CONTINUOUS
 62
0
10
-0.75
20
-1.125
30
0
11
-0.75
21
1.125
31
0
 0
LINE
 8
0
 6
CONTINUOUS
 62
0
10
0.75
20
-1.125
30
0
11
0.75
21
1.125
31
0
 0
ENDBLK
 0
BLOCK
 8
0
 6
CONTINUOUS
 62
0
 2
VALVULA_CONTROL_ALARMA_IPCI
 70
0
10
0
20
0
30
0
 3
VALVULA_CONTROL_ALARMA_IPCI
 1

 0
LINE
 8
0
 6
CONTINUOUS
 62
0
10
1.125
20
0.9
30
0
11
1.125
21
-0.9
31
0
 0
LINE
 8
0
 6
CONTINUOUS
 62
0
10
1.125
20
-0.9
30
0
11
-1.125
21
-0.9
31
0
 0
LINE
 8
0
 6
CONTINUOUS
 62
0
10
-1.125
20
-0.9
30
0
11
-1.125
21
0.9
31
0
 0
LINE
 8
0
 6
CONTINUOUS
 62
0
10
-1.125
20
0.9
30
0
11
1.125
21
0.9
31
0
 0
LINE
 8
0
 6
CONTINUOUS
 62
0
10
0
20
0.9
30
0
11
-0
21
1.639816
31
0
 0
CIRCLE
 8
0
 6
CONTINUOUS
 62
0
10
-0
20
2.439816
30
0
 40
0.8
 0
ENDBLK
 0
BLOCK
 8
0
 6
CONTINUOUS
 62
0
 2
HIDRANTE_EXTERIOR_IPCI
 70
0
10
0
20
0
30
0
 3
HIDRANTE_EXTERIOR_IPCI
 1

 0
LINE
 8
0
 6
CONTINUOUS
 62
0
10
1
20
5
30
0
11
1
21
6
31
0
 0
LINE
 8
0
 6
CONTINUOUS
 62
0
10
-1
20
6
30
0
11
-1
21
5
31
0
 0
LINE
 8
0
 6
CONTINUOUS
 62
0
10
-1
20
2
30
0
11
1
21
2
31
0
 0
CIRCLE
 8
0
 6
CONTINUOUS
 62
0
10
0
20
0
30
0
 40
0.5
 0
LINE
 8
0
 6
CONTINUOUS
 62
0
10
-1
20
5
30
0
11
-2
21
5
31
0
 0
LINE
 8
0
 6
CONTINUOUS
 62
0
10
-2
20
4
30
0
11
-1
21
4
31
0
 0
LINE
 8
0
 6
CONTINUOUS
 62
0
10
-2
20
5
30
0
11
-2
21
4
31
0
 0
LINE
 8
0
 6
CONTINUOUS
 62
0
10
-1
20
4
30
0
11
-1
21
2
31
0
 0
LINE
 8
0
 6
CONTINUOUS
 62
0
10
0
20
0.5
30
0
11
0
21
2
31
0
 0
LINE
 8
0
 6
CONTINUOUS
 62
0
10
1
20
4
30
0
11
2
21
4
31
0
 0
LINE
 8
0
 6
CONTINUOUS
 62
0
10
2
20
5
30
0
11
1
21
5
31
0
 0
LINE
 8
0
 6
CONTINUOUS
 62
0
10
1
20
2
30
0
11
1
21
4
31
0
 0
LINE
 8
0
 6
CONTINUOUS
 62
0
10
2
20
4
30
0
11
2
21
5
31
0
 0
LINE
 8
0
 6
CONTINUOUS
 62
0
10
1
20
6
30
0
11
-1
21
6
31
0
 0
ENDBLK
 0
BLOCK
 8
0
 6
CONTINUOUS
 62
0
 2
VALVULA_REG_PRESION_IPCI
 70
0
10
0
20
0
30
0
 3
VALVULA_REG_PRESION_IPCI
 1

 0
LINE
 8
0
 6
CONTINUOUS
 62
0
10
-1.50002
20
1.125
30
0
11
1.49998
21
0
31
0
 0
LINE
 8
0
 6
CONTINUOUS
 62
0
10
-1.50002
20
-1.125
30
0
11
1.49998
21
0
31
0
 0
LINE
 8
0
 6
CONTINUOUS
 62
0
10
1.49998
20
1.125
30
0
11
-1.50002
21
1.125
31
0
 0
LINE
 8
0
 6
CONTINUOUS
 62
0
10
-1.50002
20
-1.125
30
0
11
1.49998
21
-1.125
31
0
 0
LINE
 8
0
 6
CONTINUOUS
 62
0
10
-1.50002
20
1.125
30
0
11
-1.50002
21
-1.125
31
0
 0
LINE
 8
0
 6
CONTINUOUS
 62
0
10
1.49998
20
-1.125
30
0
11
1.49998
21
1.125
31
0
 0
ENDBLK
 0
BLOCK
 8
0
 6
CONTINUOUS
 62
0
 2
BOCA_RELLENO_IPCI
 70
0
10
0
20
0
30
0
 3
BOCA_RELLENO_IPCI
 1

 0
SOLID
 8
0
 6
ByLayer
 62
0
10
-2
20
1.2
30
0
11
2
21
1.2
31
0
13
2
23
-1.2
33
0
12
-2
22
-1.2
32
0
 0
ENDBLK
 0
BLOCK
 8
0
 6
ByLayer
 62
0
 2
HIDRANTE_RELLENO_IPCI
 70
0
10
0
20
0
30
0
 3
HIDRANTE_RELLENO_IPCI
 1

 0
SOLID
 8
0
 6
ByLayer
 62
0
10
-2
20
5
30
0
11
2
21
5
31
0
13
2
23
4
33
0
12
-2
22
4
32
0
 0
SOLID
 8
0
 6
ByLayer
 62
0
10
-1
20
6
30
0
11
1
21
6
31
0
13
1
23
2
33
0
12
-1
22
2
32
0
 0
ENDBLK
 0
BLOCK
 8
0
 6
ByLayer
 62
0
 2
ROCIADOR_RELLENO_IPCI
 70
0
10
0
20
0
30
0
 3
ROCIADOR_RELLENO_IPCI
 1

 0
SOLID
 8
0
 6
ByLayer
 62
0
10
1.5
20
0
30
0
11
1.492506
21
0.14975
31
0
13
1.474903
23
-0.273244
33
0
12
1.494813
22
-0.124634
32
0
 0
SOLID
 8
0
 6
ByLayer
 62
0
10
1.492506
20
0.14975
30
0
11
1.4701
21
0.298004
31
0
13
1.440255
23
-0.419123
33
0
12
1.474903
22
-0.273244
32
0
 0
SOLID
 8
0
 6
ByLayer
 62
0
10
1.4701
20
0.298004
30
0
11
1.433005
21
0.44328
31
0
13
1.391218
23
-0.560815
33
0
12
1.440255
22
-0.419123
32
0
 0
SOLID
 8
0
 6
ByLayer
 62
0
10
1.433005
20
0.44328
30
0
11
1.381591
21
0.584128
31
0
13
1.328279
23
-0.696903
33
0
12
1.391218
22
-0.560815
32
0
 0
SOLID
 8
0
 6
ByLayer
 62
0
10
1.381591
20
0.584128
30
0
11
1.316374
21
0.719138
31
0
13
1.252069
23
-0.826028
33
0
12
1.328279
22
-0.696903
32
0
 0
SOLID
 8
0
 6
ByLayer
 62
0
10
1.316374
20
0.719138
30
0
11
1.238003
21
0.846964
31
0
13
1.163349
23
-0.9469
33
0
12
1.252069
22
-0.826028
32
0
 0
SOLID
 8
0
 6
ByLayer
 62
0
10
1.238003
20
0.846964
30
0
11
1.147263
21
0.966327
31
0
13
1.063005
23
-1.05831
33
0
12
1.163349
22
-0.9469
32
0
 0
SOLID
 8
0
 6
ByLayer
 62
0
10
1.147263
20
0.966327
30
0
11
1.04506
21
1.076034
31
0
13
0.952039
23
-1.159147
33
0
12
1.063005
22
-1.05831
32
0
 0
SOLID
 8
0
 6
ByLayer
 62
0
10
1.04506
20
1.076034
30
0
11
0.932415
21
1.17499
31
0
13
0.831562
23
-1.248401
33
0
12
0.952039
22
-1.159147
32
0
 0
SOLID
 8
0
 6
ByLayer
 62
0
10
0.932415
20
1.17499
30
0
11
0.810453
21
1.262206
31
0
13
0.702775
23
-1.325182
33
0
12
0.831562
22
-1.248401
32
0
 0
SOLID
 8
0
 6
ByLayer
 62
0
10
0.810453
20
1.262206
30
0
11
0.680394
21
1.336811
31
0
13
0.566967
23
-1.388722
33
0
12
0.702775
22
-1.325182
32
0
 0
SOLID
 8
0
 6
ByLayer
 62
0
10
0.680394
20
1.336811
30
0
11
0.543537
21
1.398059
31
0
13
0.425493
23
-1.438386
33
0
12
0.566967
22
-1.388722
32
0
 0
SOLID
 8
0
 6
ByLayer
 62
0
10
0.543537
20
1.398059
30
0
11
0.401248
21
1.445337
31
0
13
0.279769
23
-1.473679
33
0
12
0.425493
22
-1.438386
32
0
 0
SOLID
 8
0
 6
ByLayer
 62
0
10
0.401248
20
1.445337
30
0
11
0.254951
21
1.478175
31
0
13
0.131249
23
-1.494247
33
0
12
0.279769
22
-1.473679
32
0
 0
SOLID
 8
0
 6
ByLayer
 62
0
10
0.254951
20
1.478175
30
0
11
0.106106
21
1.496242
31
0
13
-0.018583
23
-1.499885
33
0
12
0.131249
22
-1.494247
32
0
 0
SOLID
 8
0
 6
ByLayer
 62
0
10
0.106106
20
1.496242
30
0
11
-0.043799
21
1.49936
31
0
13
-0.168229
23
-1.490537
33
0
12
-0.018583
22
-1.499885
32
0
 0
SOLID
 8
0
 6
ByLayer
 62
0
10
-0.043799
20
1.49936
30
0
11
-0.193267
21
1.487497
31
0
13
-0.316194
23
-1.466295
33
0
12
-0.168229
22
-1.490537
32
0
 0
SOLID
 8
0
 6
ByLayer
 62
0
10
-0.193267
20
1.487497
30
0
11
-0.340803
21
1.460771
31
0
13
-0.460999
23
-1.427403
33
0
12
-0.316194
22
-1.466295
32
0
 0
SOLID
 8
0
 6
ByLayer
 62
0
10
-0.340803
20
1.460771
30
0
11
-0.484934
21
1.41945
31
0
13
-0.601199
23
-1.374249
33
0
12
-0.460999
22
-1.427403
32
0
 0
SOLID
 8
0
 6
ByLayer
 62
0
10
-0.484934
20
1.41945
30
0
11
-0.62422
21
1.363946
31
0
13
-0.735391
23
-1.307364
33
0
12
-0.601199
22
-1.374249
32
0
 0
SOLID
 8
0
 6
ByLayer
 62
0
10
-0.62422
20
1.363946
30
0
11
-0.757269
21
1.294814
31
0
13
-0.862236
23
-1.227416
33
0
12
-0.735391
22
-1.307364
32
0
 0
SOLID
 8
0
 6
ByLayer
 62
0
10
-0.757269
20
1.294814
30
0
11
-0.882752
21
1.212745
31
0
13
-0.980465
23
-1.135204
33
0
12
-0.862236
22
-1.227416
32
0
 0
SOLID
 8
0
 6
ByLayer
 62
0
10
-0.882752
20
1.212745
30
0
11
-0.999414
21
1.118558
31
0
13
-1.088898
23
-1.031649
33
0
12
-0.980465
22
-1.135204
32
0
 0
SOLID
 8
0
 6
ByLayer
 62
0
10
-0.999414
20
1.118558
30
0
11
-1.106091
21
1.013195
31
0
13
-1.186452
23
-0.917787
33
0
12
-1.088898
22
-1.031649
32
0
 0
SOLID
 8
0
 6
ByLayer
 62
0
10
-1.106091
20
1.013195
30
0
11
-1.201715
21
0.897708
31
0
13
-1.27215
23
-0.794754
33
0
12
-1.186452
22
-0.917787
32
0
 0
SOLID
 8
0
 6
ByLayer
 62
0
10
-1.201715
20
0.897708
30
0
11
-1.285333
21
0.773252
31
0
13
-1.345138
23
-0.663781
33
0
12
-1.27215
22
-0.794754
32
0
 0
SOLID
 8
0
 6
ByLayer
 62
0
10
-1.285333
20
0.773252
30
0
11
-1.356108
21
0.64107
31
0
13
-1.404685
23
-0.526175
33
0
12
-1.345138
22
-0.663781
32
0
 0
SOLID
 8
0
 6
ByLayer
 62
0
10
-1.356108
20
0.64107
30
0
11
-1.413334
21
0.502482
31
0
13
-1.450197
23
-0.383312
33
0
12
-1.404685
22
-0.526175
32
0
 0
SOLID
 8
0
 6
ByLayer
 62
0
10
-1.413334
20
0.502482
30
0
11
-1.456437
21
0.358874
31
0
13
-1.48122
23
-0.236619
33
0
12
-1.450197
22
-0.383312
32
0
 0
SOLID
 8
0
 6
ByLayer
 62
0
10
-1.456437
20
0.358874
30
0
11
-1.484989
21
0.21168
31
0
13
-1.497442
23
-0.087561
33
0
12
-1.48122
22
-0.236619
32
0
 0
SOLID
 8
0
 6
ByLayer
 62
0
10
-1.484989
20
0.21168
30
0
11
-1.498703
21
0.062371
31
0
13
-1.498703
23
0.062371
33
0
12
-1.497442
22
-0.087561
32
0
 0
ENDBLK
 0
BLOCK
 8
0
 6
ByLayer
 62
0
 2
VALVULA_PROP_GENERAL_IPCI
 70
0
10
0
20
0
30
0
 3
VALVULA_PROP_GENERAL_IPCI
 1

 0
LINE
 8
0
 6
CONTINUOUS
 62
0
10
-0.75
20
0.725
30
0
11
0.75
21
0.725
31
0
 0
LINE
 8
0
 6
CONTINUOUS
 62
0
10
-0.75
20
-0.725
30
0
11
0.75
21
-0.725
31
0
 0
LINE
 8
0
 6
CONTINUOUS
 62
0
10
-0.507951
20
-0.48396
30
0
11
0.628941
21
-0.48396
31
0
 0
ARC
 8
0
 6
CONTINUOUS
 62
0
10
-0.390994
20
0.50898
30
0
 40
0.803054
 50
278.013611
 51
351.954468
 0
LINE
 8
0
 6
CONTINUOUS
 62
0
10
-0.75
20
-0.725
30
0
11
-0.75
21
0.725
31
0
 0
LINE
 8
0
 6
CONTINUOUS
 62
0
10
-0.507951
20
-0.48396
30
0
11
-0.507951
21
0.60495
31
0
 0
LINE
 8
0
 6
CONTINUOUS
 62
0
10
0.75
20
-0.725
30
0
11
0.75
21
0.725
31
0
 0
ENDBLK
 0
BLOCK
 8
0
 6
CONTINUOUS
 62
0
 2
LLAVE_VACIADO_IPCI
 70
0
10
0
20
0
30
0
 3
LLAVE_VACIADO_IPCI
 1

 0
SOLID
 8
0
 6
CONTINUOUS
 62
0
10
0.026239
20
0
30
0
11
0.026108
21
0.00262
31
0
13
0.0258
23
-0.00478
33
0
12
0.026149
22
-0.00218
32
0
 0
SOLID
 8
0
 6
CONTINUOUS
 62
0
10
0.026108
20
0.00262
30
0
11
0.025716
21
0.005213
31
0
13
0.025194
23
-0.007332
33
0
12
0.0258
22
-0.00478
32
0
 0
SOLID
 8
0
 6
CONTINUOUS
 62
0
10
0.025716
20
0.005213
30
0
11
0.025067
21
0.007754
31
0
13
0.024336
23
-0.00981
33
0
12
0.025194
22
-0.007332
32
0
 0
SOLID
 8
0
 6
CONTINUOUS
 62
0
10
0.025067
20
0.007754
30
0
11
0.024168
21
0.010218
31
0
13
0.023235
23
-0.012191
33
0
12
0.024336
22
-0.00981
32
0
 0
SOLID
 8
0
 6
CONTINUOUS
 62
0
10
0.024168
20
0.010218
30
0
11
0.023027
21
0.01258
31
0
13
0.021902
23
-0.01445
33
0
12
0.023235
22
-0.012191
32
0
 0
SOLID
 8
0
 6
CONTINUOUS
 62
0
10
0.023027
20
0.01258
30
0
11
0.021656
21
0.014816
31
0
13
0.02035
23
-0.016564
33
0
12
0.021902
22
-0.01445
32
0
 0
SOLID
 8
0
 6
CONTINUOUS
 62
0
10
0.021656
20
0.014816
30
0
11
0.020069
21
0.016904
31
0
13
0.018595
23
-0.018513
33
0
12
0.02035
22
-0.016564
32
0
 0
SOLID
 8
0
 6
CONTINUOUS
 62
0
10
0.020069
20
0.016904
30
0
11
0.018281
21
0.018823
31
0
13
0.016654
23
-0.020277
33
0
12
0.018595
22
-0.018513
32
0
 0
SOLID
 8
0
 6
CONTINUOUS
 62
0
10
0.018281
20
0.018823
30
0
11
0.016311
21
0.020554
31
0
13
0.014546
23
-0.021838
33
0
12
0.016654
22
-0.020277
32
0
 0
SOLID
 8
0
 6
CONTINUOUS
 62
0
10
0.016311
20
0.020554
30
0
11
0.014177
21
0.02208
31
0
13
0.012294
23
-0.023181
33
0
12
0.014546
22
-0.021838
32
0
 0
SOLID
 8
0
 6
CONTINUOUS
 62
0
10
0.014177
20
0.02208
30
0
11
0.011902
21
0.023385
31
0
13
0.009918
23
-0.024293
33
0
12
0.012294
22
-0.023181
32
0
 0
SOLID
 8
0
 6
CONTINUOUS
 62
0
10
0.011902
20
0.023385
30
0
11
0.009508
21
0.024456
31
0
13
0.007443
23
-0.025162
33
0
12
0.009918
22
-0.024293
32
0
 0
SOLID
 8
0
 6
CONTINUOUS
 62
0
10
0.009508
20
0.024456
30
0
11
0.007019
21
0.025283
31
0
13
0.004894
23
-0.025779
33
0
12
0.007443
22
-0.025162
32
0
 0
SOLID
 8
0
 6
CONTINUOUS
 62
0
10
0.007019
20
0.025283
30
0
11
0.00446
21
0.025858
31
0
13
0.002296
23
-0.026139
33
0
12
0.004894
22
-0.025779
32
0
 0
SOLID
 8
0
 6
CONTINUOUS
 62
0
10
0.00446
20
0.025858
30
0
11
0.001856
21
0.026174
31
0
13
-0.000325
23
-0.026237
33
0
12
0.002296
22
-0.026139
32
0
 0
SOLID
 8
0
 6
CONTINUOUS
 62
0
10
0.001856
20
0.026174
30
0
11
-0.000766
21
0.026228
31
0
13
-0.002943
23
-0.026074
33
0
12
-0.000325
22
-0.026237
32
0
 0
SOLID
 8
0
 6
CONTINUOUS
 62
0
10
-0.000766
20
0.026228
30
0
11
-0.003381
21
0.026021
31
0
13
-0.005531
23
-0.02565
33
0
12
-0.002943
22
-0.026074
32
0
 0
SOLID
 8
0
 6
CONTINUOUS
 62
0
10
-0.003381
20
0.026021
30
0
11
-0.005962
21
0.025553
31
0
13
-0.008064
23
-0.024969
33
0
12
-0.005531
22
-0.02565
32
0
 0
SOLID
 8
0
 6
CONTINUOUS
 62
0
10
-0.005962
20
0.025553
30
0
11
-0.008483
21
0.02483
31
0
13
-0.010517
23
-0.02404
33
0
12
-0.008064
22
-0.024969
32
0
 0
SOLID
 8
0
 6
CONTINUOUS
 62
0
10
-0.008483
20
0.02483
30
0
11
-0.010919
21
0.023859
31
0
13
-0.012864
23
-0.02287
33
0
12
-0.010517
22
-0.02404
32
0
 0
SOLID
 8
0
 6
CONTINUOUS
 62
0
10
-0.010919
20
0.023859
30
0
11
-0.013247
21
0.02265
31
0
13
-0.015083
23
-0.021471
33
0
12
-0.012864
22
-0.02287
32
0
 0
SOLID
 8
0
 6
CONTINUOUS
 62
0
10
-0.013247
20
0.02265
30
0
11
-0.015442
21
0.021214
31
0
13
-0.017151
23
-0.019858
33
0
12
-0.015083
22
-0.021471
32
0
 0
SOLID
 8
0
 6
CONTINUOUS
 62
0
10
-0.015442
20
0.021214
30
0
11
-0.017483
21
0.019567
31
0
13
-0.019048
23
-0.018047
33
0
12
-0.017151
22
-0.019858
32
0
 0
SOLID
 8
0
 6
CONTINUOUS
 62
0
10
-0.017483
20
0.019567
30
0
11
-0.019349
21
0.017724
31
0
13
-0.020754
23
-0.016055
33
0
12
-0.019048
22
-0.018047
32
0
 0
SOLID
 8
0
 6
CONTINUOUS
 62
0
10
-0.019349
20
0.017724
30
0
11
-0.021021
21
0.015704
31
0
13
-0.022254
23
-0.013903
33
0
12
-0.020754
22
-0.016055
32
0
 0
SOLID
 8
0
 6
CONTINUOUS
 62
0
10
-0.021021
20
0.015704
30
0
11
-0.022484
21
0.013526
31
0
13
-0.02353
23
-0.011611
33
0
12
-0.022254
22
-0.013903
32
0
 0
SOLID
 8
0
 6
CONTINUOUS
 62
0
10
-0.022484
20
0.013526
30
0
11
-0.023722
21
0.011214
31
0
13
-0.024572
23
-0.009204
33
0
12
-0.02353
22
-0.011611
32
0
 0
SOLID
 8
0
 6
CONTINUOUS
 62
0
10
-0.023722
20
0.011214
30
0
11
-0.024723
21
0.00879
31
0
13
-0.025368
23
-0.006705
33
0
12
-0.024572
22
-0.009204
32
0
 0
SOLID
 8
0
 6
CONTINUOUS
 62
0
10
-0.024723
20
0.00879
30
0
11
-0.025477
21
0.006278
31
0
13
-0.025911
23
-0.004139
33
0
12
-0.025368
22
-0.006705
32
0
 0
SOLID
 8
0
 6
CONTINUOUS
 62
0
10
-0.025477
20
0.006278
30
0
11
-0.025977
21
0.003703
31
0
13
-0.026195
23
-0.001532
33
0
12
-0.025911
22
-0.004139
32
0
 0
SOLID
 8
0
 6
CONTINUOUS
 62
0
10
-0.025977
20
0.003703
30
0
11
-0.026217
21
0.001091
31
0
13
-0.026217
23
0.001091
33
0
12
-0.026195
22
-0.001532
32
0
 0
LINE
 8
0
 6
CONTINUOUS
 62
0
10
0
20
-0.281938
30
0
11
0
21
-0.349496
31
0
 0
LINE
 8
0
 6
CONTINUOUS
 62
0
10
0
20
-0.281938
30
0
11
-0.025378
21
-0.239821
31
0
 0
LINE
 8
0
 6
CONTINUOUS
 62
0
10
0
20
-0.281938
30
0
11
0.025378
21
-0.239821
31
0
 0
LINE
 8
0
 6
CONTINUOUS
 62
0
10
-0.042224
20
-0.206336
30
0
11
0.042224
21
-0.206336
31
0
 0
LINE
 8
0
 6
CONTINUOUS
 62
0
10
0.042224
20
-0.206336
30
0
11
0
21
-0.150038
31
0
 0
LINE
 8
0
 6
CONTINUOUS
 62
0
10
0
20
-0.150038
30
0
11
-0.042224
21
-0.206336
31
0
 0
LINE
 8
0
 6
CONTINUOUS
 62
0
10
-0.042224
20
-0.093739
30
0
11
0.042224
21
-0.093739
31
0
 0
LINE
 8
0
 6
CONTINUOUS
 62
0
10
-0
20
-0.150038
30
0
11
-0.042224
21
-0.093739
31
0
 0
LINE
 8
0
 6
CONTINUOUS
 62
0
10
0.042224
20
-0.093739
30
0
11
-0
21
-0.150038
31
0
 0
LINE
 8
0
 6
CONTINUOUS
 62
0
10
0
20
-0.206336
30
0
11
0
21
-0.236725
31
0
 0
LINE
 8
0
 6
CONTINUOUS
 62
0
10
0
20
-0.093739
30
0
11
0
21
0
31
0
 0
ENDBLK
 0
BLOCK
 8
0
 6
CONTINUOUS
 62
0
 2
MANOMETRO_INV_IPCI
 70
0
10
0
20
0
30
0
 3
MANOMETRO_INV_IPCI
 1

 0
TEXT
 8
0
 6
CONTINUOUS
 62
0
10
0
20
-0.196685
30
0
11
0
21
-0.196685
31
0
 1
bar
 7
ROMANS
 40
0.05
 41
1
 50
0
 72
1
 73
0
 0
LINE
 8
0
 6
CONTINUOUS
 62
0
10
0
20
-0.093739
30
0
11
0
21
-0.0262
31
0
 0
CIRCLE
 8
0
 6
CONTINUOUS
 62
0
10
0
20
-0.177977
30
0
 40
0.084238
 0
SOLID
 8
0
 6
CONTINUOUS
 62
0
10
0.026239
20
0
30
0
11
0.026108
21
0.00262
31
0
13
0.0258
23
-0.00478
33
0
12
0.026149
22
-0.00218
32
0
 0
SOLID
 8
0
 6
CONTINUOUS
 62
0
10
0.026108
20
0.00262
30
0
11
0.025716
21
0.005213
31
0
13
0.025194
23
-0.007332
33
0
12
0.0258
22
-0.00478
32
0
 0
SOLID
 8
0
 6
CONTINUOUS
 62
0
10
0.025716
20
0.005213
30
0
11
0.025067
21
0.007754
31
0
13
0.024336
23
-0.00981
33
0
12
0.025194
22
-0.007332
32
0
 0
SOLID
 8
0
 6
CONTINUOUS
 62
0
10
0.025067
20
0.007754
30
0
11
0.024168
21
0.010218
31
0
13
0.023235
23
-0.012191
33
0
12
0.024336
22
-0.00981
32
0
 0
SOLID
 8
0
 6
CONTINUOUS
 62
0
10
0.024168
20
0.010218
30
0
11
0.023027
21
0.01258
31
0
13
0.021902
23
-0.01445
33
0
12
0.023235
22
-0.012191
32
0
 0
SOLID
 8
0
 6
CONTINUOUS
 62
0
10
0.023027
20
0.01258
30
0
11
0.021656
21
0.014816
31
0
13
0.02035
23
-0.016564
33
0
12
0.021902
22
-0.01445
32
0
 0
SOLID
 8
0
 6
CONTINUOUS
 62
0
10
0.021656
20
0.014816
30
0
11
0.020069
21
0.016904
31
0
13
0.018595
23
-0.018513
33
0
12
0.02035
22
-0.016564
32
0
 0
SOLID
 8
0
 6
CONTINUOUS
 62
0
10
0.020069
20
0.016904
30
0
11
0.018281
21
0.018823
31
0
13
0.016654
23
-0.020277
33
0
12
0.018595
22
-0.018513
32
0
 0
SOLID
 8
0
 6
CONTINUOUS
 62
0
10
0.018281
20
0.018823
30
0
11
0.016311
21
0.020554
31
0
13
0.014546
23
-0.021838
33
0
12
0.016654
22
-0.020277
32
0
 0
SOLID
 8
0
 6
CONTINUOUS
 62
0
10
0.016311
20
0.020554
30
0
11
0.014177
21
0.02208
31
0
13
0.012294
23
-0.023181
33
0
12
0.014546
22
-0.021838
32
0
 0
SOLID
 8
0
 6
CONTINUOUS
 62
0
10
0.014177
20
0.02208
30
0
11
0.011902
21
0.023385
31
0
13
0.009918
23
-0.024293
33
0
12
0.012294
22
-0.023181
32
0
 0
SOLID
 8
0
 6
CONTINUOUS
 62
0
10
0.011902
20
0.023385
30
0
11
0.009508
21
0.024456
31
0
13
0.007443
23
-0.025162
33
0
12
0.009918
22
-0.024293
32
0
 0
SOLID
 8
0
 6
CONTINUOUS
 62
0
10
0.009508
20
0.024456
30
0
11
0.007019
21
0.025283
31
0
13
0.004894
23
-0.025779
33
0
12
0.007443
22
-0.025162
32
0
 0
SOLID
 8
0
 6
CONTINUOUS
 62
0
10
0.007019
20
0.025283
30
0
11
0.00446
21
0.025858
31
0
13
0.002296
23
-0.026139
33
0
12
0.004894
22
-0.025779
32
0
 0
SOLID
 8
0
 6
CONTINUOUS
 62
0
10
0.00446
20
0.025858
30
0
11
0.001856
21
0.026174
31
0
13
-0.000325
23
-0.026237
33
0
12
0.002296
22
-0.026139
32
0
 0
SOLID
 8
0
 6
CONTINUOUS
 62
0
10
0.001856
20
0.026174
30
0
11
-0.000766
21
0.026228
31
0
13
-0.002943
23
-0.026074
33
0
12
-0.000325
22
-0.026237
32
0
 0
SOLID
 8
0
 6
CONTINUOUS
 62
0
10
-0.000766
20
0.026228
30
0
11
-0.003381
21
0.026021
31
0
13
-0.005531
23
-0.02565
33
0
12
-0.002943
22
-0.026074
32
0
 0
SOLID
 8
0
 6
CONTINUOUS
 62
0
10
-0.003381
20
0.026021
30
0
11
-0.005962
21
0.025553
31
0
13
-0.008064
23
-0.024969
33
0
12
-0.005531
22
-0.02565
32
0
 0
SOLID
 8
0
 6
CONTINUOUS
 62
0
10
-0.005962
20
0.025553
30
0
11
-0.008483
21
0.02483
31
0
13
-0.010517
23
-0.02404
33
0
12
-0.008064
22
-0.024969
32
0
 0
SOLID
 8
0
 6
CONTINUOUS
 62
0
10
-0.008483
20
0.02483
30
0
11
-0.010919
21
0.023859
31
0
13
-0.012864
23
-0.02287
33
0
12
-0.010517
22
-0.02404
32
0
 0
SOLID
 8
0
 6
CONTINUOUS
 62
0
10
-0.010919
20
0.023859
30
0
11
-0.013247
21
0.02265
31
0
13
-0.015083
23
-0.021471
33
0
12
-0.012864
22
-0.02287
32
0
 0
SOLID
 8
0
 6
CONTINUOUS
 62
0
10
-0.013247
20
0.02265
30
0
11
-0.015442
21
0.021214
31
0
13
-0.017151
23
-0.019858
33
0
12
-0.015083
22
-0.021471
32
0
 0
SOLID
 8
0
 6
CONTINUOUS
 62
0
10
-0.015442
20
0.021214
30
0
11
-0.017483
21
0.019567
31
0
13
-0.019048
23
-0.018047
33
0
12
-0.017151
22
-0.019858
32
0
 0
SOLID
 8
0
 6
CONTINUOUS
 62
0
10
-0.017483
20
0.019567
30
0
11
-0.019349
21
0.017724
31
0
13
-0.020754
23
-0.016055
33
0
12
-0.019048
22
-0.018047
32
0
 0
SOLID
 8
0
 6
CONTINUOUS
 62
0
10
-0.019349
20
0.017724
30
0
11
-0.021021
21
0.015704
31
0
13
-0.022254
23
-0.013903
33
0
12
-0.020754
22
-0.016055
32
0
 0
SOLID
 8
0
 6
CONTINUOUS
 62
0
10
-0.021021
20
0.015704
30
0
11
-0.022484
21
0.013526
31
0
13
-0.02353
23
-0.011611
33
0
12
-0.022254
22
-0.013903
32
0
 0
SOLID
 8
0
 6
CONTINUOUS
 62
0
10
-0.022484
20
0.013526
30
0
11
-0.023722
21
0.011214
31
0
13
-0.024572
23
-0.009204
33
0
12
-0.02353
22
-0.011611
32
0
 0
SOLID
 8
0
 6
CONTINUOUS
 62
0
10
-0.023722
20
0.011214
30
0
11
-0.024723
21
0.00879
31
0
13
-0.025368
23
-0.006705
33
0
12
-0.024572
22
-0.009204
32
0
 0
SOLID
 8
0
 6
CONTINUOUS
 62
0
10
-0.024723
20
0.00879
30
0
11
-0.025477
21
0.006278
31
0
13
-0.025911
23
-0.004139
33
0
12
-0.025368
22
-0.006705
32
0
 0
SOLID
 8
0
 6
CONTINUOUS
 62
0
10
-0.025477
20
0.006278
30
0
11
-0.025977
21
0.003703
31
0
13
-0.026195
23
-0.001532
33
0
12
-0.025911
22
-0.004139
32
0
 0
SOLID
 8
0
 6
CONTINUOUS
 62
0
10
-0.025977
20
0.003703
30
0
11
-0.026217
21
0.001091
31
0
13
-0.026217
23
0.001091
33
0
12
-0.026195
22
-0.001532
32
0
 0
ENDBLK
 0
BLOCK
 8
0
 6
CONTINUOUS
 62
0
 2
MANOMETRO_IPCI
 70
0
10
0
20
0
30
0
 3
MANOMETRO_IPCI
 1

 0
TEXT
 8
0
 6
CONTINUOUS
 62
0
10
0
20
0.159268
30
0
11
0
21
0.159268
31
0
 1
bar
 7
ROMANS
 40
0.05
 41
1
 50
0
 72
1
 73
0
 0
CIRCLE
 8
0
 6
CONTINUOUS
 62
0
10
0
20
0.177977
30
0
 40
0.084238
 0
LINE
 8
0
 6
CONTINUOUS
 62
0
10
0
20
0.093739
30
0
11
0
21
0.0262
31
0
 0
SOLID
 8
0
 6
CONTINUOUS
 62
0
10
0.026239
20
0
30
0
11
0.026108
21
0.00262
31
0
13
0.0258
23
-0.00478
33
0
12
0.026149
22
-0.00218
32
0
 0
SOLID
 8
0
 6
CONTINUOUS
 62
0
10
0.026108
20
0.00262
30
0
11
0.025716
21
0.005213
31
0
13
0.025194
23
-0.007332
33
0
12
0.0258
22
-0.00478
32
0
 0
SOLID
 8
0
 6
CONTINUOUS
 62
0
10
0.025716
20
0.005213
30
0
11
0.025067
21
0.007754
31
0
13
0.024336
23
-0.00981
33
0
12
0.025194
22
-0.007332
32
0
 0
SOLID
 8
0
 6
CONTINUOUS
 62
0
10
0.025067
20
0.007754
30
0
11
0.024168
21
0.010218
31
0
13
0.023235
23
-0.012191
33
0
12
0.024336
22
-0.00981
32
0
 0
SOLID
 8
0
 6
CONTINUOUS
 62
0
10
0.024168
20
0.010218
30
0
11
0.023027
21
0.01258
31
0
13
0.021902
23
-0.01445
33
0
12
0.023235
22
-0.012191
32
0
 0
SOLID
 8
0
 6
CONTINUOUS
 62
0
10
0.023027
20
0.01258
30
0
11
0.021656
21
0.014816
31
0
13
0.02035
23
-0.016564
33
0
12
0.021902
22
-0.01445
32
0
 0
SOLID
 8
0
 6
CONTINUOUS
 62
0
10
0.021656
20
0.014816
30
0
11
0.020069
21
0.016904
31
0
13
0.018595
23
-0.018513
33
0
12
0.02035
22
-0.016564
32
0
 0
SOLID
 8
0
 6
CONTINUOUS
 62
0
10
0.020069
20
0.016904
30
0
11
0.018281
21
0.018823
31
0
13
0.016654
23
-0.020277
33
0
12
0.018595
22
-0.018513
32
0
 0
SOLID
 8
0
 6
CONTINUOUS
 62
0
10
0.018281
20
0.018823
30
0
11
0.016311
21
0.020554
31
0
13
0.014546
23
-0.021838
33
0
12
0.016654
22
-0.020277
32
0
 0
SOLID
 8
0
 6
CONTINUOUS
 62
0
10
0.016311
20
0.020554
30
0
11
0.014177
21
0.02208
31
0
13
0.012294
23
-0.023181
33
0
12
0.014546
22
-0.021838
32
0
 0
SOLID
 8
0
 6
CONTINUOUS
 62
0
10
0.014177
20
0.02208
30
0
11
0.011902
21
0.023385
31
0
13
0.009918
23
-0.024293
33
0
12
0.012294
22
-0.023181
32
0
 0
SOLID
 8
0
 6
CONTINUOUS
 62
0
10
0.011902
20
0.023385
30
0
11
0.009508
21
0.024456
31
0
13
0.007443
23
-0.025162
33
0
12
0.009918
22
-0.024293
32
0
 0
SOLID
 8
0
 6
CONTINUOUS
 62
0
10
0.009508
20
0.024456
30
0
11
0.007019
21
0.025283
31
0
13
0.004894
23
-0.025779
33
0
12
0.007443
22
-0.025162
32
0
 0
SOLID
 8
0
 6
CONTINUOUS
 62
0
10
0.007019
20
0.025283
30
0
11
0.00446
21
0.025858
31
0
13
0.002296
23
-0.026139
33
0
12
0.004894
22
-0.025779
32
0
 0
SOLID
 8
0
 6
CONTINUOUS
 62
0
10
0.00446
20
0.025858
30
0
11
0.001856
21
0.026174
31
0
13
-0.000325
23
-0.026237
33
0
12
0.002296
22
-0.026139
32
0
 0
SOLID
 8
0
 6
CONTINUOUS
 62
0
10
0.001856
20
0.026174
30
0
11
-0.000766
21
0.026228
31
0
13
-0.002943
23
-0.026074
33
0
12
-0.000325
22
-0.026237
32
0
 0
SOLID
 8
0
 6
CONTINUOUS
 62
0
10
-0.000766
20
0.026228
30
0
11
-0.003381
21
0.026021
31
0
13
-0.005531
23
-0.02565
33
0
12
-0.002943
22
-0.026074
32
0
 0
SOLID
 8
0
 6
CONTINUOUS
 62
0
10
-0.003381
20
0.026021
30
0
11
-0.005962
21
0.025553
31
0
13
-0.008064
23
-0.024969
33
0
12
-0.005531
22
-0.02565
32
0
 0
SOLID
 8
0
 6
CONTINUOUS
 62
0
10
-0.005962
20
0.025553
30
0
11
-0.008483
21
0.02483
31
0
13
-0.010517
23
-0.02404
33
0
12
-0.008064
22
-0.024969
32
0
 0
SOLID
 8
0
 6
CONTINUOUS
 62
0
10
-0.008483
20
0.02483
30
0
11
-0.010919
21
0.023859
31
0
13
-0.012864
23
-0.02287
33
0
12
-0.010517
22
-0.02404
32
0
 0
SOLID
 8
0
 6
CONTINUOUS
 62
0
10
-0.010919
20
0.023859
30
0
11
-0.013247
21
0.02265
31
0
13
-0.015083
23
-0.021471
33
0
12
-0.012864
22
-0.02287
32
0
 0
SOLID
 8
0
 6
CONTINUOUS
 62
0
10
-0.013247
20
0.02265
30
0
11
-0.015442
21
0.021214
31
0
13
-0.017151
23
-0.019858
33
0
12
-0.015083
22
-0.021471
32
0
 0
SOLID
 8
0
 6
CONTINUOUS
 62
0
10
-0.015442
20
0.021214
30
0
11
-0.017483
21
0.019567
31
0
13
-0.019048
23
-0.018047
33
0
12
-0.017151
22
-0.019858
32
0
 0
SOLID
 8
0
 6
CONTINUOUS
 62
0
10
-0.017483
20
0.019567
30
0
11
-0.019349
21
0.017724
31
0
13
-0.020754
23
-0.016055
33
0
12
-0.019048
22
-0.018047
32
0
 0
SOLID
 8
0
 6
CONTINUOUS
 62
0
10
-0.019349
20
0.017724
30
0
11
-0.021021
21
0.015704
31
0
13
-0.022254
23
-0.013903
33
0
12
-0.020754
22
-0.016055
32
0
 0
SOLID
 8
0
 6
CONTINUOUS
 62
0
10
-0.021021
20
0.015704
30
0
11
-0.022484
21
0.013526
31
0
13
-0.02353
23
-0.011611
33
0
12
-0.022254
22
-0.013903
32
0
 0
SOLID
 8
0
 6
CONTINUOUS
 62
0
10
-0.022484
20
0.013526
30
0
11
-0.023722
21
0.011214
31
0
13
-0.024572
23
-0.009204
33
0
12
-0.02353
22
-0.011611
32
0
 0
SOLID
 8
0
 6
CONTINUOUS
 62
0
10
-0.023722
20
0.011214
30
0
11
-0.024723
21
0.00879
31
0
13
-0.025368
23
-0.006705
33
0
12
-0.024572
22
-0.009204
32
0
 0
SOLID
 8
0
 6
CONTINUOUS
 62
0
10
-0.024723
20
0.00879
30
0
11
-0.025477
21
0.006278
31
0
13
-0.025911
23
-0.004139
33
0
12
-0.025368
22
-0.006705
32
0
 0
SOLID
 8
0
 6
CONTINUOUS
 62
0
10
-0.025477
20
0.006278
30
0
11
-0.025977
21
0.003703
31
0
13
-0.026195
23
-0.001532
33
0
12
-0.025911
22
-0.004139
32
0
 0
SOLID
 8
0
 6
CONTINUOUS
 62
0
10
-0.025977
20
0.003703
30
0
11
-0.026217
21
0.001091
31
0
13
-0.026217
23
0.001091
33
0
12
-0.026195
22
-0.001532
32
0
 0
ENDBLK
 0
BLOCK
 8
0
 6
CONTINUOUS
 62
0
 2
BOMBA_MARCHA_IPCI
 70
0
10
0
20
0
30
0
 3
BOMBA_MARCHA_IPCI
 1

 0
LINE
 8
0
 6
CONTINUOUS
 62
0
10
0.092173
20
0
30
0
11
-0.055041
21
-0.073935
31
0
 0
LINE
 8
0
 6
CONTINUOUS
 62
0
10
-0.055041
20
-0.073935
30
0
11
-0.055041
21
0.073935
31
0
 0
CIRCLE
 8
0
 6
CONTINUOUS
 62
0
10
0
20
0
30
0
 40
0.092173
 0
LINE
 8
0
 6
CONTINUOUS
 62
0
10
0.092173
20
-0
30
0
11
-0.055041
21
0.073935
31
0
 0
SOLID
 8
0
 6
CONTINUOUS
 62
0
10
-0.055041
20
-0.073935
30
0
11
-0.055041
21
0.073935
31
0
13
-0.055041
23
0.073935
33
0
12
0.092173
22
0
32
0
 0
ENDBLK
 0
BLOCK
 8
0
 6
CONTINUOUS
 62
0
 2
BOMBA_PARO_IPCI
 70
0
10
0
20
0
30
0
 3
BOMBA_PARO_IPCI
 1

 0
LINE
 8
0
 6
CONTINUOUS
 62
0
10
0.092173
20
0
30
0
11
-0.055041
21
-0.073935
31
0
 0
LINE
 8
0
 6
CONTINUOUS
 62
0
10
-0.055041
20
-0.073935
30
0
11
-0.055041
21
0.073935
31
0
 0
CIRCLE
 8
0
 6
CONTINUOUS
 62
0
10
0
20
0
30
0
 40
0.092173
 0
LINE
 8
0
 6
CONTINUOUS
 62
0
10
0.092173
20
-0
30
0
11
-0.055041
21
0.073935
31
0
 0
ENDBLK
 0
BLOCK
 8
0
 6
CONTINUOUS
 62
0
 2
VALVULA_REGULACION_IPCI
 70
0
10
0
20
0
30
0
 3
VALVULA_REGULACION_IPCI
 1

 0
LINE
 8
0
 6
CONTINUOUS
 62
0
10
0.056294
20
-0.042034
30
0
11
0.056294
21
0.042034
31
0
 0
LINE
 8
0
 6
CONTINUOUS
 62
0
10
0
20
-0
30
0
11
0
21
0.06305
31
0
 0
LINE
 8
0
 6
CONTINUOUS
 62
0
10
0
20
0.06305
30
0
11
0.024604
21
0.063063
31
0
 0
LINE
 8
0
 6
CONTINUOUS
 62
0
10
0.056294
20
0.042034
30
0
11
0
21
-0
31
0
 0
LINE
 8
0
 6
CONTINUOUS
 62
0
10
0
20
-0
30
0
11
0.056294
21
-0.042034
31
0
 0
LINE
 8
0
 6
CONTINUOUS
 62
0
10
-0.056294
20
-0.042034
30
0
11
-0.056294
21
0.042034
31
0
 0
LINE
 8
0
 6
CONTINUOUS
 62
0
10
-0.056294
20
0.042034
30
0
11
0
21
-0
31
0
 0
LINE
 8
0
 6
CONTINUOUS
 62
0
10
0
20
-0
30
0
11
-0.056294
21
-0.042034
31
0
 0
LINE
 8
0
 6
CONTINUOUS
 62
0
10
0
20
0.06305
30
0
11
-0.024604
21
0.063063
31
0
 0
ENDBLK
 0
BLOCK
 8
0
 6
CONTINUOUS
 62
0
 2
VALVULA_EQUILIBRADO_IPCI
 70
0
10
0
20
0
30
0
 3
VALVULA_EQUILIBRADO_IPCI
 1

 0
LINE
 8
0
 6
CONTINUOUS
 62
0
10
0.056295
20
-0.042037
30
0
11
0.056295
21
0.042037
31
0
 0
LINE
 8
0
 6
CONTINUOUS
 62
0
10
0.056295
20
-0.081568
30
0
11
0.023539
21
-0.066207
31
0
 0
LINE
 8
0
 6
CONTINUOUS
 62
0
10
0.056295
20
-0.081568
30
0
11
0.023539
21
-0.096929
31
0
 0
LINE
 8
0
 6
CONTINUOUS
 62
0
10
0.023539
20
-0.066207
30
0
11
0.023539
21
-0.096929
31
0
 0
LINE
 8
0
 6
CONTINUOUS
 62
0
10
0.046537
20
0.056295
30
0
11
-0
21
0.021542
31
0
 0
LINE
 8
0
 6
CONTINUOUS
 62
0
10
-0
20
-0.021542
30
0
11
0.046537
21
-0.056295
31
0
 0
LINE
 8
0
 6
CONTINUOUS
 62
0
10
-0
20
-0
30
0
11
0.056295
21
-0.042037
31
0
 0
LINE
 8
0
 6
CONTINUOUS
 62
0
10
0.056295
20
0.042037
30
0
11
-0
21
-0
31
0
 0
LINE
 8
0
 6
CONTINUOUS
 62
0
10
-0.056295
20
-0.042037
30
0
11
-0.056295
21
0.042037
31
0
 0
LINE
 8
0
 6
CONTINUOUS
 62
0
10
-0.046537
20
0.056295
30
0
11
-0
21
0.021542
31
0
 0
LINE
 8
0
 6
CONTINUOUS
 62
0
10
-0
20
-0.021542
30
0
11
-0.046537
21
-0.056295
31
0
 0
LINE
 8
0
 6
CONTINUOUS
 62
0
10
-0
20
-0
30
0
11
-0.056295
21
-0.042037
31
0
 0
LINE
 8
0
 6
CONTINUOUS
 62
0
10
-0.056295
20
0.042037
30
0
11
-0
21
-0
31
0
 0
LINE
 8
0
 6
CONTINUOUS
 62
0
10
-0.056295
20
-0.081568
30
0
11
0.023539
21
-0.081568
31
0
 0
ENDBLK
 0
BLOCK
 8
0
 6
CONTINUOUS
 62
0
 2
VALVULA_DIFERENCIAL_IPCI
 70
0
10
0
20
0
30
0
 3
VALVULA_DIFERENCIAL_IPCI
 1

 0
LINE
 8
0
 6
CONTINUOUS
 62
0
10
0.056294
20
-0.042034
30
0
11
0.056294
21
0.042034
31
0
 0
LINE
 8
0
 6
CONTINUOUS
 62
0
10
0.056294
20
0.042034
30
0
11
0
21
0
31
0
 0
LINE
 8
0
 6
CONTINUOUS
 62
0
10
0
20
0
30
0
11
0.056294
21
-0.042034
31
0
 0
LINE
 8
0
 6
CONTINUOUS
 62
0
10
-0.056294
20
-0.042034
30
0
11
-0.056294
21
0.042034
31
0
 0
LINE
 8
0
 6
CONTINUOUS
 62
0
10
-0.056294
20
0.042034
30
0
11
0
21
0
31
0
 0
LINE
 8
0
 6
CONTINUOUS
 62
0
10
0
20
0
30
0
11
-0.056294
21
-0.042034
31
0
 0
SOLID
 8
0
 6
CONTINUOUS
 62
0
10
0.056294
20
0.042034
30
0
11
0
21
0
31
0
13
0
23
0
33
0
12
0.056294
22
-0.042034
32
0
 0
LINE
 8
0
 6
CONTINUOUS
 62
0
10
-0.056295
20
-0.081568
30
0
11
0.023539
21
-0.081568
31
0
 0
LINE
 8
0
 6
CONTINUOUS
 62
0
10
0.023539
20
-0.066207
30
0
11
0.023539
21
-0.096929
31
0
 0
LINE
 8
0
 6
CONTINUOUS
 62
0
10
0.056295
20
-0.081568
30
0
11
0.023539
21
-0.096929
31
0
 0
LINE
 8
0
 6
CONTINUOUS
 62
0
10
0.056295
20
-0.081568
30
0
11
0.023539
21
-0.066207
31
0
 0
ENDBLK
 0
BLOCK
 8
0
 6
CONTINUOUS
 62
0
 2
FILTRO_IPCI
 70
0
10
0
20
0
30
0
 3
FILTRO_IPCI
 1

 0
LINE
 8
0
 6
CONTINUOUS
 62
0
10
0.050264
20
-0.07506
30
0
11
0.029755
21
-0.102406
31
0
 0
LINE
 8
0
 6
CONTINUOUS
 62
0
10
0.070773
20
-0.047714
30
0
11
0.050264
21
-0.07506
31
0
 0
LINE
 8
0
 6
CONTINUOUS
 62
0
10
-0.050264
20
0
30
0
11
0.050264
21
-0.07506
31
0
 0
ENDBLK
 0
BLOCK
 8
0
 6
CONTINUOUS
 62
0
 2
CAUDALIMETRO_IPCI
 70
0
10
0
20
0
30
0
 3
CAUDALIMETRO_IPCI
 1

 0
LINE
 8
0
 6
CONTINUOUS
 62
0
10
-0.052479
20
0
30
0
11
0.052479
21
-0
31
0
 0
LINE
 8
0
 6
CONTINUOUS
 62
0
10
-0.076981
20
-0.038394
30
0
11
0.076981
21
-0.038394
31
0
 0
LINE
 8
0
 6
CONTINUOUS
 62
0
10
-0.076981
20
0.038394
30
0
11
0.076981
21
0.038394
31
0
 0
LINE
 8
0
 6
CONTINUOUS
 62
0
10
-0.076981
20
-0.038394
30
0
11
-0.076981
21
0.038394
31
0
 0
LINE
 8
0
 6
CONTINUOUS
 62
0
10
0.076981
20
-0.038394
30
0
11
0.076981
21
0.038394
31
0
 0
ENDBLK
 0
BLOCK
 8
0
 6
CONTINUOUS
 62
0
 2
VALVULA_REG_AE_RSF
 70
0
10
0
20
0
30
0
 3
VALVULA_REG_AE_RSF
 1

 0
TEXT
 8
0
 6
CONTINUOUS
 62
0
10
0
20
0.091633
30
0
11
0
21
0.091633
31
0
 1
E
 7
ROMANS
 40
0.04
 41
1
 50
0
 72
1
 73
0
 0
CIRCLE
 8
0
 6
CONTINUOUS
 62
0
10
0
20
0.110863
30
0
 40
0.032196
 0
LINE
 8
0
 6
CONTINUOUS
 62
0
10
-0.024604
20
0.042046
30
0
11
0.024604
21
0.042046
31
0
 0
LINE
 8
0
 6
CONTINUOUS
 62
0
10
-0.024604
20
0.067887
30
0
11
0.024604
21
0.067887
31
0
 0
LINE
 8
0
 6
CONTINUOUS
 62
0
10
0
20
-0
30
0
11
0
21
0.042034
31
0
 0
LINE
 8
0
 6
CONTINUOUS
 62
0
10
-0.024604
20
0.042046
30
0
11
-0.024604
21
0.067887
31
0
 0
LINE
 8
0
 6
CONTINUOUS
 62
0
10
0.024604
20
0.042046
30
0
11
0.024604
21
0.067887
31
0
 0
LINE
 8
0
 6
CONTINUOUS
 62
0
10
0
20
-0
30
0
11
-0.056294
21
-0.042034
31
0
 0
LINE
 8
0
 6
CONTINUOUS
 62
0
10
-0.056294
20
0.042034
30
0
11
0
21
-0
31
0
 0
LINE
 8
0
 6
CONTINUOUS
 62
0
10
-0.056294
20
-0.042034
30
0
11
-0.056294
21
0.042034
31
0
 0
LINE
 8
0
 6
CONTINUOUS
 62
0
10
0
20
-0
30
0
11
0.056294
21
-0.042034
31
0
 0
LINE
 8
0
 6
CONTINUOUS
 62
0
10
0.056294
20
0.042034
30
0
11
0
21
-0
31
0
 0
LINE
 8
0
 6
CONTINUOUS
 62
0
10
0.056294
20
-0.042034
30
0
11
0.056294
21
0.042034
31
0
 0
ENDBLK
 0
BLOCK
 8
0
 6
CONTINUOUS
 62
0
 2
VALVULA_REGULACION_AE_IPCI
 70
0
10
0
20
0
30
0
 3
VALVULA_REGULACION_AE_IPCI
 1

 0
LINE
 8
0
 6
CONTINUOUS
 62
0
10
0
20
0.06305
30
0
11
-0.024604
21
0.063063
31
0
 0
LINE
 8
0
 6
CONTINUOUS
 62
0
10
0
20
-0
30
0
11
-0.056294
21
-0.042034
31
0
 0
LINE
 8
0
 6
CONTINUOUS
 62
0
10
-0.056294
20
0.042034
30
0
11
0
21
-0
31
0
 0
LINE
 8
0
 6
CONTINUOUS
 62
0
10
-0.056294
20
-0.042034
30
0
11
-0.056294
21
0.042034
31
0
 0
LINE
 8
0
 6
CONTINUOUS
 62
0
10
0
20
-0
30
0
11
0.056294
21
-0.042034
31
0
 0
LINE
 8
0
 6
CONTINUOUS
 62
0
10
0.056294
20
0.042034
30
0
11
0
21
-0
31
0
 0
LINE
 8
0
 6
CONTINUOUS
 62
0
10
0
20
0.06305
30
0
11
0.024604
21
0.063063
31
0
 0
LINE
 8
0
 6
CONTINUOUS
 62
0
10
0
20
-0
30
0
11
0
21
0.06305
31
0
 0
LINE
 8
0
 6
CONTINUOUS
 62
0
10
0.056294
20
-0.042034
30
0
11
0.056294
21
0.042034
31
0
 0
CIRCLE
 8
0
 6
CONTINUOUS
 62
0
10
0.000833
20
0.108396
30
0
 40
0.032196
 0
TEXT
 8
0
 6
CONTINUOUS
 62
0
10
0.000833
20
0.089167
30
0
11
0.000833
21
0.089167
31
0
 1
E
 7
ROMANS
 40
0.04
 41
1
 50
0
 72
1
 73
0
 0
ENDBLK
 0
BLOCK
 8
0
 6
CONTINUOUS
 62
0
 2
LLAVE_PASO_AE_IPCI
 70
0
10
0
20
0
30
0
 3
LLAVE_PASO_AE_IPCI
 1

 0
TEXT
 8
0
 6
CONTINUOUS
 62
0
10
0.000833
20
0.074647
30
0
11
0.000833
21
0.074647
31
0
 1
E
 7
ROMANS
 40
0.04
 41
1
 50
0
 72
1
 73
0
 0
CIRCLE
 8
0
 6
CONTINUOUS
 62
0
10
0.000833
20
0.093876
30
0
 40
0.032196
 0
LINE
 8
0
 6
CONTINUOUS
 62
0
10
0
20
-0
30
0
11
-0.056294
21
-0.042034
31
0
 0
LINE
 8
0
 6
CONTINUOUS
 62
0
10
-0.056294
20
0.042034
30
0
11
0
21
-0
31
0
 0
LINE
 8
0
 6
CONTINUOUS
 62
0
10
-0.056294
20
-0.042034
30
0
11
-0.056294
21
0.042034
31
0
 0
LINE
 8
0
 6
CONTINUOUS
 62
0
10
0
20
-0
30
0
11
0.056294
21
-0.042034
31
0
 0
LINE
 8
0
 6
CONTINUOUS
 62
0
10
0.056294
20
0.042034
30
0
11
0
21
-0
31
0
 0
LINE
 8
0
 6
CONTINUOUS
 62
0
10
0.056294
20
-0.042034
30
0
11
0.056294
21
0.042034
31
0
 0
ENDBLK
 0
ENDSEC
 0
SECTION
 2
ENTITIES
 0
INSERT
 8
UNIFILAR
 6
CONTINUOUS
 62
94
 2
NUDO_DERIVACION_IPCI
10
4.637128
20
4.093265
30
0
41
0.045
42
0.045
43
1
 50
0
 0
TEXT
 8
TEXTO_NUDOS
 6
CONTINUOUS
 62
94
10
4.637128
20
4.177015
30
0
11
4.637128
21
4.177015
31
0
 1
2
 7
ROMANS
 40
0.06
 41
1
 50
0
 72
1
 73
0
 0
INSERT
 8
UNIFILAR
 6
CONTINUOUS
 62
94
 2
NUDO_DERIVACION_IPCI
10
4.637128
20
3.782859
30
0
41
0.045
42
0.045
43
1
 50
0
 0
TEXT
 8
TEXTO_NUDOS
 6
CONTINUOUS
 62
94
10
4.637128
20
3.866609
30
0
11
4.637128
21
3.866609
31
0
 1
3
 7
ROMANS
 40
0.06
 41
1
 50
0
 72
1
 73
0
 0
INSERT
 8
UNIFILAR
 6
CONTINUOUS
 62
94
 2
CONEXION_PLANTAS_IPCI
10
4.333153
20
3.548424
30
0
41
0.022
42
0.022
43
1
 50
0
 0
TEXT
 8
TEXTO_NUDOS
 6
CONTINUOUS
 62
94
10
4.333153
20
3.631424
30
0
11
4.333153
21
3.631424
31
0
 1
4
 7
ROMANS
 40
0.06
 41
1
 50
0
 72
1
 73
0
 0
INSERT
 8
UNIFILAR
 6
CONTINUOUS
 62
94
 2
DEPOSITO_ACUMULADOR_IPCI
10
5.136098
20
4.093265
30
0
41
0.15
42
0.15
43
1
 50
0
 0
TEXT
 8
TEXTO_NUDOS
 6
CONTINUOUS
 62
94
10
5.136098
20
4.312015
30
0
11
5.136098
21
4.312015
31
0
 1
1
 7
ROMANS
 40
0.06
 41
1
 50
0
 72
1
 73
0
 0
INSERT
 8
UNIFILAR
 6
CONTINUOUS
 62
94
 2
LLAVE_PASO_IPCI
10
4.637128
20
3.938062
30
0
41
1.296
42
1.296
43
1
 50
90
 0
LINE
 8
UNIFILAR
 6
CONTINUOUS
 62
94
10
4.637128
20
4.059515
30
0
11
4.637128
21
4.011027
31
0
 0
LINE
 8
UNIFILAR
 6
CONTINUOUS
 62
94
10
4.637128
20
3.865097
30
0
11
4.637128
21
3.816609
31
0
 0
TEXT
 8
TEXTO_RAMAS
 6
CONTINUOUS
 62
94
10
4.549163
20
3.938062
30
0
11
4.549163
21
3.938062
31
0
 1
Ø1 1/2"
 7
ROMANS
 40
0.06
 41
1
 50
90
 72
1
 73
0
 0
TEXT
 8
TEXTO_RAMAS
 6
CONTINUOUS
 62
94
10
4.725093
20
3.938062
30
0
11
4.725093
21
3.938062
31
0
 1

 7
ROMANS
 40
0.06
 41
1
 50
90
 72
1
 73
3
 0
LINE
 8
UNIFILAR
 6
CONTINUOUS
 62
94
10
4.610403
20
3.762248
30
0
11
4.359284
21
3.568577
31
0
 0
TEXT
 8
TEXTO_RAMAS
 6
CONTINUOUS
 62
94
10
4.454605
20
3.705235
30
0
11
4.454605
21
3.705235
31
0
 1
3 Ø1 1/2"
 7
ROMANS
 40
0.06
 41
1
 50
37.640593
 72
1
 73
0
 0
TEXT
 8
TEXTO_RAMAS
 6
CONTINUOUS
 62
94
10
4.515676
20
3.626049
30
0
11
4.515676
21
3.626049
31
0
 1
0.38m
 7
ROMANS
 40
0.06
 41
1
 50
37.640593
 72
1
 73
3
 0
LINE
 8
UNIFILAR
 6
CONTINUOUS
 62
94
10
4.533283
20
3.685091
30
0
11
4.48514
21
3.665642
31
0
 0
LINE
 8
UNIFILAR
 6
CONTINUOUS
 62
94
10
4.516183
20
3.707263
30
0
11
4.48514
21
3.665642
31
0
 0
INSERT
 8
UNIFILAR
 6
CONTINUOUS
 62
94
 2
BOMBA_MARCHA_IPCI
10
4.886613
20
4.093265
30
0
41
0.7
42
0.7
43
1
 50
180
 0
LINE
 8
UNIFILAR
 6
CONTINUOUS
 62
94
10
4.967348
20
4.093265
30
0
11
4.951153
21
4.093265
31
0
 0
LINE
 8
UNIFILAR
 6
CONTINUOUS
 62
94
10
4.822073
20
4.093265
30
0
11
4.670878
21
4.093265
31
0
 0
TEXT
 8
TEXTO_RAMAS
 6
CONTINUOUS
 62
94
10
4.886613
20
4.172805
30
0
11
4.886613
21
4.172805
31
0
 1

 7
ROMANS
 40
0.06
 41
1
 50
0
 72
1
 73
0
 0
TEXT
 8
TEXTO_RAMAS
 6
CONTINUOUS
 62
94
10
4.886613
20
4.013725
30
0
11
4.886613
21
4.013725
31
0
 1

 7
ROMANS
 40
0.06
 41
1
 50
0
 72
1
 73
3
 0
INSERT
 8
UNIFILAR
 6
CONTINUOUS
 62
94
 2
BOCA_INCENDIOS_IPCI
10
3.394566
20
3.856451
30
4
41
0.0525
42
0.0525
43
1
 50
332.5
 0
TEXT
 8
TEXTO_NUDOS
 6
CONTINUOUS
 62
94
10
3.394566
20
3.969451
30
4
11
3.394566
21
3.969451
31
4
 1
199
 7
ROMANS
 40
0.06
 41
1
 50
0
 72
1
 73
0
 0
INSERT
 8
UNIFILAR
 6
CONTINUOUS
 62
94
 2
CONEXION_PLANTAS_IPCI
10
4.333153
20
3.548424
30
2.5
41
0.022
42
0.022
43
1
 50
0
 0
TEXT
 8
TEXTO_NUDOS
 6
CONTINUOUS
 62
94
10
4.333153
20
3.631424
30
2.5
11
4.333153
21
3.631424
31
2.5
 1
5
 7
ROMANS
 40
0.06
 41
1
 50
0
 72
1
 73
0
 0
INSERT
 8
UNIFILAR
 6
CONTINUOUS
 62
94
 2
NUDO_PASO_IPCI
10
3.995961
20
0.109975
30
5
41
0.02
42
0.02
43
1
 50
0
 0
INSERT
 8
UNIFILAR
 6
CONTINUOUS
 62
94
 2
NUDO_PASO_IPCI
10
16.293314
20
0.109975
30
5
41
0.02
42
0.02
43
1
 50
0
 0
INSERT
 8
UNIFILAR
 6
CONTINUOUS
 62
94
 2
NUDO_DERIVACION_IPCI
10
16.293153
20
3.378424
30
5
41
0.045
42
0.045
43
1
 50
0
 0
TEXT
 8
TEXTO_NUDOS
 6
CONTINUOUS
 62
94
10
16.293153
20
3.462174
30
5
11
16.293153
21
3.462174
31
5
 1
175
 7
ROMANS
 40
0.06
 41
1
 50
0
 72
1
 73
0
 0
INSERT
 8
UNIFILAR
 6
CONTINUOUS
 62
94
 2
ROCIADOR_AUTOMATICO_IPCI
10
5.081028
20
1.607773
30
5
41
0.04375
42
0.04375
43
1
 50
0
 0
TEXT
 8
TEXTO_NUDOS
 6
CONTINUOUS
 62
94
10
5.081028
20
1.723398
30
5
11
5.081028
21
1.723398
31
5
 1
167
 7
ROMANS
 40
0.06
 41
1
 50
0
 72
1
 73
0
 0
INSERT
 8
UNIFILAR
 6
CONTINUOUS
 62
94
 2
ROCIADOR_AUTOMATICO_IPCI
10
1.308124
20
2.423123
30
5
41
0.04375
42
0.04375
43
1
 50
0
 0
TEXT
 8
TEXTO_NUDOS
 6
CONTINUOUS
 62
94
10
1.308124
20
2.538748
30
5
11
1.308124
21
2.538748
31
5
 1
165
 7
ROMANS
 40
0.06
 41
1
 50
0
 72
1
 73
0
 0
INSERT
 8
UNIFILAR
 6
CONTINUOUS
 62
94
 2
NUDO_DERIVACION_IPCI
10
3.997935
20
2.423117
30
5
41
0.045
42
0.045
43
1
 50
0
 0
TEXT
 8
TEXTO_NUDOS
 6
CONTINUOUS
 62
94
10
3.997935
20
2.506867
30
5
11
3.997935
21
2.506867
31
5
 1
164
 7
ROMANS
 40
0.06
 41
1
 50
0
 72
1
 73
0
 0
INSERT
 8
UNIFILAR
 6
CONTINUOUS
 62
94
 2
NUDO_DERIVACION_IPCI
10
3.995961
20
1.607773
30
5
41
0.045
42
0.045
43
1
 50
0
 0
TEXT
 8
TEXTO_NUDOS
 6
CONTINUOUS
 62
94
10
3.995961
20
1.691523
30
5
11
3.995961
21
1.691523
31
5
 1
166
 7
ROMANS
 40
0.06
 41
1
 50
0
 72
1
 73
0
 0
INSERT
 8
UNIFILAR
 6
CONTINUOUS
 62
94
 2
NUDO_PASO_IPCI
10
3.994242
20
3.548424
30
2.5
41
0.02
42
0.02
43
1
 50
0
 0
INSERT
 8
UNIFILAR
 6
CONTINUOUS
 62
94
 2
NUDO_DERIVACION_IPCI
10
3.997148
20
3.546147
30
4
41
0.045
42
0.045
43
1
 50
0
 0
TEXT
 8
TEXTO_NUDOS
 6
CONTINUOUS
 62
94
10
3.997148
20
3.629897
30
4
11
3.997148
21
3.629897
31
4
 1
162
 7
ROMANS
 40
0.06
 41
1
 50
0
 72
1
 73
0
 0
INSERT
 8
UNIFILAR
 6
CONTINUOUS
 62
94
 2
NUDO_DERIVACION_IPCI
10
3.997935
20
3.545372
30
5
41
0.045
42
0.045
43
1
 50
0
 0
TEXT
 8
TEXTO_NUDOS
 6
CONTINUOUS
 62
94
10
3.997935
20
3.629122
30
5
11
3.997935
21
3.629122
31
5
 1
163
 7
ROMANS
 40
0.06
 41
1
 50
0
 72
1
 73
0
 0
INSERT
 8
UNIFILAR
 6
CONTINUOUS
 62
94
 2
ROCIADOR_AUTOMATICO_IPCI
10
7.258587
20
3.351051
30
5
41
0.04375
42
0.04375
43
1
 50
0
 0
TEXT
 8
TEXTO_NUDOS
 6
CONTINUOUS
 62
94
10
7.258587
20
3.466676
30
5
11
7.258587
21
3.466676
31
5
 1
171
 7
ROMANS
 40
0.06
 41
1
 50
0
 72
1
 73
0
 0
INSERT
 8
UNIFILAR
 6
CONTINUOUS
 62
94
 2
ROCIADOR_AUTOMATICO_IPCI
10
12.962591
20
0.109975
30
5
41
0.04375
42
0.04375
43
1
 50
0
 0
TEXT
 8
TEXTO_NUDOS
 6
CONTINUOUS
 62
94
10
12.962591
20
0.2256
30
5
11
12.962591
21
0.2256
31
5
 1
172
 7
ROMANS
 40
0.06
 41
1
 50
0
 72
1
 73
0
 0
INSERT
 8
UNIFILAR
 6
CONTINUOUS
 62
94
 2
ROCIADOR_AUTOMATICO_IPCI
10
15.091072
20
4.580506
30
5
41
0.04375
42
0.04375
43
1
 50
0
 0
TEXT
 8
TEXTO_NUDOS
 6
CONTINUOUS
 62
94
10
15.091072
20
4.696131
30
5
11
15.091072
21
4.696131
31
5
 1
176
 7
ROMANS
 40
0.06
 41
1
 50
0
 72
1
 73
0
 0
INSERT
 8
UNIFILAR
 6
CONTINUOUS
 62
94
 2
ROCIADOR_AUTOMATICO_IPCI
10
18.833337
20
1.342246
30
5
41
0.04375
42
0.04375
43
1
 50
0
 0
TEXT
 8
TEXTO_NUDOS
 6
CONTINUOUS
 62
94
10
18.833337
20
1.457871
30
5
11
18.833337
21
1.457871
31
5
 1
174
 7
ROMANS
 40
0.06
 41
1
 50
0
 72
1
 73
0
 0
INSERT
 8
UNIFILAR
 6
CONTINUOUS
 62
94
 2
ROCIADOR_AUTOMATICO_IPCI
10
16.293337
20
1.342246
30
5
41
0.04375
42
0.04375
43
1
 50
0
 0
TEXT
 8
TEXTO_NUDOS
 6
CONTINUOUS
 62
94
10
16.293337
20
1.457871
30
5
11
16.293337
21
1.457871
31
5
 1
173
 7
ROMANS
 40
0.06
 41
1
 50
0
 72
1
 73
0
 0
INSERT
 8
UNIFILAR
 6
CONTINUOUS
 62
94
 2
ROCIADOR_AUTOMATICO_IPCI
10
19.247403
20
3.378424
30
5
41
0.04375
42
0.04375
43
1
 50
0
 0
TEXT
 8
TEXTO_NUDOS
 6
CONTINUOUS
 62
94
10
19.247403
20
3.494049
30
5
11
19.247403
21
3.494049
31
5
 1
177
 7
ROMANS
 40
0.06
 41
1
 50
0
 72
1
 73
0
 0
INSERT
 8
UNIFILAR
 6
CONTINUOUS
 62
94
 2
NUDO_DERIVACION_IPCI
10
9.038587
20
0.109975
30
5
41
0.045
42
0.045
43
1
 50
0
 0
TEXT
 8
TEXTO_NUDOS
 6
CONTINUOUS
 62
94
10
9.038587
20
0.193725
30
5
11
9.038587
21
0.193725
31
5
 1
168
 7
ROMANS
 40
0.06
 41
1
 50
0
 72
1
 73
0
 0
INSERT
 8
UNIFILAR
 6
CONTINUOUS
 62
94
 2
ROCIADOR_AUTOMATICO_IPCI
10
10.623734
20
2.189975
30
5
41
0.04375
42
0.04375
43
1
 50
0
 0
TEXT
 8
TEXTO_NUDOS
 6
CONTINUOUS
 62
94
10
10.623734
20
2.3056
30
5
11
10.623734
21
2.3056
31
5
 1
170
 7
ROMANS
 40
0.06
 41
1
 50
0
 72
1
 73
0
 0
INSERT
 8
UNIFILAR
 6
CONTINUOUS
 62
94
 2
NUDO_DERIVACION_IPCI
10
9.038587
20
2.189975
30
5
41
0.045
42
0.045
43
1
 50
0
 0
TEXT
 8
TEXTO_NUDOS
 6
CONTINUOUS
 62
94
10
9.038587
20
2.273725
30
5
11
9.038587
21
2.273725
31
5
 1
169
 7
ROMANS
 40
0.06
 41
1
 50
0
 72
1
 73
0
 0
INSERT
 8
UNIFILAR
 6
CONTINUOUS
 62
94
 2
NUDO_PASO_IPCI
10
20.107396
20
3.375022
30
5
41
0.02
42
0.02
43
1
 50
0
 0
INSERT
 8
UNIFILAR
 6
CONTINUOUS
 62
94
 2
ROCIADOR_AUTOMATICO_IPCI
10
27.230308
20
3.735609
30
5
41
0.04375
42
0.04375
43
1
 50
0
 0
TEXT
 8
TEXTO_NUDOS
 6
CONTINUOUS
 62
94
10
27.230308
20
3.851234
30
5
11
27.230308
21
3.851234
31
5
 1
179
 7
ROMANS
 40
0.06
 41
1
 50
0
 72
1
 73
0
 0
INSERT
 8
UNIFILAR
 6
CONTINUOUS
 62
94
 2
ROCIADOR_AUTOMATICO_IPCI
10
23.592361
20
4.35167
30
5
41
0.04375
42
0.04375
43
1
 50
0
 0
TEXT
 8
TEXTO_NUDOS
 6
CONTINUOUS
 62
94
10
23.592361
20
4.467295
30
5
11
23.592361
21
4.467295
31
5
 1
178
 7
ROMANS
 40
0.06
 41
1
 50
0
 72
1
 73
0
 0
INSERT
 8
UNIFILAR
 6
CONTINUOUS
 62
94
 2
NUDO_PASO_IPCI
10
21.219403
20
4.35167
30
5
41
0.02
42
0.02
43
1
 50
0
 0
INSERT
 8
UNIFILAR
 6
CONTINUOUS
 62
94
 2
NUDO_PASO_IPCI
10
27.230308
20
4.35167
30
5
41
0.02
42
0.02
43
1
 50
0
 0
INSERT
 8
UNIFILAR
 6
CONTINUOUS
 62
94
 2
NUDO_PASO_IPCI
10
3.995961
20
11.285356
30
5
41
0.02
42
0.02
43
1
 50
0
 0
INSERT
 8
UNIFILAR
 6
CONTINUOUS
 62
94
 2
NUDO_PASO_IPCI
10
16.293314
20
11.285356
30
5
41
0.02
42
0.02
43
1
 50
0
 0
INSERT
 8
UNIFILAR
 6
CONTINUOUS
 62
94
 2
NUDO_DERIVACION_IPCI
10
16.293153
20
8.016907
30
5
41
0.045
42
0.045
43
1
 50
0
 0
TEXT
 8
TEXTO_NUDOS
 6
CONTINUOUS
 62
94
10
16.293153
20
8.100657
30
5
11
16.293153
21
8.100657
31
5
 1
192
 7
ROMANS
 40
0.06
 41
1
 50
0
 72
1
 73
0
 0
INSERT
 8
UNIFILAR
 6
CONTINUOUS
 62
94
 2
ROCIADOR_AUTOMATICO_IPCI
10
5.081028
20
9.787558
30
5
41
0.04375
42
0.04375
43
1
 50
0
 0
TEXT
 8
TEXTO_NUDOS
 6
CONTINUOUS
 62
94
10
5.081028
20
9.903183
30
5
11
5.081028
21
9.903183
31
5
 1
184
 7
ROMANS
 40
0.06
 41
1
 50
0
 72
1
 73
0
 0
INSERT
 8
UNIFILAR
 6
CONTINUOUS
 62
94
 2
ROCIADOR_AUTOMATICO_IPCI
10
1.308124
20
8.972208
30
5
41
0.04375
42
0.04375
43
1
 50
0
 0
TEXT
 8
TEXTO_NUDOS
 6
CONTINUOUS
 62
94
10
1.308124
20
9.087833
30
5
11
1.308124
21
9.087833
31
5
 1
182
 7
ROMANS
 40
0.06
 41
1
 50
0
 72
1
 73
0
 0
INSERT
 8
UNIFILAR
 6
CONTINUOUS
 62
94
 2
NUDO_DERIVACION_IPCI
10
3.997935
20
8.972215
30
5
41
0.045
42
0.045
43
1
 50
0
 0
TEXT
 8
TEXTO_NUDOS
 6
CONTINUOUS
 62
94
10
3.997935
20
9.055965
30
5
11
3.997935
21
9.055965
31
5
 1
181
 7
ROMANS
 40
0.06
 41
1
 50
0
 72
1
 73
0
 0
INSERT
 8
UNIFILAR
 6
CONTINUOUS
 62
94
 2
NUDO_DERIVACION_IPCI
10
3.995961
20
9.787558
30
5
41
0.045
42
0.045
43
1
 50
0
 0
TEXT
 8
TEXTO_NUDOS
 6
CONTINUOUS
 62
94
10
3.995961
20
9.871308
30
5
11
3.995961
21
9.871308
31
5
 1
183
 7
ROMANS
 40
0.06
 41
1
 50
0
 72
1
 73
0
 0
INSERT
 8
UNIFILAR
 6
CONTINUOUS
 62
94
 2
ROCIADOR_AUTOMATICO_IPCI
10
7.258587
20
8.04428
30
5
41
0.04375
42
0.04375
43
1
 50
0
 0
TEXT
 8
TEXTO_NUDOS
 6
CONTINUOUS
 62
94
10
7.258587
20
8.159905
30
5
11
7.258587
21
8.159905
31
5
 1
188
 7
ROMANS
 40
0.06
 41
1
 50
0
 72
1
 73
0
 0
INSERT
 8
UNIFILAR
 6
CONTINUOUS
 62
94
 2
ROCIADOR_AUTOMATICO_IPCI
10
12.962591
20
11.285356
30
5
41
0.04375
42
0.04375
43
1
 50
0
 0
TEXT
 8
TEXTO_NUDOS
 6
CONTINUOUS
 62
94
10
12.962591
20
11.400981
30
5
11
12.962591
21
11.400981
31
5
 1
189
 7
ROMANS
 40
0.06
 41
1
 50
0
 72
1
 73
0
 0
INSERT
 8
UNIFILAR
 6
CONTINUOUS
 62
94
 2
ROCIADOR_AUTOMATICO_IPCI
10
15.091072
20
6.814825
30
5
41
0.04375
42
0.04375
43
1
 50
0
 0
TEXT
 8
TEXTO_NUDOS
 6
CONTINUOUS
 62
94
10
15.091072
20
6.93045
30
5
11
15.091072
21
6.93045
31
5
 1
193
 7
ROMANS
 40
0.06
 41
1
 50
0
 72
1
 73
0
 0
INSERT
 8
UNIFILAR
 6
CONTINUOUS
 62
94
 2
ROCIADOR_AUTOMATICO_IPCI
10
18.833337
20
10.053085
30
5
41
0.04375
42
0.04375
43
1
 50
0
 0
TEXT
 8
TEXTO_NUDOS
 6
CONTINUOUS
 62
94
10
18.833337
20
10.16871
30
5
11
18.833337
21
10.16871
31
5
 1
191
 7
ROMANS
 40
0.06
 41
1
 50
0
 72
1
 73
0
 0
INSERT
 8
UNIFILAR
 6
CONTINUOUS
 62
94
 2
ROCIADOR_AUTOMATICO_IPCI
10
16.293337
20
10.053085
30
5
41
0.04375
42
0.04375
43
1
 50
0
 0
TEXT
 8
TEXTO_NUDOS
 6
CONTINUOUS
 62
94
10
16.293337
20
10.16871
30
5
11
16.293337
21
10.16871
31
5
 1
190
 7
ROMANS
 40
0.06
 41
1
 50
0
 72
1
 73
0
 0
INSERT
 8
UNIFILAR
 6
CONTINUOUS
 62
94
 2
ROCIADOR_AUTOMATICO_IPCI
10
19.247403
20
8.016907
30
5
41
0.04375
42
0.04375
43
1
 50
0
 0
TEXT
 8
TEXTO_NUDOS
 6
CONTINUOUS
 62
94
10
19.247403
20
8.132532
30
5
11
19.247403
21
8.132532
31
5
 1
194
 7
ROMANS
 40
0.06
 41
1
 50
0
 72
1
 73
0
 0
INSERT
 8
UNIFILAR
 6
CONTINUOUS
 62
94
 2
NUDO_DERIVACION_IPCI
10
9.038587
20
11.285356
30
5
41
0.045
42
0.045
43
1
 50
0
 0
TEXT
 8
TEXTO_NUDOS
 6
CONTINUOUS
 62
94
10
9.038587
20
11.369106
30
5
11
9.038587
21
11.369106
31
5
 1
185
 7
ROMANS
 40
0.06
 41
1
 50
0
 72
1
 73
0
 0
INSERT
 8
UNIFILAR
 6
CONTINUOUS
 62
94
 2
ROCIADOR_AUTOMATICO_IPCI
10
10.623734
20
9.205356
30
5
41
0.04375
42
0.04375
43
1
 50
0
 0
TEXT
 8
TEXTO_NUDOS
 6
CONTINUOUS
 62
94
10
10.623734
20
9.320981
30
5
11
10.623734
21
9.320981
31
5
 1
187
 7
ROMANS
 40
0.06
 41
1
 50
0
 72
1
 73
0
 0
INSERT
 8
UNIFILAR
 6
CONTINUOUS
 62
94
 2
NUDO_DERIVACION_IPCI
10
9.038587
20
9.205356
30
5
41
0.045
42
0.045
43
1
 50
0
 0
TEXT
 8
TEXTO_NUDOS
 6
CONTINUOUS
 62
94
10
9.038587
20
9.289106
30
5
11
9.038587
21
9.289106
31
5
 1
186
 7
ROMANS
 40
0.06
 41
1
 50
0
 72
1
 73
0
 0
INSERT
 8
UNIFILAR
 6
CONTINUOUS
 62
94
 2
NUDO_PASO_IPCI
10
20.107396
20
8.020309
30
5
41
0.02
42
0.02
43
1
 50
0
 0
INSERT
 8
UNIFILAR
 6
CONTINUOUS
 62
94
 2
ROCIADOR_AUTOMATICO_IPCI
10
27.230308
20
7.659722
30
5
41
0.04375
42
0.04375
43
1
 50
0
 0
TEXT
 8
TEXTO_NUDOS
 6
CONTINUOUS
 62
94
10
27.230308
20
7.775347
30
5
11
27.230308
21
7.775347
31
5
 1
196
 7
ROMANS
 40
0.06
 41
1
 50
0
 72
1
 73
0
 0
INSERT
 8
UNIFILAR
 6
CONTINUOUS
 62
94
 2
ROCIADOR_AUTOMATICO_IPCI
10
23.592361
20
7.043661
30
5
41
0.04375
42
0.04375
43
1
 50
0
 0
TEXT
 8
TEXTO_NUDOS
 6
CONTINUOUS
 62
94
10
23.592361
20
7.159286
30
5
11
23.592361
21
7.159286
31
5
 1
195
 7
ROMANS
 40
0.06
 41
1
 50
0
 72
1
 73
0
 0
INSERT
 8
UNIFILAR
 6
CONTINUOUS
 62
94
 2
NUDO_PASO_IPCI
10
21.219403
20
7.043661
30
5
41
0.02
42
0.02
43
1
 50
0
 0
INSERT
 8
UNIFILAR
 6
CONTINUOUS
 62
94
 2
NUDO_PASO_IPCI
10
27.230308
20
7.043661
30
5
41
0.02
42
0.02
43
1
 50
0
 0
INSERT
 8
UNIFILAR
 6
CONTINUOUS
 62
94
 2
ROCIADOR_AUTOMATICO_IPCI
10
3.558046
20
5.655372
30
5
41
0.04375
42
0.04375
43
1
 50
0
 0
TEXT
 8
TEXTO_NUDOS
 6
CONTINUOUS
 62
94
10
3.558046
20
5.770997
30
5
11
3.558046
21
5.770997
31
5
 1
197
 7
ROMANS
 40
0.06
 41
1
 50
0
 72
1
 73
0
 0
INSERT
 8
UNIFILAR
 6
CONTINUOUS
 62
94
 2
ROCIADOR_AUTOMATICO_IPCI
10
0.068072
20
5.656678
30
3.88
41
0.04375
42
0.04375
43
1
 50
0
 0
TEXT
 8
TEXTO_NUDOS
 6
CONTINUOUS
 62
94
10
0.068072
20
5.772303
30
3.88
11
0.068072
21
5.772303
31
3.88
 1
198
 7
ROMANS
 40
0.06
 41
1
 50
0
 72
1
 73
0
 0
INSERT
 8
UNIFILAR
 6
CONTINUOUS
 62
94
 2
NUDO_DERIVACION_IPCI
10
3.997935
20
5.655372
30
5
41
0.045
42
0.045
43
1
 50
0
 0
TEXT
 8
TEXTO_NUDOS
 6
CONTINUOUS
 62
94
10
3.997935
20
5.739122
30
5
11
3.997935
21
5.739122
31
5
 1
180
 7
ROMANS
 40
0.06
 41
1
 50
0
 72
1
 73
0
 0
INSERT
 8
UNIFILAR
 6
CONTINUOUS
 62
94
 2
NUDO_PASO_IPCI
10
2.588046
20
5.655372
30
5
41
0.02
42
0.02
43
1
 50
0
 0
INSERT
 8
UNIFILAR
 6
CONTINUOUS
 62
94
 2
NUDO_PASO_IPCI
10
0.828046
20
5.656678
30
3.88
41
0.02
42
0.02
43
1
 50
0
 0
LINE
 8
UNIFILAR
 6
CONTINUOUS
 62
94
10
1.373749
20
2.423123
30
5
11
3.964185
21
2.423117
31
5
 0
TEXT
 8
TEXTO_RAMAS
 6
CONTINUOUS
 62
94
10
2.653029
20
2.47312
30
5
11
2.653029
21
2.47312
31
5
 1
164 Ø1"
 7
ROMANS
 40
0.06
 41
1
 50
359.999861
 72
1
 73
0
 0
TEXT
 8
TEXTO_RAMAS
 6
CONTINUOUS
 62
94
10
2.653029
20
2.37312
30
5
11
2.653029
21
2.37312
31
5
 1
2.69m
 7
ROMANS
 40
0.06
 41
1
 50
359.999861
 72
1
 73
3
 0
LINE
 8
UNIFILAR
 6
CONTINUOUS
 62
94
10
5.015403
20
1.607773
30
5
11
4.029711
21
1.607773
31
5
 0
TEXT
 8
TEXTO_RAMAS
 6
CONTINUOUS
 62
94
10
4.538495
20
1.657773
30
5
11
4.538495
21
1.657773
31
5
 1
166 Ø1"
 7
ROMANS
 40
0.06
 41
1
 50
0
 72
1
 73
0
 0
TEXT
 8
TEXTO_RAMAS
 6
CONTINUOUS
 62
94
10
4.538495
20
1.557773
30
5
11
4.538495
21
1.557773
31
5
 1
1.09m
 7
ROMANS
 40
0.06
 41
1
 50
0
 72
1
 73
3
 0
LINE
 8
UNIFILAR
 6
CONTINUOUS
 62
94
10
3.997853
20
2.389367
30
5
11
3.996043
21
1.641523
31
5
 0
TEXT
 8
TEXTO_RAMAS
 6
CONTINUOUS
 62
94
10
3.946948
20
2.015566
30
5
11
3.946948
21
2.015566
31
5
 1
165 Ø1 1/4"
 7
ROMANS
 40
0.06
 41
1
 50
89.861308
 72
1
 73
0
 0
TEXT
 8
TEXTO_RAMAS
 6
CONTINUOUS
 62
94
10
4.046948
20
2.015324
30
5
11
4.046948
21
2.015324
31
5
 1
0.82m
 7
ROMANS
 40
0.06
 41
1
 50
89.861308
 72
1
 73
3
 0
LINE
 8
UNIFILAR
 6
CONTINUOUS
 62
94
10
3.995961
20
1.574023
30
5
11
3.995961
21
0.124975
31
5
 0
LINE
 8
UNIFILAR
 6
CONTINUOUS
 62
94
10
4.010961
20
0.109975
30
5
11
9.004837
21
0.109975
31
5
 0
TEXT
 8
TEXTO_RAMAS
 6
CONTINUOUS
 62
94
10
6.517274
20
0.159975
30
5
11
6.517274
21
0.159975
31
5
 1
167 Ø1 1/4"
 7
ROMANS
 40
0.06
 41
1
 50
0
 72
1
 73
0
 0
TEXT
 8
TEXTO_RAMAS
 6
CONTINUOUS
 62
94
10
6.517274
20
0.059975
30
5
11
6.517274
21
0.059975
31
5
 1
6.54m
 7
ROMANS
 40
0.06
 41
1
 50
0
 72
1
 73
3
 0
LINE
 8
UNIFILAR
 6
CONTINUOUS
 62
94
10
4.300153
20
3.548424
30
2.5
11
4.009242
21
3.548424
31
2.5
 0
LINE
 8
UNIFILAR
 6
CONTINUOUS
 62
94
10
3.994242
20
3.548424
30
2.5
11
3.997148
21
3.546147
31
4
 0
TEXT
 8
TEXTO_RAMAS
 6
CONTINUOUS
 62
94
10
4.163698
20
3.598424
30
2.5
11
4.163698
21
3.598424
31
2.5
 1
161 Ø1 1/4"
 7
ROMANS
 40
0.06
 41
1
 50
0
 72
1
 73
0
 0
TEXT
 8
TEXTO_RAMAS
 6
CONTINUOUS
 62
94
10
4.163698
20
3.498424
30
2.5
11
4.163698
21
3.498424
31
2.5
 1
0.34m
 7
ROMANS
 40
0.06
 41
1
 50
0
 72
1
 73
3
 0
LINE
 8
UNIFILAR
 6
CONTINUOUS
 62
94
10
3.997148
20
3.546147
30
4
11
3.997935
21
3.545372
31
5
 0
TEXT
 8
TEXTO_RAMAS
 6
CONTINUOUS
 62
94
10
4.032637
20
3.581373
30
4.5
11
4.032637
21
3.581373
31
4.5
 1
162 Ø1 1/4"
 7
ROMANS
 40
0.06
 41
1
 50
315.419321
 72
1
 73
0
 0
TEXT
 8
TEXTO_RAMAS
 6
CONTINUOUS
 62
94
10
3.962446
20
3.510146
30
4.5
11
3.962446
21
3.510146
31
4.5
 1
0m
 7
ROMANS
 40
0.06
 41
1
 50
315.419321
 72
1
 73
3
 0
LINE
 8
UNIFILAR
 6
CONTINUOUS
 62
94
10
3.967143
20
3.561598
30
4
11
3.487917
21
3.808379
31
4
 0
TEXT
 8
TEXTO_RAMAS
 6
CONTINUOUS
 62
94
10
3.718748
20
3.745751
30
4
11
3.718748
21
3.745751
31
4
 1
198 Ø1 1/4"
 7
ROMANS
 40
0.06
 41
1
 50
332.753468
 72
1
 73
0
 0
TEXT
 8
TEXTO_RAMAS
 6
CONTINUOUS
 62
94
10
3.672966
20
3.656847
30
4
11
3.672966
21
3.656847
31
4
 1
0.68m
 7
ROMANS
 40
0.06
 41
1
 50
332.753468
 72
1
 73
3
 0
LINE
 8
UNIFILAR
 6
CONTINUOUS
 62
94
10
3.997935
20
3.511622
30
5
11
3.997935
21
2.456867
31
5
 0
TEXT
 8
TEXTO_RAMAS
 6
CONTINUOUS
 62
94
10
3.947935
20
2.984244
30
5
11
3.947935
21
2.984244
31
5
 1
163 Ø1 1/4"
 7
ROMANS
 40
0.06
 41
1
 50
90
 72
1
 73
0
 0
TEXT
 8
TEXTO_RAMAS
 6
CONTINUOUS
 62
94
10
4.047935
20
2.984244
30
5
11
4.047935
21
2.984244
31
5
 1
1.12m
 7
ROMANS
 40
0.06
 41
1
 50
90
 72
1
 73
3
 0
LINE
 8
UNIFILAR
 6
CONTINUOUS
 62
94
10
9.038587
20
0.143725
30
5
11
9.038587
21
2.156225
31
5
 0
TEXT
 8
TEXTO_RAMAS
 6
CONTINUOUS
 62
94
10
8.988587
20
1.149975
30
5
11
8.988587
21
1.149975
31
5
 1
168 Ø1"
 7
ROMANS
 40
0.06
 41
1
 50
90
 72
1
 73
0
 0
TEXT
 8
TEXTO_RAMAS
 6
CONTINUOUS
 62
94
10
9.088587
20
1.149975
30
5
11
9.088587
21
1.149975
31
5
 1
2.08m
 7
ROMANS
 40
0.06
 41
1
 50
90
 72
1
 73
3
 0
LINE
 8
UNIFILAR
 6
CONTINUOUS
 62
94
10
9.072337
20
2.189975
30
5
11
10.558109
21
2.189975
31
5
 0
TEXT
 8
TEXTO_RAMAS
 6
CONTINUOUS
 62
94
10
9.83116
20
2.239975
30
5
11
9.83116
21
2.239975
31
5
 1
169 Ø1"
 7
ROMANS
 40
0.06
 41
1
 50
0
 72
1
 73
0
 0
TEXT
 8
TEXTO_RAMAS
 6
CONTINUOUS
 62
94
10
9.83116
20
2.139975
30
5
11
9.83116
21
2.139975
31
5
 1
1.59m
 7
ROMANS
 40
0.06
 41
1
 50
0
 72
1
 73
3
 0
LINE
 8
UNIFILAR
 6
CONTINUOUS
 62
94
10
9.072337
20
0.109975
30
5
11
12.896966
21
0.109975
31
5
 0
TEXT
 8
TEXTO_RAMAS
 6
CONTINUOUS
 62
94
10
11.000589
20
0.159975
30
5
11
11.000589
21
0.159975
31
5
 1
171 Ø1 1/4"
 7
ROMANS
 40
0.06
 41
1
 50
0
 72
1
 73
0
 0
TEXT
 8
TEXTO_RAMAS
 6
CONTINUOUS
 62
94
10
11.000589
20
0.059975
30
5
11
11.000589
21
0.059975
31
5
 1
3.92m
 7
ROMANS
 40
0.06
 41
1
 50
0
 72
1
 73
3
 0
LINE
 8
UNIFILAR
 6
CONTINUOUS
 62
94
10
13.028216
20
0.109975
30
5
11
16.278314
21
0.109975
31
5
 0
LINE
 8
UNIFILAR
 6
CONTINUOUS
 62
94
10
16.293315
20
0.124975
30
5
11
16.293336
21
1.276621
31
5
 0
TEXT
 8
TEXTO_RAMAS
 6
CONTINUOUS
 62
94
10
14.627953
20
0.159975
30
5
11
14.627953
21
0.159975
31
5
 1
172 Ø1 1/4"
 7
ROMANS
 40
0.06
 41
1
 50
0
 72
1
 73
0
 0
TEXT
 8
TEXTO_RAMAS
 6
CONTINUOUS
 62
94
10
14.627953
20
0.059975
30
5
11
14.627953
21
0.059975
31
5
 1
4.56m
 7
ROMANS
 40
0.06
 41
1
 50
0
 72
1
 73
3
 0
LINE
 8
UNIFILAR
 6
CONTINUOUS
 62
94
10
16.358962
20
1.342246
30
5
11
18.767712
21
1.342246
31
5
 0
TEXT
 8
TEXTO_RAMAS
 6
CONTINUOUS
 62
94
10
17.563337
20
1.392246
30
5
11
17.563337
21
1.392246
31
5
 1
173 Ø1"
 7
ROMANS
 40
0.06
 41
1
 50
0
 72
1
 73
0
 0
TEXT
 8
TEXTO_RAMAS
 6
CONTINUOUS
 62
94
10
17.563337
20
1.292246
30
5
11
17.563337
21
1.292246
31
5
 1
2.54m
 7
ROMANS
 40
0.06
 41
1
 50
0
 72
1
 73
3
 0
LINE
 8
UNIFILAR
 6
CONTINUOUS
 62
94
10
16.293331
20
1.407871
30
5
11
16.293156
21
3.344674
31
5
 0
TEXT
 8
TEXTO_RAMAS
 6
CONTINUOUS
 62
94
10
16.343245
20
2.36034
30
5
11
16.343245
21
2.36034
31
5
 1
174 Ø1 1/4"
 7
ROMANS
 40
0.06
 41
1
 50
270.005183
 72
1
 73
0
 0
TEXT
 8
TEXTO_RAMAS
 6
CONTINUOUS
 62
94
10
16.243245
20
2.360331
30
5
11
16.243245
21
2.360331
31
5
 1
2.04m
 7
ROMANS
 40
0.06
 41
1
 50
270.005183
 72
1
 73
3
 0
LINE
 8
UNIFILAR
 6
CONTINUOUS
 62
94
10
9.010319
20
2.208414
30
5
11
7.313552
21
3.315198
31
5
 0
TEXT
 8
TEXTO_RAMAS
 6
CONTINUOUS
 62
94
10
8.175904
20
2.812391
30
5
11
8.175904
21
2.812391
31
5
 1
170 Ø1"
 7
ROMANS
 40
0.06
 41
1
 50
326.88401
 72
1
 73
0
 0
TEXT
 8
TEXTO_RAMAS
 6
CONTINUOUS
 62
94
10
8.12127
20
2.728635
30
5
11
8.12127
21
2.728635
31
5
 1
2.13m
 7
ROMANS
 40
0.06
 41
1
 50
326.88401
 72
1
 73
3
 0
LINE
 8
UNIFILAR
 6
CONTINUOUS
 62
94
10
16.269288
20
3.402289
30
5
11
15.137476
21
4.534102
31
5
 0
TEXT
 8
TEXTO_RAMAS
 6
CONTINUOUS
 62
94
10
15.727468
20
4.01482
30
5
11
15.727468
21
4.01482
31
5
 1
175 Ø1"
 7
ROMANS
 40
0.06
 41
1
 50
315
 72
1
 73
0
 0
TEXT
 8
TEXTO_RAMAS
 6
CONTINUOUS
 62
94
10
15.656757
20
3.94411
30
5
11
15.656757
21
3.94411
31
5
 1
1.7m
 7
ROMANS
 40
0.06
 41
1
 50
315
 72
1
 73
3
 0
LINE
 8
UNIFILAR
 6
CONTINUOUS
 62
94
10
16.326903
20
3.378424
30
5
11
19.181778
21
3.378424
31
5
 0
TEXT
 8
TEXTO_RAMAS
 6
CONTINUOUS
 62
94
10
17.770278
20
3.428424
30
5
11
17.770278
21
3.428424
31
5
 1
176 Ø1 1/4"
 7
ROMANS
 40
0.06
 41
1
 50
0
 72
1
 73
0
 0
TEXT
 8
TEXTO_RAMAS
 6
CONTINUOUS
 62
94
10
17.770278
20
3.328424
30
5
11
17.770278
21
3.328424
31
5
 1
2.95m
 7
ROMANS
 40
0.06
 41
1
 50
0
 72
1
 73
3
 0
LINE
 8
UNIFILAR
 6
CONTINUOUS
 62
94
10
19.313027
20
3.378165
30
5
11
20.092396
21
3.375082
31
5
 0
LINE
 8
UNIFILAR
 6
CONTINUOUS
 62
94
10
20.118666
20
3.384921
30
5
11
21.208132
21
4.341772
31
5
 0
LINE
 8
UNIFILAR
 6
CONTINUOUS
 62
94
10
21.234403
20
4.35167
30
5
11
23.526736
21
4.35167
31
5
 0
TEXT
 8
TEXTO_RAMAS
 6
CONTINUOUS
 62
94
10
22.405882
20
4.40167
30
5
11
22.405882
21
4.40167
31
5
 1
177 Ø1"
 7
ROMANS
 40
0.06
 41
1
 50
0
 72
1
 73
0
 0
TEXT
 8
TEXTO_RAMAS
 6
CONTINUOUS
 62
94
10
22.405882
20
4.30167
30
5
11
22.405882
21
4.30167
31
5
 1
4.71m
 7
ROMANS
 40
0.06
 41
1
 50
0
 72
1
 73
3
 0
LINE
 8
UNIFILAR
 6
CONTINUOUS
 62
94
10
23.657986
20
4.35167
30
5
11
27.215308
21
4.35167
31
5
 0
LINE
 8
UNIFILAR
 6
CONTINUOUS
 62
94
10
27.230308
20
4.33667
30
5
11
27.230308
21
3.801234
31
5
 0
TEXT
 8
TEXTO_RAMAS
 6
CONTINUOUS
 62
94
10
25.411335
20
4.40167
30
5
11
25.411335
21
4.40167
31
5
 1
178 Ø1"
 7
ROMANS
 40
0.06
 41
1
 50
0
 72
1
 73
0
 0
TEXT
 8
TEXTO_RAMAS
 6
CONTINUOUS
 62
94
10
25.411335
20
4.30167
30
5
11
25.411335
21
4.30167
31
5
 1
4.25m
 7
ROMANS
 40
0.06
 41
1
 50
0
 72
1
 73
3
 0
LINE
 8
UNIFILAR
 6
CONTINUOUS
 62
94
10
1.373749
20
8.972208
30
5
11
3.964185
21
8.972214
31
5
 0
TEXT
 8
TEXTO_RAMAS
 6
CONTINUOUS
 62
94
10
2.653029
20
9.022211
30
5
11
2.653029
21
9.022211
31
5
 1
181 Ø1"
 7
ROMANS
 40
0.06
 41
1
 50
0.000139
 72
1
 73
0
 0
TEXT
 8
TEXTO_RAMAS
 6
CONTINUOUS
 62
94
10
2.653029
20
8.922211
30
5
11
2.653029
21
8.922211
31
5
 1
2.69m
 7
ROMANS
 40
0.06
 41
1
 50
0.000139
 72
1
 73
3
 0
LINE
 8
UNIFILAR
 6
CONTINUOUS
 62
94
10
5.015403
20
9.787558
30
5
11
4.029711
21
9.787558
31
5
 0
TEXT
 8
TEXTO_RAMAS
 6
CONTINUOUS
 62
94
10
4.538495
20
9.837558
30
5
11
4.538495
21
9.837558
31
5
 1
183 Ø1"
 7
ROMANS
 40
0.06
 41
1
 50
0
 72
1
 73
0
 0
TEXT
 8
TEXTO_RAMAS
 6
CONTINUOUS
 62
94
10
4.538495
20
9.737558
30
5
11
4.538495
21
9.737558
31
5
 1
1.09m
 7
ROMANS
 40
0.06
 41
1
 50
0
 72
1
 73
3
 0
LINE
 8
UNIFILAR
 6
CONTINUOUS
 62
94
10
3.997853
20
9.005964
30
5
11
3.996043
21
9.753808
31
5
 0
TEXT
 8
TEXTO_RAMAS
 6
CONTINUOUS
 62
94
10
4.046948
20
9.380007
30
5
11
4.046948
21
9.380007
31
5
 1
182 Ø1 1/4"
 7
ROMANS
 40
0.06
 41
1
 50
270.138692
 72
1
 73
0
 0
TEXT
 8
TEXTO_RAMAS
 6
CONTINUOUS
 62
94
10
3.946948
20
9.379765
30
5
11
3.946948
21
9.379765
31
5
 1
0.82m
 7
ROMANS
 40
0.06
 41
1
 50
270.138692
 72
1
 73
3
 0
LINE
 8
UNIFILAR
 6
CONTINUOUS
 62
94
10
3.995961
20
9.821308
30
5
11
3.995961
21
11.270356
31
5
 0
LINE
 8
UNIFILAR
 6
CONTINUOUS
 62
94
10
4.010961
20
11.285356
30
5
11
9.004837
21
11.285356
31
5
 0
TEXT
 8
TEXTO_RAMAS
 6
CONTINUOUS
 62
94
10
6.517274
20
11.335356
30
5
11
6.517274
21
11.335356
31
5
 1
184 Ø1 1/4"
 7
ROMANS
 40
0.06
 41
1
 50
0
 72
1
 73
0
 0
TEXT
 8
TEXTO_RAMAS
 6
CONTINUOUS
 62
94
10
6.517274
20
11.235356
30
5
11
6.517274
21
11.235356
31
5
 1
6.54m
 7
ROMANS
 40
0.06
 41
1
 50
0
 72
1
 73
3
 0
LINE
 8
UNIFILAR
 6
CONTINUOUS
 62
94
10
9.038587
20
11.251606
30
5
11
9.038587
21
9.239106
31
5
 0
TEXT
 8
TEXTO_RAMAS
 6
CONTINUOUS
 62
94
10
8.988587
20
10.245356
30
5
11
8.988587
21
10.245356
31
5
 1
185 Ø1"
 7
ROMANS
 40
0.06
 41
1
 50
90
 72
1
 73
0
 0
TEXT
 8
TEXTO_RAMAS
 6
CONTINUOUS
 62
94
10
9.088587
20
10.245356
30
5
11
9.088587
21
10.245356
31
5
 1
2.08m
 7
ROMANS
 40
0.06
 41
1
 50
90
 72
1
 73
3
 0
LINE
 8
UNIFILAR
 6
CONTINUOUS
 62
94
10
9.072337
20
9.205356
30
5
11
10.558109
21
9.205356
31
5
 0
TEXT
 8
TEXTO_RAMAS
 6
CONTINUOUS
 62
94
10
9.83116
20
9.255356
30
5
11
9.83116
21
9.255356
31
5
 1
186 Ø1"
 7
ROMANS
 40
0.06
 41
1
 50
0
 72
1
 73
0
 0
TEXT
 8
TEXTO_RAMAS
 6
CONTINUOUS
 62
94
10
9.83116
20
9.155356
30
5
11
9.83116
21
9.155356
31
5
 1
1.59m
 7
ROMANS
 40
0.06
 41
1
 50
0
 72
1
 73
3
 0
LINE
 8
UNIFILAR
 6
CONTINUOUS
 62
94
10
9.072337
20
11.285356
30
5
11
12.896966
21
11.285356
31
5
 0
TEXT
 8
TEXTO_RAMAS
 6
CONTINUOUS
 62
94
10
11.000589
20
11.335356
30
5
11
11.000589
21
11.335356
31
5
 1
188 Ø1 1/4"
 7
ROMANS
 40
0.06
 41
1
 50
0
 72
1
 73
0
 0
TEXT
 8
TEXTO_RAMAS
 6
CONTINUOUS
 62
94
10
11.000589
20
11.235356
30
5
11
11.000589
21
11.235356
31
5
 1
3.92m
 7
ROMANS
 40
0.06
 41
1
 50
0
 72
1
 73
3
 0
LINE
 8
UNIFILAR
 6
CONTINUOUS
 62
94
10
13.028216
20
11.285356
30
5
11
16.278314
21
11.285356
31
5
 0
LINE
 8
UNIFILAR
 6
CONTINUOUS
 62
94
10
16.293315
20
11.270356
30
5
11
16.293336
21
10.11871
31
5
 0
TEXT
 8
TEXTO_RAMAS
 6
CONTINUOUS
 62
94
10
14.627953
20
11.335356
30
5
11
14.627953
21
11.335356
31
5
 1
189 Ø1 1/4"
 7
ROMANS
 40
0.06
 41
1
 50
0
 72
1
 73
0
 0
TEXT
 8
TEXTO_RAMAS
 6
CONTINUOUS
 62
94
10
14.627953
20
11.235356
30
5
11
14.627953
21
11.235356
31
5
 1
4.56m
 7
ROMANS
 40
0.06
 41
1
 50
0
 72
1
 73
3
 0
LINE
 8
UNIFILAR
 6
CONTINUOUS
 62
94
10
16.358962
20
10.053085
30
5
11
18.767712
21
10.053085
31
5
 0
TEXT
 8
TEXTO_RAMAS
 6
CONTINUOUS
 62
94
10
17.563337
20
10.103085
30
5
11
17.563337
21
10.103085
31
5
 1
190 Ø1"
 7
ROMANS
 40
0.06
 41
1
 50
0
 72
1
 73
0
 0
TEXT
 8
TEXTO_RAMAS
 6
CONTINUOUS
 62
94
10
17.563337
20
10.003085
30
5
11
17.563337
21
10.003085
31
5
 1
2.54m
 7
ROMANS
 40
0.06
 41
1
 50
0
 72
1
 73
3
 0
LINE
 8
UNIFILAR
 6
CONTINUOUS
 62
94
10
16.293331
20
9.98746
30
5
11
16.293156
21
8.050657
31
5
 0
TEXT
 8
TEXTO_RAMAS
 6
CONTINUOUS
 62
94
10
16.243245
20
9.035
30
5
11
16.243245
21
9.035
31
5
 1
191 Ø1 1/4"
 7
ROMANS
 40
0.06
 41
1
 50
89.994817
 72
1
 73
0
 0
TEXT
 8
TEXTO_RAMAS
 6
CONTINUOUS
 62
94
10
16.343245
20
9.034991
30
5
11
16.343245
21
9.034991
31
5
 1
2.04m
 7
ROMANS
 40
0.06
 41
1
 50
89.994817
 72
1
 73
3
 0
LINE
 8
UNIFILAR
 6
CONTINUOUS
 62
94
10
9.010319
20
9.186917
30
5
11
7.313552
21
8.080134
31
5
 0
TEXT
 8
TEXTO_RAMAS
 6
CONTINUOUS
 62
94
10
8.12127
20
8.666696
30
5
11
8.12127
21
8.666696
31
5
 1
187 Ø1"
 7
ROMANS
 40
0.06
 41
1
 50
33.11599
 72
1
 73
0
 0
TEXT
 8
TEXTO_RAMAS
 6
CONTINUOUS
 62
94
10
8.175904
20
8.58294
30
5
11
8.175904
21
8.58294
31
5
 1
2.13m
 7
ROMANS
 40
0.06
 41
1
 50
33.11599
 72
1
 73
3
 0
LINE
 8
UNIFILAR
 6
CONTINUOUS
 62
94
10
16.269288
20
7.993042
30
5
11
15.137476
21
6.861229
31
5
 0
TEXT
 8
TEXTO_RAMAS
 6
CONTINUOUS
 62
94
10
15.656757
20
7.451222
30
5
11
15.656757
21
7.451222
31
5
 1
192 Ø1"
 7
ROMANS
 40
0.06
 41
1
 50
45
 72
1
 73
0
 0
TEXT
 8
TEXTO_RAMAS
 6
CONTINUOUS
 62
94
10
15.727468
20
7.380511
30
5
11
15.727468
21
7.380511
31
5
 1
1.7m
 7
ROMANS
 40
0.06
 41
1
 50
45
 72
1
 73
3
 0
LINE
 8
UNIFILAR
 6
CONTINUOUS
 62
94
10
16.326903
20
8.016907
30
5
11
19.181778
21
8.016907
31
5
 0
TEXT
 8
TEXTO_RAMAS
 6
CONTINUOUS
 62
94
10
17.770278
20
8.066907
30
5
11
17.770278
21
8.066907
31
5
 1
193 Ø1 1/4"
 7
ROMANS
 40
0.06
 41
1
 50
0
 72
1
 73
0
 0
TEXT
 8
TEXTO_RAMAS
 6
CONTINUOUS
 62
94
10
17.770278
20
7.966907
30
5
11
17.770278
21
7.966907
31
5
 1
2.95m
 7
ROMANS
 40
0.06
 41
1
 50
0
 72
1
 73
3
 0
LINE
 8
UNIFILAR
 6
CONTINUOUS
 62
94
10
19.313027
20
8.017167
30
5
11
20.092396
21
8.02025
31
5
 0
LINE
 8
UNIFILAR
 6
CONTINUOUS
 62
94
10
20.118666
20
8.01041
30
5
11
21.208132
21
7.053559
31
5
 0
LINE
 8
UNIFILAR
 6
CONTINUOUS
 62
94
10
21.234403
20
7.043661
30
5
11
23.526736
21
7.043661
31
5
 0
TEXT
 8
TEXTO_RAMAS
 6
CONTINUOUS
 62
94
10
22.405882
20
7.093661
30
5
11
22.405882
21
7.093661
31
5
 1
194 Ø1"
 7
ROMANS
 40
0.06
 41
1
 50
0
 72
1
 73
0
 0
TEXT
 8
TEXTO_RAMAS
 6
CONTINUOUS
 62
94
10
22.405882
20
6.993661
30
5
11
22.405882
21
6.993661
31
5
 1
4.71m
 7
ROMANS
 40
0.06
 41
1
 50
0
 72
1
 73
3
 0
LINE
 8
UNIFILAR
 6
CONTINUOUS
 62
94
10
23.657986
20
7.043661
30
5
11
27.215308
21
7.043661
31
5
 0
LINE
 8
UNIFILAR
 6
CONTINUOUS
 62
94
10
27.230308
20
7.058661
30
5
11
27.230308
21
7.594097
31
5
 0
TEXT
 8
TEXTO_RAMAS
 6
CONTINUOUS
 62
94
10
25.411335
20
7.093661
30
5
11
25.411335
21
7.093661
31
5
 1
195 Ø1"
 7
ROMANS
 40
0.06
 41
1
 50
360
 72
1
 73
0
 0
TEXT
 8
TEXTO_RAMAS
 6
CONTINUOUS
 62
94
10
25.411335
20
6.993661
30
5
11
25.411335
21
6.993661
31
5
 1
4.25m
 7
ROMANS
 40
0.06
 41
1
 50
0
 72
1
 73
3
 0
LINE
 8
UNIFILAR
 6
CONTINUOUS
 62
94
10
3.997935
20
3.579122
30
5
11
3.997935
21
5.621622
31
5
 0
TEXT
 8
TEXTO_RAMAS
 6
CONTINUOUS
 62
94
10
3.947935
20
4.600372
30
5
11
3.947935
21
4.600372
31
5
 1
179 Ø1 1/4"
 7
ROMANS
 40
0.06
 41
1
 50
90
 72
1
 73
0
 0
TEXT
 8
TEXTO_RAMAS
 6
CONTINUOUS
 62
94
10
4.047935
20
4.600372
30
5
11
4.047935
21
4.600372
31
5
 1
2.11m
 7
ROMANS
 40
0.06
 41
1
 50
90
 72
1
 73
3
 0
LINE
 8
UNIFILAR
 6
CONTINUOUS
 62
94
10
3.997935
20
5.689122
30
5
11
3.997935
21
8.938465
31
5
 0
TEXT
 8
TEXTO_RAMAS
 6
CONTINUOUS
 62
94
10
3.947935
20
7.313793
30
5
11
3.947935
21
7.313793
31
5
 1
180 Ø1 1/4"
 7
ROMANS
 40
0.06
 41
1
 50
90
 72
1
 73
0
 0
TEXT
 8
TEXTO_RAMAS
 6
CONTINUOUS
 62
94
10
4.047935
20
7.313793
30
5
11
4.047935
21
7.313793
31
5
 1
3.32m
 7
ROMANS
 40
0.06
 41
1
 50
90
 72
1
 73
3
 0
LINE
 8
UNIFILAR
 6
CONTINUOUS
 62
94
10
3.964185
20
5.655372
30
5
11
3.623671
21
5.655372
31
5
 0
TEXT
 8
TEXTO_RAMAS
 6
CONTINUOUS
 62
94
10
3.77799
20
5.705372
30
5
11
3.77799
21
5.705372
31
5
 1
196 Ø1"
 7
ROMANS
 40
0.06
 41
1
 50
0
 72
1
 73
0
 0
TEXT
 8
TEXTO_RAMAS
 6
CONTINUOUS
 62
94
10
3.77799
20
5.605372
30
5
11
3.77799
21
5.605372
31
5
 1
0.44m
 7
ROMANS
 40
0.06
 41
1
 50
0
 72
1
 73
3
 0
LINE
 8
UNIFILAR
 6
CONTINUOUS
 62
94
10
3.492421
20
5.655372
30
5
11
2.603046
21
5.655372
31
5
 0
LINE
 8
UNIFILAR
 6
CONTINUOUS
 62
94
10
2.573046
20
5.655383
30
5
11
0.843046
21
5.656667
31
3.88
 0
LINE
 8
UNIFILAR
 6
CONTINUOUS
 62
94
10
0.813046
20
5.656678
30
3.88
11
0.133697
21
5.656678
31
3.88
 0
TEXT
 8
TEXTO_RAMAS
 6
CONTINUOUS
 62
94
10
1.708083
20
5.706025
30
4.44
11
1.708083
21
5.706025
31
4.44
 1
197 Ø1"
 7
ROMANS
 40
0.06
 41
1
 50
359.957481
 72
1
 73
0
 0
TEXT
 8
TEXTO_RAMAS
 6
CONTINUOUS
 62
94
10
1.708009
20
5.606025
30
4.44
11
1.708009
21
5.606025
31
4.44
 1
3.49m
 7
ROMANS
 40
0.06
 41
1
 50
359.957481
 72
1
 73
3
 0
INSERT
 8
UNIFILAR
 6
CONTINUOUS
 62
94
 2
CONEXION_PLANTAS_IPCI
10
4.333153
20
3.548424
30
5.1
41
0.022
42
0.022
43
1
 50
0
 0
TEXT
 8
TEXTO_NUDOS
 6
CONTINUOUS
 62
94
10
4.333153
20
3.631424
30
5.1
11
4.333153
21
3.631424
31
5.1
 1
6
 7
ROMANS
 40
0.06
 41
1
 50
0
 72
1
 73
0
 0
INSERT
 8
UNIFILAR
 6
CONTINUOUS
 62
94
 2
BOCA_INCENDIOS_IPCI
10
3.394566
20
3.856451
30
6.6
41
0.0525
42
0.0525
43
1
 50
332.5
 0
TEXT
 8
TEXTO_NUDOS
 6
CONTINUOUS
 62
94
10
3.394566
20
3.969451
30
6.6
11
3.394566
21
3.969451
31
6.6
 1
44
 7
ROMANS
 40
0.06
 41
1
 50
0
 72
1
 73
0
 0
INSERT
 8
UNIFILAR
 6
CONTINUOUS
 62
94
 2
NUDO_PASO_IPCI
10
3.995961
20
0.109975
30
7.6
41
0.02
42
0.02
43
1
 50
0
 0
INSERT
 8
UNIFILAR
 6
CONTINUOUS
 62
94
 2
NUDO_PASO_IPCI
10
16.293314
20
0.109975
30
7.6
41
0.02
42
0.02
43
1
 50
0
 0
INSERT
 8
UNIFILAR
 6
CONTINUOUS
 62
94
 2
NUDO_DERIVACION_IPCI
10
16.293153
20
3.378424
30
7.6
41
0.045
42
0.045
43
1
 50
0
 0
TEXT
 8
TEXTO_NUDOS
 6
CONTINUOUS
 62
94
10
16.293153
20
3.462174
30
7.6
11
16.293153
21
3.462174
31
7.6
 1
20
 7
ROMANS
 40
0.06
 41
1
 50
0
 72
1
 73
0
 0
INSERT
 8
UNIFILAR
 6
CONTINUOUS
 62
94
 2
ROCIADOR_AUTOMATICO_IPCI
10
5.081028
20
1.607773
30
7.6
41
0.04375
42
0.04375
43
1
 50
0
 0
TEXT
 8
TEXTO_NUDOS
 6
CONTINUOUS
 62
94
10
5.081028
20
1.723398
30
7.6
11
5.081028
21
1.723398
31
7.6
 1
12
 7
ROMANS
 40
0.06
 41
1
 50
0
 72
1
 73
0
 0
INSERT
 8
UNIFILAR
 6
CONTINUOUS
 62
94
 2
ROCIADOR_AUTOMATICO_IPCI
10
1.308124
20
2.423123
30
7.6
41
0.04375
42
0.04375
43
1
 50
0
 0
TEXT
 8
TEXTO_NUDOS
 6
CONTINUOUS
 62
94
10
1.308124
20
2.538748
30
7.6
11
1.308124
21
2.538748
31
7.6
 1
10
 7
ROMANS
 40
0.06
 41
1
 50
0
 72
1
 73
0
 0
INSERT
 8
UNIFILAR
 6
CONTINUOUS
 62
94
 2
NUDO_DERIVACION_IPCI
10
3.997935
20
2.423117
30
7.6
41
0.045
42
0.045
43
1
 50
0
 0
TEXT
 8
TEXTO_NUDOS
 6
CONTINUOUS
 62
94
10
3.997935
20
2.506867
30
7.6
11
3.997935
21
2.506867
31
7.6
 1
9
 7
ROMANS
 40
0.06
 41
1
 50
0
 72
1
 73
0
 0
INSERT
 8
UNIFILAR
 6
CONTINUOUS
 62
94
 2
NUDO_DERIVACION_IPCI
10
3.995961
20
1.607773
30
7.6
41
0.045
42
0.045
43
1
 50
0
 0
TEXT
 8
TEXTO_NUDOS
 6
CONTINUOUS
 62
94
10
3.995961
20
1.691523
30
7.6
11
3.995961
21
1.691523
31
7.6
 1
11
 7
ROMANS
 40
0.06
 41
1
 50
0
 72
1
 73
0
 0
INSERT
 8
UNIFILAR
 6
CONTINUOUS
 62
94
 2
NUDO_PASO_IPCI
10
3.994242
20
3.548424
30
5.1
41
0.02
42
0.02
43
1
 50
0
 0
INSERT
 8
UNIFILAR
 6
CONTINUOUS
 62
94
 2
NUDO_DERIVACION_IPCI
10
3.997148
20
3.546147
30
6.6
41
0.045
42
0.045
43
1
 50
0
 0
TEXT
 8
TEXTO_NUDOS
 6
CONTINUOUS
 62
94
10
3.997148
20
3.629897
30
6.6
11
3.997148
21
3.629897
31
6.6
 1
7
 7
ROMANS
 40
0.06
 41
1
 50
0
 72
1
 73
0
 0
INSERT
 8
UNIFILAR
 6
CONTINUOUS
 62
94
 2
NUDO_DERIVACION_IPCI
10
3.997935
20
3.545372
30
7.6
41
0.045
42
0.045
43
1
 50
0
 0
TEXT
 8
TEXTO_NUDOS
 6
CONTINUOUS
 62
94
10
3.997935
20
3.629122
30
7.6
11
3.997935
21
3.629122
31
7.6
 1
8
 7
ROMANS
 40
0.06
 41
1
 50
0
 72
1
 73
0
 0
INSERT
 8
UNIFILAR
 6
CONTINUOUS
 62
94
 2
ROCIADOR_AUTOMATICO_IPCI
10
7.258587
20
3.351051
30
7.6
41
0.04375
42
0.04375
43
1
 50
0
 0
TEXT
 8
TEXTO_NUDOS
 6
CONTINUOUS
 62
94
10
7.258587
20
3.466676
30
7.6
11
7.258587
21
3.466676
31
7.6
 1
16
 7
ROMANS
 40
0.06
 41
1
 50
0
 72
1
 73
0
 0
INSERT
 8
UNIFILAR
 6
CONTINUOUS
 62
94
 2
ROCIADOR_AUTOMATICO_IPCI
10
12.962591
20
0.109975
30
7.6
41
0.04375
42
0.04375
43
1
 50
0
 0
TEXT
 8
TEXTO_NUDOS
 6
CONTINUOUS
 62
94
10
12.962591
20
0.2256
30
7.6
11
12.962591
21
0.2256
31
7.6
 1
17
 7
ROMANS
 40
0.06
 41
1
 50
0
 72
1
 73
0
 0
INSERT
 8
UNIFILAR
 6
CONTINUOUS
 62
94
 2
ROCIADOR_AUTOMATICO_IPCI
10
15.091072
20
4.580506
30
7.6
41
0.04375
42
0.04375
43
1
 50
0
 0
TEXT
 8
TEXTO_NUDOS
 6
CONTINUOUS
 62
94
10
15.091072
20
4.696131
30
7.6
11
15.091072
21
4.696131
31
7.6
 1
21
 7
ROMANS
 40
0.06
 41
1
 50
0
 72
1
 73
0
 0
INSERT
 8
UNIFILAR
 6
CONTINUOUS
 62
94
 2
ROCIADOR_AUTOMATICO_IPCI
10
18.833337
20
1.342246
30
7.6
41
0.04375
42
0.04375
43
1
 50
0
 0
TEXT
 8
TEXTO_NUDOS
 6
CONTINUOUS
 62
94
10
18.833337
20
1.457871
30
7.6
11
18.833337
21
1.457871
31
7.6
 1
19
 7
ROMANS
 40
0.06
 41
1
 50
0
 72
1
 73
0
 0
INSERT
 8
UNIFILAR
 6
CONTINUOUS
 62
94
 2
ROCIADOR_AUTOMATICO_IPCI
10
16.293337
20
1.342246
30
7.6
41
0.04375
42
0.04375
43
1
 50
0
 0
TEXT
 8
TEXTO_NUDOS
 6
CONTINUOUS
 62
94
10
16.293337
20
1.457871
30
7.6
11
16.293337
21
1.457871
31
7.6
 1
18
 7
ROMANS
 40
0.06
 41
1
 50
0
 72
1
 73
0
 0
INSERT
 8
UNIFILAR
 6
CONTINUOUS
 62
94
 2
ROCIADOR_AUTOMATICO_IPCI
10
19.247403
20
3.378424
30
7.6
41
0.04375
42
0.04375
43
1
 50
0
 0
TEXT
 8
TEXTO_NUDOS
 6
CONTINUOUS
 62
94
10
19.247403
20
3.494049
30
7.6
11
19.247403
21
3.494049
31
7.6
 1
22
 7
ROMANS
 40
0.06
 41
1
 50
0
 72
1
 73
0
 0
INSERT
 8
UNIFILAR
 6
CONTINUOUS
 62
94
 2
NUDO_DERIVACION_IPCI
10
9.038587
20
0.109975
30
7.6
41
0.045
42
0.045
43
1
 50
0
 0
TEXT
 8
TEXTO_NUDOS
 6
CONTINUOUS
 62
94
10
9.038587
20
0.193725
30
7.6
11
9.038587
21
0.193725
31
7.6
 1
13
 7
ROMANS
 40
0.06
 41
1
 50
0
 72
1
 73
0
 0
INSERT
 8
UNIFILAR
 6
CONTINUOUS
 62
94
 2
ROCIADOR_AUTOMATICO_IPCI
10
10.623734
20
2.189975
30
7.6
41
0.04375
42
0.04375
43
1
 50
0
 0
TEXT
 8
TEXTO_NUDOS
 6
CONTINUOUS
 62
94
10
10.623734
20
2.3056
30
7.6
11
10.623734
21
2.3056
31
7.6
 1
15
 7
ROMANS
 40
0.06
 41
1
 50
0
 72
1
 73
0
 0
INSERT
 8
UNIFILAR
 6
CONTINUOUS
 62
94
 2
NUDO_DERIVACION_IPCI
10
9.038587
20
2.189975
30
7.6
41
0.045
42
0.045
43
1
 50
0
 0
TEXT
 8
TEXTO_NUDOS
 6
CONTINUOUS
 62
94
10
9.038587
20
2.273725
30
7.6
11
9.038587
21
2.273725
31
7.6
 1
14
 7
ROMANS
 40
0.06
 41
1
 50
0
 72
1
 73
0
 0
INSERT
 8
UNIFILAR
 6
CONTINUOUS
 62
94
 2
NUDO_PASO_IPCI
10
20.107396
20
3.375022
30
7.6
41
0.02
42
0.02
43
1
 50
0
 0
INSERT
 8
UNIFILAR
 6
CONTINUOUS
 62
94
 2
ROCIADOR_AUTOMATICO_IPCI
10
27.230308
20
3.735609
30
7.6
41
0.04375
42
0.04375
43
1
 50
0
 0
TEXT
 8
TEXTO_NUDOS
 6
CONTINUOUS
 62
94
10
27.230308
20
3.851234
30
7.6
11
27.230308
21
3.851234
31
7.6
 1
24
 7
ROMANS
 40
0.06
 41
1
 50
0
 72
1
 73
0
 0
INSERT
 8
UNIFILAR
 6
CONTINUOUS
 62
94
 2
ROCIADOR_AUTOMATICO_IPCI
10
23.592361
20
4.35167
30
7.6
41
0.04375
42
0.04375
43
1
 50
0
 0
TEXT
 8
TEXTO_NUDOS
 6
CONTINUOUS
 62
94
10
23.592361
20
4.467295
30
7.6
11
23.592361
21
4.467295
31
7.6
 1
23
 7
ROMANS
 40
0.06
 41
1
 50
0
 72
1
 73
0
 0
INSERT
 8
UNIFILAR
 6
CONTINUOUS
 62
94
 2
NUDO_PASO_IPCI
10
21.219403
20
4.35167
30
7.6
41
0.02
42
0.02
43
1
 50
0
 0
INSERT
 8
UNIFILAR
 6
CONTINUOUS
 62
94
 2
NUDO_PASO_IPCI
10
27.230308
20
4.35167
30
7.6
41
0.02
42
0.02
43
1
 50
0
 0
INSERT
 8
UNIFILAR
 6
CONTINUOUS
 62
94
 2
NUDO_PASO_IPCI
10
3.995961
20
11.285356
30
7.6
41
0.02
42
0.02
43
1
 50
0
 0
INSERT
 8
UNIFILAR
 6
CONTINUOUS
 62
94
 2
NUDO_PASO_IPCI
10
16.293314
20
11.285356
30
7.6
41
0.02
42
0.02
43
1
 50
0
 0
INSERT
 8
UNIFILAR
 6
CONTINUOUS
 62
94
 2
NUDO_DERIVACION_IPCI
10
16.293153
20
8.016907
30
7.6
41
0.045
42
0.045
43
1
 50
0
 0
TEXT
 8
TEXTO_NUDOS
 6
CONTINUOUS
 62
94
10
16.293153
20
8.100657
30
7.6
11
16.293153
21
8.100657
31
7.6
 1
37
 7
ROMANS
 40
0.06
 41
1
 50
0
 72
1
 73
0
 0
INSERT
 8
UNIFILAR
 6
CONTINUOUS
 62
94
 2
ROCIADOR_AUTOMATICO_IPCI
10
5.081028
20
9.787558
30
7.6
41
0.04375
42
0.04375
43
1
 50
0
 0
TEXT
 8
TEXTO_NUDOS
 6
CONTINUOUS
 62
94
10
5.081028
20
9.903183
30
7.6
11
5.081028
21
9.903183
31
7.6
 1
29
 7
ROMANS
 40
0.06
 41
1
 50
0
 72
1
 73
0
 0
INSERT
 8
UNIFILAR
 6
CONTINUOUS
 62
94
 2
ROCIADOR_AUTOMATICO_IPCI
10
1.308124
20
8.972208
30
7.6
41
0.04375
42
0.04375
43
1
 50
0
 0
TEXT
 8
TEXTO_NUDOS
 6
CONTINUOUS
 62
94
10
1.308124
20
9.087833
30
7.6
11
1.308124
21
9.087833
31
7.6
 1
27
 7
ROMANS
 40
0.06
 41
1
 50
0
 72
1
 73
0
 0
INSERT
 8
UNIFILAR
 6
CONTINUOUS
 62
94
 2
NUDO_DERIVACION_IPCI
10
3.997935
20
8.972215
30
7.6
41
0.045
42
0.045
43
1
 50
0
 0
TEXT
 8
TEXTO_NUDOS
 6
CONTINUOUS
 62
94
10
3.997935
20
9.055965
30
7.6
11
3.997935
21
9.055965
31
7.6
 1
26
 7
ROMANS
 40
0.06
 41
1
 50
0
 72
1
 73
0
 0
INSERT
 8
UNIFILAR
 6
CONTINUOUS
 62
94
 2
NUDO_DERIVACION_IPCI
10
3.995961
20
9.787558
30
7.6
41
0.045
42
0.045
43
1
 50
0
 0
TEXT
 8
TEXTO_NUDOS
 6
CONTINUOUS
 62
94
10
3.995961
20
9.871308
30
7.6
11
3.995961
21
9.871308
31
7.6
 1
28
 7
ROMANS
 40
0.06
 41
1
 50
0
 72
1
 73
0
 0
INSERT
 8
UNIFILAR
 6
CONTINUOUS
 62
94
 2
ROCIADOR_AUTOMATICO_IPCI
10
7.258587
20
8.04428
30
7.6
41
0.04375
42
0.04375
43
1
 50
0
 0
TEXT
 8
TEXTO_NUDOS
 6
CONTINUOUS
 62
94
10
7.258587
20
8.159905
30
7.6
11
7.258587
21
8.159905
31
7.6
 1
33
 7
ROMANS
 40
0.06
 41
1
 50
0
 72
1
 73
0
 0
INSERT
 8
UNIFILAR
 6
CONTINUOUS
 62
94
 2
ROCIADOR_AUTOMATICO_IPCI
10
12.962591
20
11.285356
30
7.6
41
0.04375
42
0.04375
43
1
 50
0
 0
TEXT
 8
TEXTO_NUDOS
 6
CONTINUOUS
 62
94
10
12.962591
20
11.400981
30
7.6
11
12.962591
21
11.400981
31
7.6
 1
34
 7
ROMANS
 40
0.06
 41
1
 50
0
 72
1
 73
0
 0
INSERT
 8
UNIFILAR
 6
CONTINUOUS
 62
94
 2
ROCIADOR_AUTOMATICO_IPCI
10
15.091072
20
6.814825
30
7.6
41
0.04375
42
0.04375
43
1
 50
0
 0
TEXT
 8
TEXTO_NUDOS
 6
CONTINUOUS
 62
94
10
15.091072
20
6.93045
30
7.6
11
15.091072
21
6.93045
31
7.6
 1
38
 7
ROMANS
 40
0.06
 41
1
 50
0
 72
1
 73
0
 0
INSERT
 8
UNIFILAR
 6
CONTINUOUS
 62
94
 2
ROCIADOR_AUTOMATICO_IPCI
10
18.833337
20
10.053085
30
7.6
41
0.04375
42
0.04375
43
1
 50
0
 0
TEXT
 8
TEXTO_NUDOS
 6
CONTINUOUS
 62
94
10
18.833337
20
10.16871
30
7.6
11
18.833337
21
10.16871
31
7.6
 1
36
 7
ROMANS
 40
0.06
 41
1
 50
0
 72
1
 73
0
 0
INSERT
 8
UNIFILAR
 6
CONTINUOUS
 62
94
 2
ROCIADOR_AUTOMATICO_IPCI
10
16.293337
20
10.053085
30
7.6
41
0.04375
42
0.04375
43
1
 50
0
 0
TEXT
 8
TEXTO_NUDOS
 6
CONTINUOUS
 62
94
10
16.293337
20
10.16871
30
7.6
11
16.293337
21
10.16871
31
7.6
 1
35
 7
ROMANS
 40
0.06
 41
1
 50
0
 72
1
 73
0
 0
INSERT
 8
UNIFILAR
 6
CONTINUOUS
 62
94
 2
ROCIADOR_AUTOMATICO_IPCI
10
19.247403
20
8.016907
30
7.6
41
0.04375
42
0.04375
43
1
 50
0
 0
TEXT
 8
TEXTO_NUDOS
 6
CONTINUOUS
 62
94
10
19.247403
20
8.132532
30
7.6
11
19.247403
21
8.132532
31
7.6
 1
39
 7
ROMANS
 40
0.06
 41
1
 50
0
 72
1
 73
0
 0
INSERT
 8
UNIFILAR
 6
CONTINUOUS
 62
94
 2
NUDO_DERIVACION_IPCI
10
9.038587
20
11.285356
30
7.6
41
0.045
42
0.045
43
1
 50
0
 0
TEXT
 8
TEXTO_NUDOS
 6
CONTINUOUS
 62
94
10
9.038587
20
11.369106
30
7.6
11
9.038587
21
11.369106
31
7.6
 1
30
 7
ROMANS
 40
0.06
 41
1
 50
0
 72
1
 73
0
 0
INSERT
 8
UNIFILAR
 6
CONTINUOUS
 62
94
 2
ROCIADOR_AUTOMATICO_IPCI
10
10.623734
20
9.205356
30
7.6
41
0.04375
42
0.04375
43
1
 50
0
 0
TEXT
 8
TEXTO_NUDOS
 6
CONTINUOUS
 62
94
10
10.623734
20
9.320981
30
7.6
11
10.623734
21
9.320981
31
7.6
 1
32
 7
ROMANS
 40
0.06
 41
1
 50
0
 72
1
 73
0
 0
INSERT
 8
UNIFILAR
 6
CONTINUOUS
 62
94
 2
NUDO_DERIVACION_IPCI
10
9.038587
20
9.205356
30
7.6
41
0.045
42
0.045
43
1
 50
0
 0
TEXT
 8
TEXTO_NUDOS
 6
CONTINUOUS
 62
94
10
9.038587
20
9.289106
30
7.6
11
9.038587
21
9.289106
31
7.6
 1
31
 7
ROMANS
 40
0.06
 41
1
 50
0
 72
1
 73
0
 0
INSERT
 8
UNIFILAR
 6
CONTINUOUS
 62
94
 2
NUDO_PASO_IPCI
10
20.107396
20
8.020309
30
7.6
41
0.02
42
0.02
43
1
 50
0
 0
INSERT
 8
UNIFILAR
 6
CONTINUOUS
 62
94
 2
ROCIADOR_AUTOMATICO_IPCI
10
27.230308
20
7.659722
30
7.6
41
0.04375
42
0.04375
43
1
 50
0
 0
TEXT
 8
TEXTO_NUDOS
 6
CONTINUOUS
 62
94
10
27.230308
20
7.775347
30
7.6
11
27.230308
21
7.775347
31
7.6
 1
41
 7
ROMANS
 40
0.06
 41
1
 50
0
 72
1
 73
0
 0
INSERT
 8
UNIFILAR
 6
CONTINUOUS
 62
94
 2
ROCIADOR_AUTOMATICO_IPCI
10
23.592361
20
7.043661
30
7.6
41
0.04375
42
0.04375
43
1
 50
0
 0
TEXT
 8
TEXTO_NUDOS
 6
CONTINUOUS
 62
94
10
23.592361
20
7.159286
30
7.6
11
23.592361
21
7.159286
31
7.6
 1
40
 7
ROMANS
 40
0.06
 41
1
 50
0
 72
1
 73
0
 0
INSERT
 8
UNIFILAR
 6
CONTINUOUS
 62
94
 2
NUDO_PASO_IPCI
10
21.219403
20
7.043661
30
7.6
41
0.02
42
0.02
43
1
 50
0
 0
INSERT
 8
UNIFILAR
 6
CONTINUOUS
 62
94
 2
NUDO_PASO_IPCI
10
27.230308
20
7.043661
30
7.6
41
0.02
42
0.02
43
1
 50
0
 0
INSERT
 8
UNIFILAR
 6
CONTINUOUS
 62
94
 2
ROCIADOR_AUTOMATICO_IPCI
10
3.558046
20
5.655372
30
7.6
41
0.04375
42
0.04375
43
1
 50
0
 0
TEXT
 8
TEXTO_NUDOS
 6
CONTINUOUS
 62
94
10
3.558046
20
5.770997
30
7.6
11
3.558046
21
5.770997
31
7.6
 1
42
 7
ROMANS
 40
0.06
 41
1
 50
0
 72
1
 73
0
 0
INSERT
 8
UNIFILAR
 6
CONTINUOUS
 62
94
 2
ROCIADOR_AUTOMATICO_IPCI
10
0.068072
20
5.656678
30
6.48
41
0.04375
42
0.04375
43
1
 50
0
 0
TEXT
 8
TEXTO_NUDOS
 6
CONTINUOUS
 62
94
10
0.068072
20
5.772303
30
6.48
11
0.068072
21
5.772303
31
6.48
 1
43
 7
ROMANS
 40
0.06
 41
1
 50
0
 72
1
 73
0
 0
INSERT
 8
UNIFILAR
 6
CONTINUOUS
 62
94
 2
NUDO_DERIVACION_IPCI
10
3.997935
20
5.655372
30
7.6
41
0.045
42
0.045
43
1
 50
0
 0
TEXT
 8
TEXTO_NUDOS
 6
CONTINUOUS
 62
94
10
3.997935
20
5.739122
30
7.6
11
3.997935
21
5.739122
31
7.6
 1
25
 7
ROMANS
 40
0.06
 41
1
 50
0
 72
1
 73
0
 0
INSERT
 8
UNIFILAR
 6
CONTINUOUS
 62
94
 2
NUDO_PASO_IPCI
10
2.588046
20
5.655372
30
7.6
41
0.02
42
0.02
43
1
 50
0
 0
INSERT
 8
UNIFILAR
 6
CONTINUOUS
 62
94
 2
NUDO_PASO_IPCI
10
0.828046
20
5.656678
30
6.48
41
0.02
42
0.02
43
1
 50
0
 0
LINE
 8
UNIFILAR
 6
CONTINUOUS
 62
94
10
1.373749
20
2.423123
30
7.6
11
3.964185
21
2.423117
31
7.6
 0
TEXT
 8
TEXTO_RAMAS
 6
CONTINUOUS
 62
94
10
2.653029
20
2.47312
30
7.6
11
2.653029
21
2.47312
31
7.6
 1
9 Ø1"
 7
ROMANS
 40
0.06
 41
1
 50
359.999861
 72
1
 73
0
 0
TEXT
 8
TEXTO_RAMAS
 6
CONTINUOUS
 62
94
10
2.653029
20
2.37312
30
7.6
11
2.653029
21
2.37312
31
7.6
 1
2.69m
 7
ROMANS
 40
0.06
 41
1
 50
359.999861
 72
1
 73
3
 0
LINE
 8
UNIFILAR
 6
CONTINUOUS
 62
94
10
5.015403
20
1.607773
30
7.6
11
4.029711
21
1.607773
31
7.6
 0
TEXT
 8
TEXTO_RAMAS
 6
CONTINUOUS
 62
94
10
4.538495
20
1.657773
30
7.6
11
4.538495
21
1.657773
31
7.6
 1
11 Ø1"
 7
ROMANS
 40
0.06
 41
1
 50
0
 72
1
 73
0
 0
TEXT
 8
TEXTO_RAMAS
 6
CONTINUOUS
 62
94
10
4.538495
20
1.557773
30
7.6
11
4.538495
21
1.557773
31
7.6
 1
1.09m
 7
ROMANS
 40
0.06
 41
1
 50
0
 72
1
 73
3
 0
LINE
 8
UNIFILAR
 6
CONTINUOUS
 62
94
10
3.997853
20
2.389367
30
7.6
11
3.996043
21
1.641523
31
7.6
 0
TEXT
 8
TEXTO_RAMAS
 6
CONTINUOUS
 62
94
10
3.946948
20
2.015566
30
7.6
11
3.946948
21
2.015566
31
7.6
 1
10 Ø1 1/4"
 7
ROMANS
 40
0.06
 41
1
 50
89.861308
 72
1
 73
0
 0
TEXT
 8
TEXTO_RAMAS
 6
CONTINUOUS
 62
94
10
4.046948
20
2.015324
30
7.6
11
4.046948
21
2.015324
31
7.6
 1
0.82m
 7
ROMANS
 40
0.06
 41
1
 50
89.861308
 72
1
 73
3
 0
LINE
 8
UNIFILAR
 6
CONTINUOUS
 62
94
10
3.995961
20
1.574023
30
7.6
11
3.995961
21
0.124975
31
7.6
 0
LINE
 8
UNIFILAR
 6
CONTINUOUS
 62
94
10
4.010961
20
0.109975
30
7.6
11
9.004837
21
0.109975
31
7.6
 0
TEXT
 8
TEXTO_RAMAS
 6
CONTINUOUS
 62
94
10
6.517274
20
0.159975
30
7.6
11
6.517274
21
0.159975
31
7.6
 1
12 Ø1 1/4"
 7
ROMANS
 40
0.06
 41
1
 50
0
 72
1
 73
0
 0
TEXT
 8
TEXTO_RAMAS
 6
CONTINUOUS
 62
94
10
6.517274
20
0.059975
30
7.6
11
6.517274
21
0.059975
31
7.6
 1
6.54m
 7
ROMANS
 40
0.06
 41
1
 50
0
 72
1
 73
3
 0
LINE
 8
UNIFILAR
 6
CONTINUOUS
 62
94
10
4.300153
20
3.548424
30
5.1
11
4.009242
21
3.548424
31
5.1
 0
LINE
 8
UNIFILAR
 6
CONTINUOUS
 62
94
10
3.994242
20
3.548424
30
5.1
11
3.997148
21
3.546147
31
6.6
 0
TEXT
 8
TEXTO_RAMAS
 6
CONTINUOUS
 62
94
10
4.163698
20
3.598424
30
5.1
11
4.163698
21
3.598424
31
5.1
 1
6 Ø1 1/4"
 7
ROMANS
 40
0.06
 41
1
 50
0
 72
1
 73
0
 0
TEXT
 8
TEXTO_RAMAS
 6
CONTINUOUS
 62
94
10
4.163698
20
3.498424
30
5.1
11
4.163698
21
3.498424
31
5.1
 1
0.34m
 7
ROMANS
 40
0.06
 41
1
 50
0
 72
1
 73
3
 0
LINE
 8
UNIFILAR
 6
CONTINUOUS
 62
94
10
3.997148
20
3.546147
30
6.6
11
3.997935
21
3.545372
31
7.6
 0
TEXT
 8
TEXTO_RAMAS
 6
CONTINUOUS
 62
94
10
4.032637
20
3.581373
30
7.1
11
4.032637
21
3.581373
31
7.1
 1
7 Ø1 1/4"
 7
ROMANS
 40
0.06
 41
1
 50
315.419321
 72
1
 73
0
 0
TEXT
 8
TEXTO_RAMAS
 6
CONTINUOUS
 62
94
10
3.962446
20
3.510146
30
7.1
11
3.962446
21
3.510146
31
7.1
 1
0m
 7
ROMANS
 40
0.06
 41
1
 50
315.419321
 72
1
 73
3
 0
LINE
 8
UNIFILAR
 6
CONTINUOUS
 62
94
10
3.967143
20
3.561598
30
6.6
11
3.487917
21
3.808379
31
6.6
 0
TEXT
 8
TEXTO_RAMAS
 6
CONTINUOUS
 62
94
10
3.718748
20
3.745751
30
6.6
11
3.718748
21
3.745751
31
6.6
 1
43 Ø1 1/4"
 7
ROMANS
 40
0.06
 41
1
 50
332.753468
 72
1
 73
0
 0
TEXT
 8
TEXTO_RAMAS
 6
CONTINUOUS
 62
94
10
3.672966
20
3.656847
30
6.6
11
3.672966
21
3.656847
31
6.6
 1
0.68m
 7
ROMANS
 40
0.06
 41
1
 50
332.753468
 72
1
 73
3
 0
LINE
 8
UNIFILAR
 6
CONTINUOUS
 62
94
10
3.997935
20
3.511622
30
7.6
11
3.997935
21
2.456867
31
7.6
 0
TEXT
 8
TEXTO_RAMAS
 6
CONTINUOUS
 62
94
10
3.947935
20
2.984244
30
7.6
11
3.947935
21
2.984244
31
7.6
 1
8 Ø1 1/4"
 7
ROMANS
 40
0.06
 41
1
 50
90
 72
1
 73
0
 0
TEXT
 8
TEXTO_RAMAS
 6
CONTINUOUS
 62
94
10
4.047935
20
2.984244
30
7.6
11
4.047935
21
2.984244
31
7.6
 1
1.12m
 7
ROMANS
 40
0.06
 41
1
 50
90
 72
1
 73
3
 0
LINE
 8
UNIFILAR
 6
CONTINUOUS
 62
94
10
9.038587
20
0.143725
30
7.6
11
9.038587
21
2.156225
31
7.6
 0
TEXT
 8
TEXTO_RAMAS
 6
CONTINUOUS
 62
94
10
8.988587
20
1.149975
30
7.6
11
8.988587
21
1.149975
31
7.6
 1
13 Ø1"
 7
ROMANS
 40
0.06
 41
1
 50
90
 72
1
 73
0
 0
TEXT
 8
TEXTO_RAMAS
 6
CONTINUOUS
 62
94
10
9.088587
20
1.149975
30
7.6
11
9.088587
21
1.149975
31
7.6
 1
2.08m
 7
ROMANS
 40
0.06
 41
1
 50
90
 72
1
 73
3
 0
LINE
 8
UNIFILAR
 6
CONTINUOUS
 62
94
10
9.072337
20
2.189975
30
7.6
11
10.558109
21
2.189975
31
7.6
 0
TEXT
 8
TEXTO_RAMAS
 6
CONTINUOUS
 62
94
10
9.83116
20
2.239975
30
7.6
11
9.83116
21
2.239975
31
7.6
 1
14 Ø1"
 7
ROMANS
 40
0.06
 41
1
 50
0
 72
1
 73
0
 0
TEXT
 8
TEXTO_RAMAS
 6
CONTINUOUS
 62
94
10
9.83116
20
2.139975
30
7.6
11
9.83116
21
2.139975
31
7.6
 1
1.59m
 7
ROMANS
 40
0.06
 41
1
 50
0
 72
1
 73
3
 0
LINE
 8
UNIFILAR
 6
CONTINUOUS
 62
94
10
9.072337
20
0.109975
30
7.6
11
12.896966
21
0.109975
31
7.6
 0
TEXT
 8
TEXTO_RAMAS
 6
CONTINUOUS
 62
94
10
11.000589
20
0.159975
30
7.6
11
11.000589
21
0.159975
31
7.6
 1
16 Ø1 1/4"
 7
ROMANS
 40
0.06
 41
1
 50
0
 72
1
 73
0
 0
TEXT
 8
TEXTO_RAMAS
 6
CONTINUOUS
 62
94
10
11.000589
20
0.059975
30
7.6
11
11.000589
21
0.059975
31
7.6
 1
3.92m
 7
ROMANS
 40
0.06
 41
1
 50
0
 72
1
 73
3
 0
LINE
 8
UNIFILAR
 6
CONTINUOUS
 62
94
10
13.028216
20
0.109975
30
7.6
11
16.278314
21
0.109975
31
7.6
 0
LINE
 8
UNIFILAR
 6
CONTINUOUS
 62
94
10
16.293315
20
0.124975
30
7.6
11
16.293336
21
1.276621
31
7.6
 0
TEXT
 8
TEXTO_RAMAS
 6
CONTINUOUS
 62
94
10
14.627953
20
0.159975
30
7.6
11
14.627953
21
0.159975
31
7.6
 1
17 Ø1 1/4"
 7
ROMANS
 40
0.06
 41
1
 50
0
 72
1
 73
0
 0
TEXT
 8
TEXTO_RAMAS
 6
CONTINUOUS
 62
94
10
14.627953
20
0.059975
30
7.6
11
14.627953
21
0.059975
31
7.6
 1
4.56m
 7
ROMANS
 40
0.06
 41
1
 50
0
 72
1
 73
3
 0
LINE
 8
UNIFILAR
 6
CONTINUOUS
 62
94
10
16.358962
20
1.342246
30
7.6
11
18.767712
21
1.342246
31
7.6
 0
TEXT
 8
TEXTO_RAMAS
 6
CONTINUOUS
 62
94
10
17.563337
20
1.392246
30
7.6
11
17.563337
21
1.392246
31
7.6
 1
18 Ø1"
 7
ROMANS
 40
0.06
 41
1
 50
0
 72
1
 73
0
 0
TEXT
 8
TEXTO_RAMAS
 6
CONTINUOUS
 62
94
10
17.563337
20
1.292246
30
7.6
11
17.563337
21
1.292246
31
7.6
 1
2.54m
 7
ROMANS
 40
0.06
 41
1
 50
0
 72
1
 73
3
 0
LINE
 8
UNIFILAR
 6
CONTINUOUS
 62
94
10
16.293331
20
1.407871
30
7.6
11
16.293156
21
3.344674
31
7.6
 0
TEXT
 8
TEXTO_RAMAS
 6
CONTINUOUS
 62
94
10
16.343245
20
2.36034
30
7.6
11
16.343245
21
2.36034
31
7.6
 1
19 Ø1 1/4"
 7
ROMANS
 40
0.06
 41
1
 50
270.005183
 72
1
 73
0
 0
TEXT
 8
TEXTO_RAMAS
 6
CONTINUOUS
 62
94
10
16.243245
20
2.360331
30
7.6
11
16.243245
21
2.360331
31
7.6
 1
2.04m
 7
ROMANS
 40
0.06
 41
1
 50
270.005183
 72
1
 73
3
 0
LINE
 8
UNIFILAR
 6
CONTINUOUS
 62
94
10
9.010319
20
2.208414
30
7.6
11
7.313552
21
3.315198
31
7.6
 0
TEXT
 8
TEXTO_RAMAS
 6
CONTINUOUS
 62
94
10
8.175904
20
2.812391
30
7.6
11
8.175904
21
2.812391
31
7.6
 1
15 Ø1"
 7
ROMANS
 40
0.06
 41
1
 50
326.88401
 72
1
 73
0
 0
TEXT
 8
TEXTO_RAMAS
 6
CONTINUOUS
 62
94
10
8.12127
20
2.728635
30
7.6
11
8.12127
21
2.728635
31
7.6
 1
2.13m
 7
ROMANS
 40
0.06
 41
1
 50
326.88401
 72
1
 73
3
 0
LINE
 8
UNIFILAR
 6
CONTINUOUS
 62
94
10
16.269288
20
3.402289
30
7.6
11
15.137476
21
4.534102
31
7.6
 0
TEXT
 8
TEXTO_RAMAS
 6
CONTINUOUS
 62
94
10
15.727468
20
4.01482
30
7.6
11
15.727468
21
4.01482
31
7.6
 1
20 Ø1"
 7
ROMANS
 40
0.06
 41
1
 50
315
 72
1
 73
0
 0
TEXT
 8
TEXTO_RAMAS
 6
CONTINUOUS
 62
94
10
15.656757
20
3.94411
30
7.6
11
15.656757
21
3.94411
31
7.6
 1
1.7m
 7
ROMANS
 40
0.06
 41
1
 50
315
 72
1
 73
3
 0
LINE
 8
UNIFILAR
 6
CONTINUOUS
 62
94
10
16.326903
20
3.378424
30
7.6
11
19.181778
21
3.378424
31
7.6
 0
TEXT
 8
TEXTO_RAMAS
 6
CONTINUOUS
 62
94
10
17.770278
20
3.428424
30
7.6
11
17.770278
21
3.428424
31
7.6
 1
21 Ø1 1/4"
 7
ROMANS
 40
0.06
 41
1
 50
0
 72
1
 73
0
 0
TEXT
 8
TEXTO_RAMAS
 6
CONTINUOUS
 62
94
10
17.770278
20
3.328424
30
7.6
11
17.770278
21
3.328424
31
7.6
 1
2.95m
 7
ROMANS
 40
0.06
 41
1
 50
0
 72
1
 73
3
 0
LINE
 8
UNIFILAR
 6
CONTINUOUS
 62
94
10
19.313027
20
3.378165
30
7.6
11
20.092396
21
3.375082
31
7.6
 0
LINE
 8
UNIFILAR
 6
CONTINUOUS
 62
94
10
20.118666
20
3.384921
30
7.6
11
21.208132
21
4.341772
31
7.6
 0
LINE
 8
UNIFILAR
 6
CONTINUOUS
 62
94
10
21.234403
20
4.35167
30
7.6
11
23.526736
21
4.35167
31
7.6
 0
TEXT
 8
TEXTO_RAMAS
 6
CONTINUOUS
 62
94
10
22.405882
20
4.40167
30
7.6
11
22.405882
21
4.40167
31
7.6
 1
22 Ø1"
 7
ROMANS
 40
0.06
 41
1
 50
0
 72
1
 73
0
 0
TEXT
 8
TEXTO_RAMAS
 6
CONTINUOUS
 62
94
10
22.405882
20
4.30167
30
7.6
11
22.405882
21
4.30167
31
7.6
 1
4.71m
 7
ROMANS
 40
0.06
 41
1
 50
0
 72
1
 73
3
 0
LINE
 8
UNIFILAR
 6
CONTINUOUS
 62
94
10
23.657986
20
4.35167
30
7.6
11
27.215308
21
4.35167
31
7.6
 0
LINE
 8
UNIFILAR
 6
CONTINUOUS
 62
94
10
27.230308
20
4.33667
30
7.6
11
27.230308
21
3.801234
31
7.6
 0
TEXT
 8
TEXTO_RAMAS
 6
CONTINUOUS
 62
94
10
25.411335
20
4.40167
30
7.6
11
25.411335
21
4.40167
31
7.6
 1
23 Ø1"
 7
ROMANS
 40
0.06
 41
1
 50
0
 72
1
 73
0
 0
TEXT
 8
TEXTO_RAMAS
 6
CONTINUOUS
 62
94
10
25.411335
20
4.30167
30
7.6
11
25.411335
21
4.30167
31
7.6
 1
4.25m
 7
ROMANS
 40
0.06
 41
1
 50
0
 72
1
 73
3
 0
LINE
 8
UNIFILAR
 6
CONTINUOUS
 62
94
10
1.373749
20
8.972208
30
7.6
11
3.964185
21
8.972214
31
7.6
 0
TEXT
 8
TEXTO_RAMAS
 6
CONTINUOUS
 62
94
10
2.653029
20
9.022211
30
7.6
11
2.653029
21
9.022211
31
7.6
 1
26 Ø1"
 7
ROMANS
 40
0.06
 41
1
 50
0.000139
 72
1
 73
0
 0
TEXT
 8
TEXTO_RAMAS
 6
CONTINUOUS
 62
94
10
2.653029
20
8.922211
30
7.6
11
2.653029
21
8.922211
31
7.6
 1
2.69m
 7
ROMANS
 40
0.06
 41
1
 50
0.000139
 72
1
 73
3
 0
LINE
 8
UNIFILAR
 6
CONTINUOUS
 62
94
10
5.015403
20
9.787558
30
7.6
11
4.029711
21
9.787558
31
7.6
 0
TEXT
 8
TEXTO_RAMAS
 6
CONTINUOUS
 62
94
10
4.538495
20
9.837558
30
7.6
11
4.538495
21
9.837558
31
7.6
 1
28 Ø1"
 7
ROMANS
 40
0.06
 41
1
 50
0
 72
1
 73
0
 0
TEXT
 8
TEXTO_RAMAS
 6
CONTINUOUS
 62
94
10
4.538495
20
9.737558
30
7.6
11
4.538495
21
9.737558
31
7.6
 1
1.09m
 7
ROMANS
 40
0.06
 41
1
 50
0
 72
1
 73
3
 0
LINE
 8
UNIFILAR
 6
CONTINUOUS
 62
94
10
3.997853
20
9.005964
30
7.6
11
3.996043
21
9.753808
31
7.6
 0
TEXT
 8
TEXTO_RAMAS
 6
CONTINUOUS
 62
94
10
4.046948
20
9.380007
30
7.6
11
4.046948
21
9.380007
31
7.6
 1
27 Ø1 1/4"
 7
ROMANS
 40
0.06
 41
1
 50
270.138692
 72
1
 73
0
 0
TEXT
 8
TEXTO_RAMAS
 6
CONTINUOUS
 62
94
10
3.946948
20
9.379765
30
7.6
11
3.946948
21
9.379765
31
7.6
 1
0.82m
 7
ROMANS
 40
0.06
 41
1
 50
270.138692
 72
1
 73
3
 0
LINE
 8
UNIFILAR
 6
CONTINUOUS
 62
94
10
3.995961
20
9.821308
30
7.6
11
3.995961
21
11.270356
31
7.6
 0
LINE
 8
UNIFILAR
 6
CONTINUOUS
 62
94
10
4.010961
20
11.285356
30
7.6
11
9.004837
21
11.285356
31
7.6
 0
TEXT
 8
TEXTO_RAMAS
 6
CONTINUOUS
 62
94
10
6.517274
20
11.335356
30
7.6
11
6.517274
21
11.335356
31
7.6
 1
29 Ø1 1/4"
 7
ROMANS
 40
0.06
 41
1
 50
0
 72
1
 73
0
 0
TEXT
 8
TEXTO_RAMAS
 6
CONTINUOUS
 62
94
10
6.517274
20
11.235356
30
7.6
11
6.517274
21
11.235356
31
7.6
 1
6.54m
 7
ROMANS
 40
0.06
 41
1
 50
0
 72
1
 73
3
 0
LINE
 8
UNIFILAR
 6
CONTINUOUS
 62
94
10
9.038587
20
11.251606
30
7.6
11
9.038587
21
9.239106
31
7.6
 0
TEXT
 8
TEXTO_RAMAS
 6
CONTINUOUS
 62
94
10
8.988587
20
10.245356
30
7.6
11
8.988587
21
10.245356
31
7.6
 1
30 Ø1"
 7
ROMANS
 40
0.06
 41
1
 50
90
 72
1
 73
0
 0
TEXT
 8
TEXTO_RAMAS
 6
CONTINUOUS
 62
94
10
9.088587
20
10.245356
30
7.6
11
9.088587
21
10.245356
31
7.6
 1
2.08m
 7
ROMANS
 40
0.06
 41
1
 50
90
 72
1
 73
3
 0
LINE
 8
UNIFILAR
 6
CONTINUOUS
 62
94
10
9.072337
20
9.205356
30
7.6
11
10.558109
21
9.205356
31
7.6
 0
TEXT
 8
TEXTO_RAMAS
 6
CONTINUOUS
 62
94
10
9.83116
20
9.255356
30
7.6
11
9.83116
21
9.255356
31
7.6
 1
31 Ø1"
 7
ROMANS
 40
0.06
 41
1
 50
0
 72
1
 73
0
 0
TEXT
 8
TEXTO_RAMAS
 6
CONTINUOUS
 62
94
10
9.83116
20
9.155356
30
7.6
11
9.83116
21
9.155356
31
7.6
 1
1.59m
 7
ROMANS
 40
0.06
 41
1
 50
0
 72
1
 73
3
 0
LINE
 8
UNIFILAR
 6
CONTINUOUS
 62
94
10
9.072337
20
11.285356
30
7.6
11
12.896966
21
11.285356
31
7.6
 0
TEXT
 8
TEXTO_RAMAS
 6
CONTINUOUS
 62
94
10
11.000589
20
11.335356
30
7.6
11
11.000589
21
11.335356
31
7.6
 1
33 Ø1 1/4"
 7
ROMANS
 40
0.06
 41
1
 50
0
 72
1
 73
0
 0
TEXT
 8
TEXTO_RAMAS
 6
CONTINUOUS
 62
94
10
11.000589
20
11.235356
30
7.6
11
11.000589
21
11.235356
31
7.6
 1
3.92m
 7
ROMANS
 40
0.06
 41
1
 50
0
 72
1
 73
3
 0
LINE
 8
UNIFILAR
 6
CONTINUOUS
 62
94
10
13.028216
20
11.285356
30
7.6
11
16.278314
21
11.285356
31
7.6
 0
LINE
 8
UNIFILAR
 6
CONTINUOUS
 62
94
10
16.293315
20
11.270356
30
7.6
11
16.293336
21
10.11871
31
7.6
 0
TEXT
 8
TEXTO_RAMAS
 6
CONTINUOUS
 62
94
10
14.627953
20
11.335356
30
7.6
11
14.627953
21
11.335356
31
7.6
 1
34 Ø1 1/4"
 7
ROMANS
 40
0.06
 41
1
 50
0
 72
1
 73
0
 0
TEXT
 8
TEXTO_RAMAS
 6
CONTINUOUS
 62
94
10
14.627953
20
11.235356
30
7.6
11
14.627953
21
11.235356
31
7.6
 1
4.56m
 7
ROMANS
 40
0.06
 41
1
 50
0
 72
1
 73
3
 0
LINE
 8
UNIFILAR
 6
CONTINUOUS
 62
94
10
16.358962
20
10.053085
30
7.6
11
18.767712
21
10.053085
31
7.6
 0
TEXT
 8
TEXTO_RAMAS
 6
CONTINUOUS
 62
94
10
17.563337
20
10.103085
30
7.6
11
17.563337
21
10.103085
31
7.6
 1
35 Ø1"
 7
ROMANS
 40
0.06
 41
1
 50
0
 72
1
 73
0
 0
TEXT
 8
TEXTO_RAMAS
 6
CONTINUOUS
 62
94
10
17.563337
20
10.003085
30
7.6
11
17.563337
21
10.003085
31
7.6
 1
2.54m
 7
ROMANS
 40
0.06
 41
1
 50
0
 72
1
 73
3
 0
LINE
 8
UNIFILAR
 6
CONTINUOUS
 62
94
10
16.293331
20
9.98746
30
7.6
11
16.293156
21
8.050657
31
7.6
 0
TEXT
 8
TEXTO_RAMAS
 6
CONTINUOUS
 62
94
10
16.243245
20
9.035
30
7.6
11
16.243245
21
9.035
31
7.6
 1
36 Ø1 1/4"
 7
ROMANS
 40
0.06
 41
1
 50
89.994817
 72
1
 73
0
 0
TEXT
 8
TEXTO_RAMAS
 6
CONTINUOUS
 62
94
10
16.343245
20
9.034991
30
7.6
11
16.343245
21
9.034991
31
7.6
 1
2.04m
 7
ROMANS
 40
0.06
 41
1
 50
89.994817
 72
1
 73
3
 0
LINE
 8
UNIFILAR
 6
CONTINUOUS
 62
94
10
9.010319
20
9.186917
30
7.6
11
7.313552
21
8.080134
31
7.6
 0
TEXT
 8
TEXTO_RAMAS
 6
CONTINUOUS
 62
94
10
8.12127
20
8.666696
30
7.6
11
8.12127
21
8.666696
31
7.6
 1
32 Ø1"
 7
ROMANS
 40
0.06
 41
1
 50
33.11599
 72
1
 73
0
 0
TEXT
 8
TEXTO_RAMAS
 6
CONTINUOUS
 62
94
10
8.175904
20
8.58294
30
7.6
11
8.175904
21
8.58294
31
7.6
 1
2.13m
 7
ROMANS
 40
0.06
 41
1
 50
33.11599
 72
1
 73
3
 0
LINE
 8
UNIFILAR
 6
CONTINUOUS
 62
94
10
16.269288
20
7.993042
30
7.6
11
15.137476
21
6.861229
31
7.6
 0
TEXT
 8
TEXTO_RAMAS
 6
CONTINUOUS
 62
94
10
15.656757
20
7.451222
30
7.6
11
15.656757
21
7.451222
31
7.6
 1
37 Ø1"
 7
ROMANS
 40
0.06
 41
1
 50
45
 72
1
 73
0
 0
TEXT
 8
TEXTO_RAMAS
 6
CONTINUOUS
 62
94
10
15.727468
20
7.380511
30
7.6
11
15.727468
21
7.380511
31
7.6
 1
1.7m
 7
ROMANS
 40
0.06
 41
1
 50
45
 72
1
 73
3
 0
LINE
 8
UNIFILAR
 6
CONTINUOUS
 62
94
10
16.326903
20
8.016907
30
7.6
11
19.181778
21
8.016907
31
7.6
 0
TEXT
 8
TEXTO_RAMAS
 6
CONTINUOUS
 62
94
10
17.770278
20
8.066907
30
7.6
11
17.770278
21
8.066907
31
7.6
 1
38 Ø1 1/4"
 7
ROMANS
 40
0.06
 41
1
 50
0
 72
1
 73
0
 0
TEXT
 8
TEXTO_RAMAS
 6
CONTINUOUS
 62
94
10
17.770278
20
7.966907
30
7.6
11
17.770278
21
7.966907
31
7.6
 1
2.95m
 7
ROMANS
 40
0.06
 41
1
 50
0
 72
1
 73
3
 0
LINE
 8
UNIFILAR
 6
CONTINUOUS
 62
94
10
19.313027
20
8.017167
30
7.6
11
20.092396
21
8.02025
31
7.6
 0
LINE
 8
UNIFILAR
 6
CONTINUOUS
 62
94
10
20.118666
20
8.01041
30
7.6
11
21.208132
21
7.053559
31
7.6
 0
LINE
 8
UNIFILAR
 6
CONTINUOUS
 62
94
10
21.234403
20
7.043661
30
7.6
11
23.526736
21
7.043661
31
7.6
 0
TEXT
 8
TEXTO_RAMAS
 6
CONTINUOUS
 62
94
10
22.405882
20
7.093661
30
7.6
11
22.405882
21
7.093661
31
7.6
 1
39 Ø1"
 7
ROMANS
 40
0.06
 41
1
 50
0
 72
1
 73
0
 0
TEXT
 8
TEXTO_RAMAS
 6
CONTINUOUS
 62
94
10
22.405882
20
6.993661
30
7.6
11
22.405882
21
6.993661
31
7.6
 1
4.71m
 7
ROMANS
 40
0.06
 41
1
 50
0
 72
1
 73
3
 0
LINE
 8
UNIFILAR
 6
CONTINUOUS
 62
94
10
23.657986
20
7.043661
30
7.6
11
27.215308
21
7.043661
31
7.6
 0
LINE
 8
UNIFILAR
 6
CONTINUOUS
 62
94
10
27.230308
20
7.058661
30
7.6
11
27.230308
21
7.594097
31
7.6
 0
TEXT
 8
TEXTO_RAMAS
 6
CONTINUOUS
 62
94
10
25.411335
20
7.093661
30
7.6
11
25.411335
21
7.093661
31
7.6
 1
40 Ø1"
 7
ROMANS
 40
0.06
 41
1
 50
0
 72
1
 73
0
 0
TEXT
 8
TEXTO_RAMAS
 6
CONTINUOUS
 62
94
10
25.411335
20
6.993661
30
7.6
11
25.411335
21
6.993661
31
7.6
 1
4.25m
 7
ROMANS
 40
0.06
 41
1
 50
360
 72
1
 73
3
 0
LINE
 8
UNIFILAR
 6
CONTINUOUS
 62
94
10
3.997935
20
3.579122
30
7.6
11
3.997935
21
5.621622
31
7.6
 0
TEXT
 8
TEXTO_RAMAS
 6
CONTINUOUS
 62
94
10
3.947935
20
4.600372
30
7.6
11
3.947935
21
4.600372
31
7.6
 1
24 Ø1 1/4"
 7
ROMANS
 40
0.06
 41
1
 50
90
 72
1
 73
0
 0
TEXT
 8
TEXTO_RAMAS
 6
CONTINUOUS
 62
94
10
4.047935
20
4.600372
30
7.6
11
4.047935
21
4.600372
31
7.6
 1
2.11m
 7
ROMANS
 40
0.06
 41
1
 50
90
 72
1
 73
3
 0
LINE
 8
UNIFILAR
 6
CONTINUOUS
 62
94
10
3.997935
20
5.689122
30
7.6
11
3.997935
21
8.938465
31
7.6
 0
TEXT
 8
TEXTO_RAMAS
 6
CONTINUOUS
 62
94
10
3.947935
20
7.313793
30
7.6
11
3.947935
21
7.313793
31
7.6
 1
25 Ø1 1/4"
 7
ROMANS
 40
0.06
 41
1
 50
90
 72
1
 73
0
 0
TEXT
 8
TEXTO_RAMAS
 6
CONTINUOUS
 62
94
10
4.047935
20
7.313793
30
7.6
11
4.047935
21
7.313793
31
7.6
 1
3.32m
 7
ROMANS
 40
0.06
 41
1
 50
90
 72
1
 73
3
 0
LINE
 8
UNIFILAR
 6
CONTINUOUS
 62
94
10
3.964185
20
5.655372
30
7.6
11
3.623671
21
5.655372
31
7.6
 0
TEXT
 8
TEXTO_RAMAS
 6
CONTINUOUS
 62
94
10
3.77799
20
5.705372
30
7.6
11
3.77799
21
5.705372
31
7.6
 1
41 Ø1"
 7
ROMANS
 40
0.06
 41
1
 50
0
 72
1
 73
0
 0
TEXT
 8
TEXTO_RAMAS
 6
CONTINUOUS
 62
94
10
3.77799
20
5.605372
30
7.6
11
3.77799
21
5.605372
31
7.6
 1
0.44m
 7
ROMANS
 40
0.06
 41
1
 50
0
 72
1
 73
3
 0
LINE
 8
UNIFILAR
 6
CONTINUOUS
 62
94
10
3.492421
20
5.655372
30
7.6
11
2.603046
21
5.655372
31
7.6
 0
LINE
 8
UNIFILAR
 6
CONTINUOUS
 62
94
10
2.573046
20
5.655383
30
7.6
11
0.843046
21
5.656667
31
6.48
 0
LINE
 8
UNIFILAR
 6
CONTINUOUS
 62
94
10
0.813046
20
5.656678
30
6.48
11
0.133697
21
5.656678
31
6.48
 0
TEXT
 8
TEXTO_RAMAS
 6
CONTINUOUS
 62
94
10
1.708083
20
5.706025
30
7.04
11
1.708083
21
5.706025
31
7.04
 1
42 Ø1"
 7
ROMANS
 40
0.06
 41
1
 50
359.957481
 72
1
 73
0
 0
TEXT
 8
TEXTO_RAMAS
 6
CONTINUOUS
 62
94
10
1.708009
20
5.606025
30
7.04
11
1.708009
21
5.606025
31
7.04
 1
3.49m
 7
ROMANS
 40
0.06
 41
1
 50
359.957481
 72
1
 73
3
 0
INSERT
 8
UNIFILAR
 6
CONTINUOUS
 62
94
 2
CONEXION_PLANTAS_IPCI
10
4.333153
20
3.548424
30
7.7
41
0.022
42
0.022
43
1
 50
0
 0
TEXT
 8
TEXTO_NUDOS
 6
CONTINUOUS
 62
94
10
4.333153
20
3.631424
30
7.7
11
4.333153
21
3.631424
31
7.7
 1
45
 7
ROMANS
 40
0.06
 41
1
 50
0
 72
1
 73
0
 0
INSERT
 8
UNIFILAR
 6
CONTINUOUS
 62
94
 2
BOCA_INCENDIOS_IPCI
10
3.394566
20
3.856451
30
9.2
41
0.0525
42
0.0525
43
1
 50
332.5
 0
TEXT
 8
TEXTO_NUDOS
 6
CONTINUOUS
 62
94
10
3.394566
20
3.969451
30
9.2
11
3.394566
21
3.969451
31
9.2
 1
83
 7
ROMANS
 40
0.06
 41
1
 50
0
 72
1
 73
0
 0
INSERT
 8
UNIFILAR
 6
CONTINUOUS
 62
94
 2
NUDO_PASO_IPCI
10
3.995961
20
0.109975
30
10.2
41
0.02
42
0.02
43
1
 50
0
 0
INSERT
 8
UNIFILAR
 6
CONTINUOUS
 62
94
 2
NUDO_PASO_IPCI
10
16.293314
20
0.109975
30
10.2
41
0.02
42
0.02
43
1
 50
0
 0
INSERT
 8
UNIFILAR
 6
CONTINUOUS
 62
94
 2
NUDO_DERIVACION_IPCI
10
16.293153
20
3.378424
30
10.2
41
0.045
42
0.045
43
1
 50
0
 0
TEXT
 8
TEXTO_NUDOS
 6
CONTINUOUS
 62
94
10
16.293153
20
3.462174
30
10.2
11
16.293153
21
3.462174
31
10.2
 1
59
 7
ROMANS
 40
0.06
 41
1
 50
0
 72
1
 73
0
 0
INSERT
 8
UNIFILAR
 6
CONTINUOUS
 62
94
 2
ROCIADOR_AUTOMATICO_IPCI
10
5.081028
20
1.607773
30
10.2
41
0.04375
42
0.04375
43
1
 50
0
 0
TEXT
 8
TEXTO_NUDOS
 6
CONTINUOUS
 62
94
10
5.081028
20
1.723398
30
10.2
11
5.081028
21
1.723398
31
10.2
 1
51
 7
ROMANS
 40
0.06
 41
1
 50
0
 72
1
 73
0
 0
INSERT
 8
UNIFILAR
 6
CONTINUOUS
 62
94
 2
ROCIADOR_AUTOMATICO_IPCI
10
1.308124
20
2.423123
30
10.2
41
0.04375
42
0.04375
43
1
 50
0
 0
TEXT
 8
TEXTO_NUDOS
 6
CONTINUOUS
 62
94
10
1.308124
20
2.538748
30
10.2
11
1.308124
21
2.538748
31
10.2
 1
49
 7
ROMANS
 40
0.06
 41
1
 50
0
 72
1
 73
0
 0
INSERT
 8
UNIFILAR
 6
CONTINUOUS
 62
94
 2
NUDO_DERIVACION_IPCI
10
3.997935
20
2.423117
30
10.2
41
0.045
42
0.045
43
1
 50
0
 0
TEXT
 8
TEXTO_NUDOS
 6
CONTINUOUS
 62
94
10
3.997935
20
2.506867
30
10.2
11
3.997935
21
2.506867
31
10.2
 1
48
 7
ROMANS
 40
0.06
 41
1
 50
0
 72
1
 73
0
 0
INSERT
 8
UNIFILAR
 6
CONTINUOUS
 62
94
 2
NUDO_DERIVACION_IPCI
10
3.995961
20
1.607773
30
10.2
41
0.045
42
0.045
43
1
 50
0
 0
TEXT
 8
TEXTO_NUDOS
 6
CONTINUOUS
 62
94
10
3.995961
20
1.691523
30
10.2
11
3.995961
21
1.691523
31
10.2
 1
50
 7
ROMANS
 40
0.06
 41
1
 50
0
 72
1
 73
0
 0
INSERT
 8
UNIFILAR
 6
CONTINUOUS
 62
94
 2
NUDO_PASO_IPCI
10
3.994242
20
3.548424
30
7.7
41
0.02
42
0.02
43
1
 50
0
 0
INSERT
 8
UNIFILAR
 6
CONTINUOUS
 62
94
 2
NUDO_DERIVACION_IPCI
10
3.997148
20
3.546147
30
9.2
41
0.045
42
0.045
43
1
 50
0
 0
TEXT
 8
TEXTO_NUDOS
 6
CONTINUOUS
 62
94
10
3.997148
20
3.629897
30
9.2
11
3.997148
21
3.629897
31
9.2
 1
46
 7
ROMANS
 40
0.06
 41
1
 50
0
 72
1
 73
0
 0
INSERT
 8
UNIFILAR
 6
CONTINUOUS
 62
94
 2
NUDO_DERIVACION_IPCI
10
3.997935
20
3.545372
30
10.2
41
0.045
42
0.045
43
1
 50
0
 0
TEXT
 8
TEXTO_NUDOS
 6
CONTINUOUS
 62
94
10
3.997935
20
3.629122
30
10.2
11
3.997935
21
3.629122
31
10.2
 1
47
 7
ROMANS
 40
0.06
 41
1
 50
0
 72
1
 73
0
 0
INSERT
 8
UNIFILAR
 6
CONTINUOUS
 62
94
 2
ROCIADOR_AUTOMATICO_IPCI
10
7.258587
20
3.351051
30
10.2
41
0.04375
42
0.04375
43
1
 50
0
 0
TEXT
 8
TEXTO_NUDOS
 6
CONTINUOUS
 62
94
10
7.258587
20
3.466676
30
10.2
11
7.258587
21
3.466676
31
10.2
 1
55
 7
ROMANS
 40
0.06
 41
1
 50
0
 72
1
 73
0
 0
INSERT
 8
UNIFILAR
 6
CONTINUOUS
 62
94
 2
ROCIADOR_AUTOMATICO_IPCI
10
12.962591
20
0.109975
30
10.2
41
0.04375
42
0.04375
43
1
 50
0
 0
TEXT
 8
TEXTO_NUDOS
 6
CONTINUOUS
 62
94
10
12.962591
20
0.2256
30
10.2
11
12.962591
21
0.2256
31
10.2
 1
56
 7
ROMANS
 40
0.06
 41
1
 50
0
 72
1
 73
0
 0
INSERT
 8
UNIFILAR
 6
CONTINUOUS
 62
94
 2
ROCIADOR_AUTOMATICO_IPCI
10
15.091072
20
4.580506
30
10.2
41
0.04375
42
0.04375
43
1
 50
0
 0
TEXT
 8
TEXTO_NUDOS
 6
CONTINUOUS
 62
94
10
15.091072
20
4.696131
30
10.2
11
15.091072
21
4.696131
31
10.2
 1
60
 7
ROMANS
 40
0.06
 41
1
 50
0
 72
1
 73
0
 0
INSERT
 8
UNIFILAR
 6
CONTINUOUS
 62
94
 2
ROCIADOR_AUTOMATICO_IPCI
10
18.833337
20
1.342246
30
10.2
41
0.04375
42
0.04375
43
1
 50
0
 0
TEXT
 8
TEXTO_NUDOS
 6
CONTINUOUS
 62
94
10
18.833337
20
1.457871
30
10.2
11
18.833337
21
1.457871
31
10.2
 1
58
 7
ROMANS
 40
0.06
 41
1
 50
0
 72
1
 73
0
 0
INSERT
 8
UNIFILAR
 6
CONTINUOUS
 62
94
 2
ROCIADOR_AUTOMATICO_IPCI
10
16.293337
20
1.342246
30
10.2
41
0.04375
42
0.04375
43
1
 50
0
 0
TEXT
 8
TEXTO_NUDOS
 6
CONTINUOUS
 62
94
10
16.293337
20
1.457871
30
10.2
11
16.293337
21
1.457871
31
10.2
 1
57
 7
ROMANS
 40
0.06
 41
1
 50
0
 72
1
 73
0
 0
INSERT
 8
UNIFILAR
 6
CONTINUOUS
 62
94
 2
ROCIADOR_AUTOMATICO_IPCI
10
19.247403
20
3.378424
30
10.2
41
0.04375
42
0.04375
43
1
 50
0
 0
TEXT
 8
TEXTO_NUDOS
 6
CONTINUOUS
 62
94
10
19.247403
20
3.494049
30
10.2
11
19.247403
21
3.494049
31
10.2
 1
61
 7
ROMANS
 40
0.06
 41
1
 50
0
 72
1
 73
0
 0
INSERT
 8
UNIFILAR
 6
CONTINUOUS
 62
94
 2
NUDO_DERIVACION_IPCI
10
9.038587
20
0.109975
30
10.2
41
0.045
42
0.045
43
1
 50
0
 0
TEXT
 8
TEXTO_NUDOS
 6
CONTINUOUS
 62
94
10
9.038587
20
0.193725
30
10.2
11
9.038587
21
0.193725
31
10.2
 1
52
 7
ROMANS
 40
0.06
 41
1
 50
0
 72
1
 73
0
 0
INSERT
 8
UNIFILAR
 6
CONTINUOUS
 62
94
 2
ROCIADOR_AUTOMATICO_IPCI
10
10.623734
20
2.189975
30
10.2
41
0.04375
42
0.04375
43
1
 50
0
 0
TEXT
 8
TEXTO_NUDOS
 6
CONTINUOUS
 62
94
10
10.623734
20
2.3056
30
10.2
11
10.623734
21
2.3056
31
10.2
 1
54
 7
ROMANS
 40
0.06
 41
1
 50
0
 72
1
 73
0
 0
INSERT
 8
UNIFILAR
 6
CONTINUOUS
 62
94
 2
NUDO_DERIVACION_IPCI
10
9.038587
20
2.189975
30
10.2
41
0.045
42
0.045
43
1
 50
0
 0
TEXT
 8
TEXTO_NUDOS
 6
CONTINUOUS
 62
94
10
9.038587
20
2.273725
30
10.2
11
9.038587
21
2.273725
31
10.2
 1
53
 7
ROMANS
 40
0.06
 41
1
 50
0
 72
1
 73
0
 0
INSERT
 8
UNIFILAR
 6
CONTINUOUS
 62
94
 2
NUDO_PASO_IPCI
10
20.107396
20
3.375022
30
10.2
41
0.02
42
0.02
43
1
 50
0
 0
INSERT
 8
UNIFILAR
 6
CONTINUOUS
 62
94
 2
ROCIADOR_AUTOMATICO_IPCI
10
27.230308
20
3.735609
30
10.2
41
0.04375
42
0.04375
43
1
 50
0
 0
TEXT
 8
TEXTO_NUDOS
 6
CONTINUOUS
 62
94
10
27.230308
20
3.851234
30
10.2
11
27.230308
21
3.851234
31
10.2
 1
63
 7
ROMANS
 40
0.06
 41
1
 50
0
 72
1
 73
0
 0
INSERT
 8
UNIFILAR
 6
CONTINUOUS
 62
94
 2
ROCIADOR_AUTOMATICO_IPCI
10
23.592361
20
4.35167
30
10.2
41
0.04375
42
0.04375
43
1
 50
0
 0
TEXT
 8
TEXTO_NUDOS
 6
CONTINUOUS
 62
94
10
23.592361
20
4.467295
30
10.2
11
23.592361
21
4.467295
31
10.2
 1
62
 7
ROMANS
 40
0.06
 41
1
 50
0
 72
1
 73
0
 0
INSERT
 8
UNIFILAR
 6
CONTINUOUS
 62
94
 2
NUDO_PASO_IPCI
10
21.219403
20
4.35167
30
10.2
41
0.02
42
0.02
43
1
 50
0
 0
INSERT
 8
UNIFILAR
 6
CONTINUOUS
 62
94
 2
NUDO_PASO_IPCI
10
27.230308
20
4.35167
30
10.2
41
0.02
42
0.02
43
1
 50
0
 0
INSERT
 8
UNIFILAR
 6
CONTINUOUS
 62
94
 2
NUDO_PASO_IPCI
10
3.995961
20
11.285356
30
10.2
41
0.02
42
0.02
43
1
 50
0
 0
INSERT
 8
UNIFILAR
 6
CONTINUOUS
 62
94
 2
NUDO_PASO_IPCI
10
16.293314
20
11.285356
30
10.2
41
0.02
42
0.02
43
1
 50
0
 0
INSERT
 8
UNIFILAR
 6
CONTINUOUS
 62
94
 2
NUDO_DERIVACION_IPCI
10
16.293153
20
8.016907
30
10.2
41
0.045
42
0.045
43
1
 50
0
 0
TEXT
 8
TEXTO_NUDOS
 6
CONTINUOUS
 62
94
10
16.293153
20
8.100657
30
10.2
11
16.293153
21
8.100657
31
10.2
 1
76
 7
ROMANS
 40
0.06
 41
1
 50
0
 72
1
 73
0
 0
INSERT
 8
UNIFILAR
 6
CONTINUOUS
 62
94
 2
ROCIADOR_AUTOMATICO_IPCI
10
5.081028
20
9.787558
30
10.2
41
0.04375
42
0.04375
43
1
 50
0
 0
TEXT
 8
TEXTO_NUDOS
 6
CONTINUOUS
 62
94
10
5.081028
20
9.903183
30
10.2
11
5.081028
21
9.903183
31
10.2
 1
68
 7
ROMANS
 40
0.06
 41
1
 50
0
 72
1
 73
0
 0
INSERT
 8
UNIFILAR
 6
CONTINUOUS
 62
94
 2
ROCIADOR_AUTOMATICO_IPCI
10
1.308124
20
8.972208
30
10.2
41
0.04375
42
0.04375
43
1
 50
0
 0
TEXT
 8
TEXTO_NUDOS
 6
CONTINUOUS
 62
94
10
1.308124
20
9.087833
30
10.2
11
1.308124
21
9.087833
31
10.2
 1
66
 7
ROMANS
 40
0.06
 41
1
 50
0
 72
1
 73
0
 0
INSERT
 8
UNIFILAR
 6
CONTINUOUS
 62
94
 2
NUDO_DERIVACION_IPCI
10
3.997935
20
8.972215
30
10.2
41
0.045
42
0.045
43
1
 50
0
 0
TEXT
 8
TEXTO_NUDOS
 6
CONTINUOUS
 62
94
10
3.997935
20
9.055965
30
10.2
11
3.997935
21
9.055965
31
10.2
 1
65
 7
ROMANS
 40
0.06
 41
1
 50
0
 72
1
 73
0
 0
INSERT
 8
UNIFILAR
 6
CONTINUOUS
 62
94
 2
NUDO_DERIVACION_IPCI
10
3.995961
20
9.787558
30
10.2
41
0.045
42
0.045
43
1
 50
0
 0
TEXT
 8
TEXTO_NUDOS
 6
CONTINUOUS
 62
94
10
3.995961
20
9.871308
30
10.2
11
3.995961
21
9.871308
31
10.2
 1
67
 7
ROMANS
 40
0.06
 41
1
 50
0
 72
1
 73
0
 0
INSERT
 8
UNIFILAR
 6
CONTINUOUS
 62
94
 2
ROCIADOR_AUTOMATICO_IPCI
10
7.258587
20
8.04428
30
10.2
41
0.04375
42
0.04375
43
1
 50
0
 0
TEXT
 8
TEXTO_NUDOS
 6
CONTINUOUS
 62
94
10
7.258587
20
8.159905
30
10.2
11
7.258587
21
8.159905
31
10.2
 1
72
 7
ROMANS
 40
0.06
 41
1
 50
0
 72
1
 73
0
 0
INSERT
 8
UNIFILAR
 6
CONTINUOUS
 62
94
 2
ROCIADOR_AUTOMATICO_IPCI
10
12.962591
20
11.285356
30
10.2
41
0.04375
42
0.04375
43
1
 50
0
 0
TEXT
 8
TEXTO_NUDOS
 6
CONTINUOUS
 62
94
10
12.962591
20
11.400981
30
10.2
11
12.962591
21
11.400981
31
10.2
 1
73
 7
ROMANS
 40
0.06
 41
1
 50
0
 72
1
 73
0
 0
INSERT
 8
UNIFILAR
 6
CONTINUOUS
 62
94
 2
ROCIADOR_AUTOMATICO_IPCI
10
15.091072
20
6.814825
30
10.2
41
0.04375
42
0.04375
43
1
 50
0
 0
TEXT
 8
TEXTO_NUDOS
 6
CONTINUOUS
 62
94
10
15.091072
20
6.93045
30
10.2
11
15.091072
21
6.93045
31
10.2
 1
77
 7
ROMANS
 40
0.06
 41
1
 50
0
 72
1
 73
0
 0
INSERT
 8
UNIFILAR
 6
CONTINUOUS
 62
94
 2
ROCIADOR_AUTOMATICO_IPCI
10
18.833337
20
10.053085
30
10.2
41
0.04375
42
0.04375
43
1
 50
0
 0
TEXT
 8
TEXTO_NUDOS
 6
CONTINUOUS
 62
94
10
18.833337
20
10.16871
30
10.2
11
18.833337
21
10.16871
31
10.2
 1
75
 7
ROMANS
 40
0.06
 41
1
 50
0
 72
1
 73
0
 0
INSERT
 8
UNIFILAR
 6
CONTINUOUS
 62
94
 2
ROCIADOR_AUTOMATICO_IPCI
10
16.293337
20
10.053085
30
10.2
41
0.04375
42
0.04375
43
1
 50
0
 0
TEXT
 8
TEXTO_NUDOS
 6
CONTINUOUS
 62
94
10
16.293337
20
10.16871
30
10.2
11
16.293337
21
10.16871
31
10.2
 1
74
 7
ROMANS
 40
0.06
 41
1
 50
0
 72
1
 73
0
 0
INSERT
 8
UNIFILAR
 6
CONTINUOUS
 62
94
 2
ROCIADOR_AUTOMATICO_IPCI
10
19.247403
20
8.016907
30
10.2
41
0.04375
42
0.04375
43
1
 50
0
 0
TEXT
 8
TEXTO_NUDOS
 6
CONTINUOUS
 62
94
10
19.247403
20
8.132532
30
10.2
11
19.247403
21
8.132532
31
10.2
 1
78
 7
ROMANS
 40
0.06
 41
1
 50
0
 72
1
 73
0
 0
INSERT
 8
UNIFILAR
 6
CONTINUOUS
 62
94
 2
NUDO_DERIVACION_IPCI
10
9.038587
20
11.285356
30
10.2
41
0.045
42
0.045
43
1
 50
0
 0
TEXT
 8
TEXTO_NUDOS
 6
CONTINUOUS
 62
94
10
9.038587
20
11.369106
30
10.2
11
9.038587
21
11.369106
31
10.2
 1
69
 7
ROMANS
 40
0.06
 41
1
 50
0
 72
1
 73
0
 0
INSERT
 8
UNIFILAR
 6
CONTINUOUS
 62
94
 2
ROCIADOR_AUTOMATICO_IPCI
10
10.623734
20
9.205356
30
10.2
41
0.04375
42
0.04375
43
1
 50
0
 0
TEXT
 8
TEXTO_NUDOS
 6
CONTINUOUS
 62
94
10
10.623734
20
9.320981
30
10.2
11
10.623734
21
9.320981
31
10.2
 1
71
 7
ROMANS
 40
0.06
 41
1
 50
0
 72
1
 73
0
 0
INSERT
 8
UNIFILAR
 6
CONTINUOUS
 62
94
 2
NUDO_DERIVACION_IPCI
10
9.038587
20
9.205356
30
10.2
41
0.045
42
0.045
43
1
 50
0
 0
TEXT
 8
TEXTO_NUDOS
 6
CONTINUOUS
 62
94
10
9.038587
20
9.289106
30
10.2
11
9.038587
21
9.289106
31
10.2
 1
70
 7
ROMANS
 40
0.06
 41
1
 50
0
 72
1
 73
0
 0
INSERT
 8
UNIFILAR
 6
CONTINUOUS
 62
94
 2
NUDO_PASO_IPCI
10
20.107396
20
8.020309
30
10.2
41
0.02
42
0.02
43
1
 50
0
 0
INSERT
 8
UNIFILAR
 6
CONTINUOUS
 62
94
 2
ROCIADOR_AUTOMATICO_IPCI
10
27.230308
20
7.659722
30
10.2
41
0.04375
42
0.04375
43
1
 50
0
 0
TEXT
 8
TEXTO_NUDOS
 6
CONTINUOUS
 62
94
10
27.230308
20
7.775347
30
10.2
11
27.230308
21
7.775347
31
10.2
 1
80
 7
ROMANS
 40
0.06
 41
1
 50
0
 72
1
 73
0
 0
INSERT
 8
UNIFILAR
 6
CONTINUOUS
 62
94
 2
ROCIADOR_AUTOMATICO_IPCI
10
23.592361
20
7.043661
30
10.2
41
0.04375
42
0.04375
43
1
 50
0
 0
TEXT
 8
TEXTO_NUDOS
 6
CONTINUOUS
 62
94
10
23.592361
20
7.159286
30
10.2
11
23.592361
21
7.159286
31
10.2
 1
79
 7
ROMANS
 40
0.06
 41
1
 50
0
 72
1
 73
0
 0
INSERT
 8
UNIFILAR
 6
CONTINUOUS
 62
94
 2
NUDO_PASO_IPCI
10
21.219403
20
7.043661
30
10.2
41
0.02
42
0.02
43
1
 50
0
 0
INSERT
 8
UNIFILAR
 6
CONTINUOUS
 62
94
 2
NUDO_PASO_IPCI
10
27.230308
20
7.043661
30
10.2
41
0.02
42
0.02
43
1
 50
0
 0
INSERT
 8
UNIFILAR
 6
CONTINUOUS
 62
94
 2
ROCIADOR_AUTOMATICO_IPCI
10
3.558046
20
5.655372
30
10.2
41
0.04375
42
0.04375
43
1
 50
0
 0
TEXT
 8
TEXTO_NUDOS
 6
CONTINUOUS
 62
94
10
3.558046
20
5.770997
30
10.2
11
3.558046
21
5.770997
31
10.2
 1
81
 7
ROMANS
 40
0.06
 41
1
 50
0
 72
1
 73
0
 0
INSERT
 8
UNIFILAR
 6
CONTINUOUS
 62
94
 2
ROCIADOR_AUTOMATICO_IPCI
10
0.068072
20
5.656678
30
9.08
41
0.04375
42
0.04375
43
1
 50
0
 0
TEXT
 8
TEXTO_NUDOS
 6
CONTINUOUS
 62
94
10
0.068072
20
5.772303
30
9.08
11
0.068072
21
5.772303
31
9.08
 1
82
 7
ROMANS
 40
0.06
 41
1
 50
0
 72
1
 73
0
 0
INSERT
 8
UNIFILAR
 6
CONTINUOUS
 62
94
 2
NUDO_DERIVACION_IPCI
10
3.997935
20
5.655372
30
10.2
41
0.045
42
0.045
43
1
 50
0
 0
TEXT
 8
TEXTO_NUDOS
 6
CONTINUOUS
 62
94
10
3.997935
20
5.739122
30
10.2
11
3.997935
21
5.739122
31
10.2
 1
64
 7
ROMANS
 40
0.06
 41
1
 50
0
 72
1
 73
0
 0
INSERT
 8
UNIFILAR
 6
CONTINUOUS
 62
94
 2
NUDO_PASO_IPCI
10
2.588046
20
5.655372
30
10.2
41
0.02
42
0.02
43
1
 50
0
 0
INSERT
 8
UNIFILAR
 6
CONTINUOUS
 62
94
 2
NUDO_PASO_IPCI
10
0.828046
20
5.656678
30
9.08
41
0.02
42
0.02
43
1
 50
0
 0
LINE
 8
UNIFILAR
 6
CONTINUOUS
 62
94
10
1.373749
20
2.423123
30
10.2
11
3.964185
21
2.423117
31
10.2
 0
TEXT
 8
TEXTO_RAMAS
 6
CONTINUOUS
 62
94
10
2.653029
20
2.47312
30
10.2
11
2.653029
21
2.47312
31
10.2
 1
48 Ø1"
 7
ROMANS
 40
0.06
 41
1
 50
359.999861
 72
1
 73
0
 0
TEXT
 8
TEXTO_RAMAS
 6
CONTINUOUS
 62
94
10
2.653029
20
2.37312
30
10.2
11
2.653029
21
2.37312
31
10.2
 1
2.69m
 7
ROMANS
 40
0.06
 41
1
 50
359.999861
 72
1
 73
3
 0
LINE
 8
UNIFILAR
 6
CONTINUOUS
 62
94
10
5.015403
20
1.607773
30
10.2
11
4.029711
21
1.607773
31
10.2
 0
TEXT
 8
TEXTO_RAMAS
 6
CONTINUOUS
 62
94
10
4.538495
20
1.657773
30
10.2
11
4.538495
21
1.657773
31
10.2
 1
50 Ø1"
 7
ROMANS
 40
0.06
 41
1
 50
0
 72
1
 73
0
 0
TEXT
 8
TEXTO_RAMAS
 6
CONTINUOUS
 62
94
10
4.538495
20
1.557773
30
10.2
11
4.538495
21
1.557773
31
10.2
 1
1.09m
 7
ROMANS
 40
0.06
 41
1
 50
0
 72
1
 73
3
 0
LINE
 8
UNIFILAR
 6
CONTINUOUS
 62
94
10
3.997853
20
2.389367
30
10.2
11
3.996043
21
1.641523
31
10.2
 0
TEXT
 8
TEXTO_RAMAS
 6
CONTINUOUS
 62
94
10
3.946948
20
2.015566
30
10.2
11
3.946948
21
2.015566
31
10.2
 1
49 Ø1 1/4"
 7
ROMANS
 40
0.06
 41
1
 50
89.861308
 72
1
 73
0
 0
TEXT
 8
TEXTO_RAMAS
 6
CONTINUOUS
 62
94
10
4.046948
20
2.015324
30
10.2
11
4.046948
21
2.015324
31
10.2
 1
0.82m
 7
ROMANS
 40
0.06
 41
1
 50
89.861308
 72
1
 73
3
 0
LINE
 8
UNIFILAR
 6
CONTINUOUS
 62
94
10
3.995961
20
1.574023
30
10.2
11
3.995961
21
0.124975
31
10.2
 0
LINE
 8
UNIFILAR
 6
CONTINUOUS
 62
94
10
4.010961
20
0.109975
30
10.2
11
9.004837
21
0.109975
31
10.2
 0
TEXT
 8
TEXTO_RAMAS
 6
CONTINUOUS
 62
94
10
6.517274
20
0.159975
30
10.2
11
6.517274
21
0.159975
31
10.2
 1
51 Ø1 1/4"
 7
ROMANS
 40
0.06
 41
1
 50
0
 72
1
 73
0
 0
TEXT
 8
TEXTO_RAMAS
 6
CONTINUOUS
 62
94
10
6.517274
20
0.059975
30
10.2
11
6.517274
21
0.059975
31
10.2
 1
6.54m
 7
ROMANS
 40
0.06
 41
1
 50
0
 72
1
 73
3
 0
LINE
 8
UNIFILAR
 6
CONTINUOUS
 62
94
10
4.300153
20
3.548424
30
7.7
11
4.009242
21
3.548424
31
7.7
 0
LINE
 8
UNIFILAR
 6
CONTINUOUS
 62
94
10
3.994242
20
3.548424
30
7.7
11
3.997148
21
3.546147
31
9.2
 0
TEXT
 8
TEXTO_RAMAS
 6
CONTINUOUS
 62
94
10
4.163698
20
3.598424
30
7.7
11
4.163698
21
3.598424
31
7.7
 1
45 Ø1 1/4"
 7
ROMANS
 40
0.06
 41
1
 50
0
 72
1
 73
0
 0
TEXT
 8
TEXTO_RAMAS
 6
CONTINUOUS
 62
94
10
4.163698
20
3.498424
30
7.7
11
4.163698
21
3.498424
31
7.7
 1
0.34m
 7
ROMANS
 40
0.06
 41
1
 50
0
 72
1
 73
3
 0
LINE
 8
UNIFILAR
 6
CONTINUOUS
 62
94
10
3.997148
20
3.546147
30
9.2
11
3.997935
21
3.545372
31
10.2
 0
TEXT
 8
TEXTO_RAMAS
 6
CONTINUOUS
 62
94
10
4.032637
20
3.581373
30
9.7
11
4.032637
21
3.581373
31
9.7
 1
46 Ø1 1/4"
 7
ROMANS
 40
0.06
 41
1
 50
315.419321
 72
1
 73
0
 0
TEXT
 8
TEXTO_RAMAS
 6
CONTINUOUS
 62
94
10
3.962446
20
3.510146
30
9.7
11
3.962446
21
3.510146
31
9.7
 1
0m
 7
ROMANS
 40
0.06
 41
1
 50
315.419321
 72
1
 73
3
 0
LINE
 8
UNIFILAR
 6
CONTINUOUS
 62
94
10
3.967143
20
3.561598
30
9.2
11
3.487917
21
3.808379
31
9.2
 0
TEXT
 8
TEXTO_RAMAS
 6
CONTINUOUS
 62
94
10
3.718748
20
3.745751
30
9.2
11
3.718748
21
3.745751
31
9.2
 1
82 Ø1 1/4"
 7
ROMANS
 40
0.06
 41
1
 50
332.753468
 72
1
 73
0
 0
TEXT
 8
TEXTO_RAMAS
 6
CONTINUOUS
 62
94
10
3.672966
20
3.656847
30
9.2
11
3.672966
21
3.656847
31
9.2
 1
0.68m
 7
ROMANS
 40
0.06
 41
1
 50
332.753468
 72
1
 73
3
 0
LINE
 8
UNIFILAR
 6
CONTINUOUS
 62
94
10
3.997935
20
3.511622
30
10.2
11
3.997935
21
2.456867
31
10.2
 0
TEXT
 8
TEXTO_RAMAS
 6
CONTINUOUS
 62
94
10
3.947935
20
2.984244
30
10.2
11
3.947935
21
2.984244
31
10.2
 1
47 Ø1 1/4"
 7
ROMANS
 40
0.06
 41
1
 50
90
 72
1
 73
0
 0
TEXT
 8
TEXTO_RAMAS
 6
CONTINUOUS
 62
94
10
4.047935
20
2.984244
30
10.2
11
4.047935
21
2.984244
31
10.2
 1
1.12m
 7
ROMANS
 40
0.06
 41
1
 50
90
 72
1
 73
3
 0
LINE
 8
UNIFILAR
 6
CONTINUOUS
 62
94
10
9.038587
20
0.143725
30
10.2
11
9.038587
21
2.156225
31
10.2
 0
TEXT
 8
TEXTO_RAMAS
 6
CONTINUOUS
 62
94
10
8.988587
20
1.149975
30
10.2
11
8.988587
21
1.149975
31
10.2
 1
52 Ø1"
 7
ROMANS
 40
0.06
 41
1
 50
90
 72
1
 73
0
 0
TEXT
 8
TEXTO_RAMAS
 6
CONTINUOUS
 62
94
10
9.088587
20
1.149975
30
10.2
11
9.088587
21
1.149975
31
10.2
 1
2.08m
 7
ROMANS
 40
0.06
 41
1
 50
90
 72
1
 73
3
 0
LINE
 8
UNIFILAR
 6
CONTINUOUS
 62
94
10
9.072337
20
2.189975
30
10.2
11
10.558109
21
2.189975
31
10.2
 0
TEXT
 8
TEXTO_RAMAS
 6
CONTINUOUS
 62
94
10
9.83116
20
2.239975
30
10.2
11
9.83116
21
2.239975
31
10.2
 1
53 Ø1"
 7
ROMANS
 40
0.06
 41
1
 50
0
 72
1
 73
0
 0
TEXT
 8
TEXTO_RAMAS
 6
CONTINUOUS
 62
94
10
9.83116
20
2.139975
30
10.2
11
9.83116
21
2.139975
31
10.2
 1
1.59m
 7
ROMANS
 40
0.06
 41
1
 50
0
 72
1
 73
3
 0
LINE
 8
UNIFILAR
 6
CONTINUOUS
 62
94
10
9.072337
20
0.109975
30
10.2
11
12.896966
21
0.109975
31
10.2
 0
TEXT
 8
TEXTO_RAMAS
 6
CONTINUOUS
 62
94
10
11.000589
20
0.159975
30
10.2
11
11.000589
21
0.159975
31
10.2
 1
55 Ø1 1/4"
 7
ROMANS
 40
0.06
 41
1
 50
0
 72
1
 73
0
 0
TEXT
 8
TEXTO_RAMAS
 6
CONTINUOUS
 62
94
10
11.000589
20
0.059975
30
10.2
11
11.000589
21
0.059975
31
10.2
 1
3.92m
 7
ROMANS
 40
0.06
 41
1
 50
0
 72
1
 73
3
 0
LINE
 8
UNIFILAR
 6
CONTINUOUS
 62
94
10
13.028216
20
0.109975
30
10.2
11
16.278314
21
0.109975
31
10.2
 0
LINE
 8
UNIFILAR
 6
CONTINUOUS
 62
94
10
16.293315
20
0.124975
30
10.2
11
16.293336
21
1.276621
31
10.2
 0
TEXT
 8
TEXTO_RAMAS
 6
CONTINUOUS
 62
94
10
14.627953
20
0.159975
30
10.2
11
14.627953
21
0.159975
31
10.2
 1
56 Ø1 1/4"
 7
ROMANS
 40
0.06
 41
1
 50
0
 72
1
 73
0
 0
TEXT
 8
TEXTO_RAMAS
 6
CONTINUOUS
 62
94
10
14.627953
20
0.059975
30
10.2
11
14.627953
21
0.059975
31
10.2
 1
4.56m
 7
ROMANS
 40
0.06
 41
1
 50
0
 72
1
 73
3
 0
LINE
 8
UNIFILAR
 6
CONTINUOUS
 62
94
10
16.358962
20
1.342246
30
10.2
11
18.767712
21
1.342246
31
10.2
 0
TEXT
 8
TEXTO_RAMAS
 6
CONTINUOUS
 62
94
10
17.563337
20
1.392246
30
10.2
11
17.563337
21
1.392246
31
10.2
 1
57 Ø1"
 7
ROMANS
 40
0.06
 41
1
 50
0
 72
1
 73
0
 0
TEXT
 8
TEXTO_RAMAS
 6
CONTINUOUS
 62
94
10
17.563337
20
1.292246
30
10.2
11
17.563337
21
1.292246
31
10.2
 1
2.54m
 7
ROMANS
 40
0.06
 41
1
 50
0
 72
1
 73
3
 0
LINE
 8
UNIFILAR
 6
CONTINUOUS
 62
94
10
16.293331
20
1.407871
30
10.2
11
16.293156
21
3.344674
31
10.2
 0
TEXT
 8
TEXTO_RAMAS
 6
CONTINUOUS
 62
94
10
16.343245
20
2.36034
30
10.2
11
16.343245
21
2.36034
31
10.2
 1
58 Ø1 1/4"
 7
ROMANS
 40
0.06
 41
1
 50
270.005183
 72
1
 73
0
 0
TEXT
 8
TEXTO_RAMAS
 6
CONTINUOUS
 62
94
10
16.243245
20
2.360331
30
10.2
11
16.243245
21
2.360331
31
10.2
 1
2.04m
 7
ROMANS
 40
0.06
 41
1
 50
270.005183
 72
1
 73
3
 0
LINE
 8
UNIFILAR
 6
CONTINUOUS
 62
94
10
9.010319
20
2.208414
30
10.2
11
7.313552
21
3.315198
31
10.2
 0
TEXT
 8
TEXTO_RAMAS
 6
CONTINUOUS
 62
94
10
8.175904
20
2.812391
30
10.2
11
8.175904
21
2.812391
31
10.2
 1
54 Ø1"
 7
ROMANS
 40
0.06
 41
1
 50
326.88401
 72
1
 73
0
 0
TEXT
 8
TEXTO_RAMAS
 6
CONTINUOUS
 62
94
10
8.12127
20
2.728635
30
10.2
11
8.12127
21
2.728635
31
10.2
 1
2.13m
 7
ROMANS
 40
0.06
 41
1
 50
326.88401
 72
1
 73
3
 0
LINE
 8
UNIFILAR
 6
CONTINUOUS
 62
94
10
16.269288
20
3.402289
30
10.2
11
15.137476
21
4.534102
31
10.2
 0
TEXT
 8
TEXTO_RAMAS
 6
CONTINUOUS
 62
94
10
15.727468
20
4.01482
30
10.2
11
15.727468
21
4.01482
31
10.2
 1
59 Ø1"
 7
ROMANS
 40
0.06
 41
1
 50
315
 72
1
 73
0
 0
TEXT
 8
TEXTO_RAMAS
 6
CONTINUOUS
 62
94
10
15.656757
20
3.94411
30
10.2
11
15.656757
21
3.94411
31
10.2
 1
1.7m
 7
ROMANS
 40
0.06
 41
1
 50
315
 72
1
 73
3
 0
LINE
 8
UNIFILAR
 6
CONTINUOUS
 62
94
10
16.326903
20
3.378424
30
10.2
11
19.181778
21
3.378424
31
10.2
 0
TEXT
 8
TEXTO_RAMAS
 6
CONTINUOUS
 62
94
10
17.770278
20
3.428424
30
10.2
11
17.770278
21
3.428424
31
10.2
 1
60 Ø1 1/4"
 7
ROMANS
 40
0.06
 41
1
 50
360
 72
1
 73
0
 0
TEXT
 8
TEXTO_RAMAS
 6
CONTINUOUS
 62
94
10
17.770278
20
3.328424
30
10.2
11
17.770278
21
3.328424
31
10.2
 1
2.95m
 7
ROMANS
 40
0.06
 41
1
 50
0
 72
1
 73
3
 0
LINE
 8
UNIFILAR
 6
CONTINUOUS
 62
94
10
19.313027
20
3.378165
30
10.2
11
20.092396
21
3.375082
31
10.2
 0
LINE
 8
UNIFILAR
 6
CONTINUOUS
 62
94
10
20.118666
20
3.384921
30
10.2
11
21.208132
21
4.341772
31
10.2
 0
LINE
 8
UNIFILAR
 6
CONTINUOUS
 62
94
10
21.234403
20
4.35167
30
10.2
11
23.526736
21
4.35167
31
10.2
 0
TEXT
 8
TEXTO_RAMAS
 6
CONTINUOUS
 62
94
10
22.405882
20
4.40167
30
10.2
11
22.405882
21
4.40167
31
10.2
 1
61 Ø1"
 7
ROMANS
 40
0.06
 41
1
 50
0
 72
1
 73
0
 0
TEXT
 8
TEXTO_RAMAS
 6
CONTINUOUS
 62
94
10
22.405882
20
4.30167
30
10.2
11
22.405882
21
4.30167
31
10.2
 1
4.71m
 7
ROMANS
 40
0.06
 41
1
 50
0
 72
1
 73
3
 0
LINE
 8
UNIFILAR
 6
CONTINUOUS
 62
94
10
23.657986
20
4.35167
30
10.2
11
27.215308
21
4.35167
31
10.2
 0
LINE
 8
UNIFILAR
 6
CONTINUOUS
 62
94
10
27.230308
20
4.33667
30
10.2
11
27.230308
21
3.801234
31
10.2
 0
TEXT
 8
TEXTO_RAMAS
 6
CONTINUOUS
 62
94
10
25.411335
20
4.40167
30
10.2
11
25.411335
21
4.40167
31
10.2
 1
62 Ø1"
 7
ROMANS
 40
0.06
 41
1
 50
0
 72
1
 73
0
 0
TEXT
 8
TEXTO_RAMAS
 6
CONTINUOUS
 62
94
10
25.411335
20
4.30167
30
10.2
11
25.411335
21
4.30167
31
10.2
 1
4.25m
 7
ROMANS
 40
0.06
 41
1
 50
0
 72
1
 73
3
 0
LINE
 8
UNIFILAR
 6
CONTINUOUS
 62
94
10
1.373749
20
8.972208
30
10.2
11
3.964185
21
8.972214
31
10.2
 0
TEXT
 8
TEXTO_RAMAS
 6
CONTINUOUS
 62
94
10
2.653029
20
9.022211
30
10.2
11
2.653029
21
9.022211
31
10.2
 1
65 Ø1"
 7
ROMANS
 40
0.06
 41
1
 50
0.000139
 72
1
 73
0
 0
TEXT
 8
TEXTO_RAMAS
 6
CONTINUOUS
 62
94
10
2.653029
20
8.922211
30
10.2
11
2.653029
21
8.922211
31
10.2
 1
2.69m
 7
ROMANS
 40
0.06
 41
1
 50
0.000139
 72
1
 73
3
 0
LINE
 8
UNIFILAR
 6
CONTINUOUS
 62
94
10
5.015403
20
9.787558
30
10.2
11
4.029711
21
9.787558
31
10.2
 0
TEXT
 8
TEXTO_RAMAS
 6
CONTINUOUS
 62
94
10
4.538495
20
9.837558
30
10.2
11
4.538495
21
9.837558
31
10.2
 1
67 Ø1"
 7
ROMANS
 40
0.06
 41
1
 50
0
 72
1
 73
0
 0
TEXT
 8
TEXTO_RAMAS
 6
CONTINUOUS
 62
94
10
4.538495
20
9.737558
30
10.2
11
4.538495
21
9.737558
31
10.2
 1
1.09m
 7
ROMANS
 40
0.06
 41
1
 50
0
 72
1
 73
3
 0
LINE
 8
UNIFILAR
 6
CONTINUOUS
 62
94
10
3.997853
20
9.005964
30
10.2
11
3.996043
21
9.753808
31
10.2
 0
TEXT
 8
TEXTO_RAMAS
 6
CONTINUOUS
 62
94
10
4.046948
20
9.380007
30
10.2
11
4.046948
21
9.380007
31
10.2
 1
66 Ø1 1/4"
 7
ROMANS
 40
0.06
 41
1
 50
270.138692
 72
1
 73
0
 0
TEXT
 8
TEXTO_RAMAS
 6
CONTINUOUS
 62
94
10
3.946948
20
9.379765
30
10.2
11
3.946948
21
9.379765
31
10.2
 1
0.82m
 7
ROMANS
 40
0.06
 41
1
 50
270.138692
 72
1
 73
3
 0
LINE
 8
UNIFILAR
 6
CONTINUOUS
 62
94
10
3.995961
20
9.821308
30
10.2
11
3.995961
21
11.270356
31
10.2
 0
LINE
 8
UNIFILAR
 6
CONTINUOUS
 62
94
10
4.010961
20
11.285356
30
10.2
11
9.004837
21
11.285356
31
10.2
 0
TEXT
 8
TEXTO_RAMAS
 6
CONTINUOUS
 62
94
10
6.517274
20
11.335356
30
10.2
11
6.517274
21
11.335356
31
10.2
 1
68 Ø1 1/4"
 7
ROMANS
 40
0.06
 41
1
 50
0
 72
1
 73
0
 0
TEXT
 8
TEXTO_RAMAS
 6
CONTINUOUS
 62
94
10
6.517274
20
11.235356
30
10.2
11
6.517274
21
11.235356
31
10.2
 1
6.54m
 7
ROMANS
 40
0.06
 41
1
 50
0
 72
1
 73
3
 0
LINE
 8
UNIFILAR
 6
CONTINUOUS
 62
94
10
9.038587
20
11.251606
30
10.2
11
9.038587
21
9.239106
31
10.2
 0
TEXT
 8
TEXTO_RAMAS
 6
CONTINUOUS
 62
94
10
8.988587
20
10.245356
30
10.2
11
8.988587
21
10.245356
31
10.2
 1
69 Ø1"
 7
ROMANS
 40
0.06
 41
1
 50
90
 72
1
 73
0
 0
TEXT
 8
TEXTO_RAMAS
 6
CONTINUOUS
 62
94
10
9.088587
20
10.245356
30
10.2
11
9.088587
21
10.245356
31
10.2
 1
2.08m
 7
ROMANS
 40
0.06
 41
1
 50
90
 72
1
 73
3
 0
LINE
 8
UNIFILAR
 6
CONTINUOUS
 62
94
10
9.072337
20
9.205356
30
10.2
11
10.558109
21
9.205356
31
10.2
 0
TEXT
 8
TEXTO_RAMAS
 6
CONTINUOUS
 62
94
10
9.83116
20
9.255356
30
10.2
11
9.83116
21
9.255356
31
10.2
 1
70 Ø1"
 7
ROMANS
 40
0.06
 41
1
 50
0
 72
1
 73
0
 0
TEXT
 8
TEXTO_RAMAS
 6
CONTINUOUS
 62
94
10
9.83116
20
9.155356
30
10.2
11
9.83116
21
9.155356
31
10.2
 1
1.59m
 7
ROMANS
 40
0.06
 41
1
 50
0
 72
1
 73
3
 0
LINE
 8
UNIFILAR
 6
CONTINUOUS
 62
94
10
9.072337
20
11.285356
30
10.2
11
12.896966
21
11.285356
31
10.2
 0
TEXT
 8
TEXTO_RAMAS
 6
CONTINUOUS
 62
94
10
11.000589
20
11.335356
30
10.2
11
11.000589
21
11.335356
31
10.2
 1
72 Ø1 1/4"
 7
ROMANS
 40
0.06
 41
1
 50
0
 72
1
 73
0
 0
TEXT
 8
TEXTO_RAMAS
 6
CONTINUOUS
 62
94
10
11.000589
20
11.235356
30
10.2
11
11.000589
21
11.235356
31
10.2
 1
3.92m
 7
ROMANS
 40
0.06
 41
1
 50
360
 72
1
 73
3
 0
LINE
 8
UNIFILAR
 6
CONTINUOUS
 62
94
10
13.028216
20
11.285356
30
10.2
11
16.278314
21
11.285356
31
10.2
 0
LINE
 8
UNIFILAR
 6
CONTINUOUS
 62
94
10
16.293315
20
11.270356
30
10.2
11
16.293336
21
10.11871
31
10.2
 0
TEXT
 8
TEXTO_RAMAS
 6
CONTINUOUS
 62
94
10
14.627953
20
11.335356
30
10.2
11
14.627953
21
11.335356
31
10.2
 1
73 Ø1 1/4"
 7
ROMANS
 40
0.06
 41
1
 50
0
 72
1
 73
0
 0
TEXT
 8
TEXTO_RAMAS
 6
CONTINUOUS
 62
94
10
14.627953
20
11.235356
30
10.2
11
14.627953
21
11.235356
31
10.2
 1
4.56m
 7
ROMANS
 40
0.06
 41
1
 50
0
 72
1
 73
3
 0
LINE
 8
UNIFILAR
 6
CONTINUOUS
 62
94
10
16.358962
20
10.053085
30
10.2
11
18.767712
21
10.053085
31
10.2
 0
TEXT
 8
TEXTO_RAMAS
 6
CONTINUOUS
 62
94
10
17.563337
20
10.103085
30
10.2
11
17.563337
21
10.103085
31
10.2
 1
74 Ø1"
 7
ROMANS
 40
0.06
 41
1
 50
0
 72
1
 73
0
 0
TEXT
 8
TEXTO_RAMAS
 6
CONTINUOUS
 62
94
10
17.563337
20
10.003085
30
10.2
11
17.563337
21
10.003085
31
10.2
 1
2.54m
 7
ROMANS
 40
0.06
 41
1
 50
0
 72
1
 73
3
 0
LINE
 8
UNIFILAR
 6
CONTINUOUS
 62
94
10
16.293331
20
9.98746
30
10.2
11
16.293156
21
8.050657
31
10.2
 0
TEXT
 8
TEXTO_RAMAS
 6
CONTINUOUS
 62
94
10
16.243245
20
9.035
30
10.2
11
16.243245
21
9.035
31
10.2
 1
75 Ø1 1/4"
 7
ROMANS
 40
0.06
 41
1
 50
89.994817
 72
1
 73
0
 0
TEXT
 8
TEXTO_RAMAS
 6
CONTINUOUS
 62
94
10
16.343245
20
9.034991
30
10.2
11
16.343245
21
9.034991
31
10.2
 1
2.04m
 7
ROMANS
 40
0.06
 41
1
 50
89.994817
 72
1
 73
3
 0
LINE
 8
UNIFILAR
 6
CONTINUOUS
 62
94
10
9.010319
20
9.186917
30
10.2
11
7.313552
21
8.080134
31
10.2
 0
TEXT
 8
TEXTO_RAMAS
 6
CONTINUOUS
 62
94
10
8.12127
20
8.666696
30
10.2
11
8.12127
21
8.666696
31
10.2
 1
71 Ø1"
 7
ROMANS
 40
0.06
 41
1
 50
33.11599
 72
1
 73
0
 0
TEXT
 8
TEXTO_RAMAS
 6
CONTINUOUS
 62
94
10
8.175904
20
8.58294
30
10.2
11
8.175904
21
8.58294
31
10.2
 1
2.13m
 7
ROMANS
 40
0.06
 41
1
 50
33.11599
 72
1
 73
3
 0
LINE
 8
UNIFILAR
 6
CONTINUOUS
 62
94
10
16.269288
20
7.993042
30
10.2
11
15.137476
21
6.861229
31
10.2
 0
TEXT
 8
TEXTO_RAMAS
 6
CONTINUOUS
 62
94
10
15.656757
20
7.451222
30
10.2
11
15.656757
21
7.451222
31
10.2
 1
76 Ø1"
 7
ROMANS
 40
0.06
 41
1
 50
45
 72
1
 73
0
 0
TEXT
 8
TEXTO_RAMAS
 6
CONTINUOUS
 62
94
10
15.727468
20
7.380511
30
10.2
11
15.727468
21
7.380511
31
10.2
 1
1.7m
 7
ROMANS
 40
0.06
 41
1
 50
45
 72
1
 73
3
 0
LINE
 8
UNIFILAR
 6
CONTINUOUS
 62
94
10
16.326903
20
8.016907
30
10.2
11
19.181778
21
8.016907
31
10.2
 0
TEXT
 8
TEXTO_RAMAS
 6
CONTINUOUS
 62
94
10
17.770278
20
8.066907
30
10.2
11
17.770278
21
8.066907
31
10.2
 1
77 Ø1 1/4"
 7
ROMANS
 40
0.06
 41
1
 50
0
 72
1
 73
0
 0
TEXT
 8
TEXTO_RAMAS
 6
CONTINUOUS
 62
94
10
17.770278
20
7.966907
30
10.2
11
17.770278
21
7.966907
31
10.2
 1
2.95m
 7
ROMANS
 40
0.06
 41
1
 50
0
 72
1
 73
3
 0
LINE
 8
UNIFILAR
 6
CONTINUOUS
 62
94
10
19.313027
20
8.017167
30
10.2
11
20.092396
21
8.02025
31
10.2
 0
LINE
 8
UNIFILAR
 6
CONTINUOUS
 62
94
10
20.118666
20
8.01041
30
10.2
11
21.208132
21
7.053559
31
10.2
 0
LINE
 8
UNIFILAR
 6
CONTINUOUS
 62
94
10
21.234403
20
7.043661
30
10.2
11
23.526736
21
7.043661
31
10.2
 0
TEXT
 8
TEXTO_RAMAS
 6
CONTINUOUS
 62
94
10
22.405882
20
7.093661
30
10.2
11
22.405882
21
7.093661
31
10.2
 1
78 Ø1"
 7
ROMANS
 40
0.06
 41
1
 50
0
 72
1
 73
0
 0
TEXT
 8
TEXTO_RAMAS
 6
CONTINUOUS
 62
94
10
22.405882
20
6.993661
30
10.2
11
22.405882
21
6.993661
31
10.2
 1
4.71m
 7
ROMANS
 40
0.06
 41
1
 50
0
 72
1
 73
3
 0
LINE
 8
UNIFILAR
 6
CONTINUOUS
 62
94
10
23.657986
20
7.043661
30
10.2
11
27.215308
21
7.043661
31
10.2
 0
LINE
 8
UNIFILAR
 6
CONTINUOUS
 62
94
10
27.230308
20
7.058661
30
10.2
11
27.230308
21
7.594097
31
10.2
 0
TEXT
 8
TEXTO_RAMAS
 6
CONTINUOUS
 62
94
10
25.411335
20
7.093661
30
10.2
11
25.411335
21
7.093661
31
10.2
 1
79 Ø1"
 7
ROMANS
 40
0.06
 41
1
 50
0
 72
1
 73
0
 0
TEXT
 8
TEXTO_RAMAS
 6
CONTINUOUS
 62
94
10
25.411335
20
6.993661
30
10.2
11
25.411335
21
6.993661
31
10.2
 1
4.25m
 7
ROMANS
 40
0.06
 41
1
 50
0
 72
1
 73
3
 0
LINE
 8
UNIFILAR
 6
CONTINUOUS
 62
94
10
3.997935
20
3.579122
30
10.2
11
3.997935
21
5.621622
31
10.2
 0
TEXT
 8
TEXTO_RAMAS
 6
CONTINUOUS
 62
94
10
3.947935
20
4.600372
30
10.2
11
3.947935
21
4.600372
31
10.2
 1
63 Ø1 1/4"
 7
ROMANS
 40
0.06
 41
1
 50
90
 72
1
 73
0
 0
TEXT
 8
TEXTO_RAMAS
 6
CONTINUOUS
 62
94
10
4.047935
20
4.600372
30
10.2
11
4.047935
21
4.600372
31
10.2
 1
2.11m
 7
ROMANS
 40
0.06
 41
1
 50
90
 72
1
 73
3
 0
LINE
 8
UNIFILAR
 6
CONTINUOUS
 62
94
10
3.997935
20
5.689122
30
10.2
11
3.997935
21
8.938465
31
10.2
 0
TEXT
 8
TEXTO_RAMAS
 6
CONTINUOUS
 62
94
10
3.947935
20
7.313793
30
10.2
11
3.947935
21
7.313793
31
10.2
 1
64 Ø1 1/4"
 7
ROMANS
 40
0.06
 41
1
 50
90
 72
1
 73
0
 0
TEXT
 8
TEXTO_RAMAS
 6
CONTINUOUS
 62
94
10
4.047935
20
7.313793
30
10.2
11
4.047935
21
7.313793
31
10.2
 1
3.32m
 7
ROMANS
 40
0.06
 41
1
 50
90
 72
1
 73
3
 0
LINE
 8
UNIFILAR
 6
CONTINUOUS
 62
94
10
3.964185
20
5.655372
30
10.2
11
3.623671
21
5.655372
31
10.2
 0
TEXT
 8
TEXTO_RAMAS
 6
CONTINUOUS
 62
94
10
3.77799
20
5.705372
30
10.2
11
3.77799
21
5.705372
31
10.2
 1
80 Ø1"
 7
ROMANS
 40
0.06
 41
1
 50
0
 72
1
 73
0
 0
TEXT
 8
TEXTO_RAMAS
 6
CONTINUOUS
 62
94
10
3.77799
20
5.605372
30
10.2
11
3.77799
21
5.605372
31
10.2
 1
0.44m
 7
ROMANS
 40
0.06
 41
1
 50
0
 72
1
 73
3
 0
LINE
 8
UNIFILAR
 6
CONTINUOUS
 62
94
10
3.492421
20
5.655372
30
10.2
11
2.603046
21
5.655372
31
10.2
 0
LINE
 8
UNIFILAR
 6
CONTINUOUS
 62
94
10
2.573046
20
5.655383
30
10.2
11
0.843046
21
5.656667
31
9.08
 0
LINE
 8
UNIFILAR
 6
CONTINUOUS
 62
94
10
0.813046
20
5.656678
30
9.08
11
0.133697
21
5.656678
31
9.08
 0
TEXT
 8
TEXTO_RAMAS
 6
CONTINUOUS
 62
94
10
1.708083
20
5.706025
30
9.64
11
1.708083
21
5.706025
31
9.64
 1
81 Ø1"
 7
ROMANS
 40
0.06
 41
1
 50
359.957481
 72
1
 73
0
 0
TEXT
 8
TEXTO_RAMAS
 6
CONTINUOUS
 62
94
10
1.708009
20
5.606025
30
9.64
11
1.708009
21
5.606025
31
9.64
 1
3.49m
 7
ROMANS
 40
0.06
 41
1
 50
359.957481
 72
1
 73
3
 0
INSERT
 8
UNIFILAR
 6
CONTINUOUS
 62
94
 2
CONEXION_PLANTAS_IPCI
10
4.333153
20
3.548424
30
10.3
41
0.022
42
0.022
43
1
 50
0
 0
TEXT
 8
TEXTO_NUDOS
 6
CONTINUOUS
 62
94
10
4.333153
20
3.631424
30
10.3
11
4.333153
21
3.631424
31
10.3
 1
84
 7
ROMANS
 40
0.06
 41
1
 50
0
 72
1
 73
0
 0
INSERT
 8
UNIFILAR
 6
CONTINUOUS
 62
4
 2
BOCA_RELLENO_IPCI
10
3.394566
20
3.856451
30
11.8
41
0.0525
42
0.0525
43
1
 50
332.5
 0
INSERT
 8
UNIFILAR
 6
CONTINUOUS
 62
94
 2
BOCA_INCENDIOS_IPCI
10
3.394566
20
3.856451
30
11.8
41
0.0525
42
0.0525
43
1
 50
332.5
 0
TEXT
 8
TEXTO_NUDOS
 6
CONTINUOUS
 62
94
10
3.394566
20
4.189451
30
11.8
11
3.394566
21
4.189451
31
11.8
 1
122
 7
ROMANS
 40
0.06
 41
1
 50
0
 72
1
 73
0
 0
TEXT
 8
TEXTO_NUDOS
 6
CONTINUOUS
 62
94
10
3.394566
20
4.079451
30
11.8
11
3.394566
21
4.079451
31
11.8
 1
68.34
 7
ROMANS
 40
0.06
 41
1
 50
0
 72
1
 73
0
 0
TEXT
 8
TEXTO_NUDOS
 6
CONTINUOUS
 62
94
10
3.394566
20
3.969451
30
11.8
11
3.394566
21
3.969451
31
11.8
 1
1.81
 7
ROMANS
 40
0.06
 41
1
 50
0
 72
1
 73
0
 0
INSERT
 8
UNIFILAR
 6
CONTINUOUS
 62
94
 2
NUDO_PASO_IPCI
10
3.995961
20
0.109975
30
12.8
41
0.02
42
0.02
43
1
 50
0
 0
INSERT
 8
UNIFILAR
 6
CONTINUOUS
 62
94
 2
NUDO_PASO_IPCI
10
16.293314
20
0.109975
30
12.8
41
0.02
42
0.02
43
1
 50
0
 0
INSERT
 8
UNIFILAR
 6
CONTINUOUS
 62
94
 2
NUDO_DERIVACION_IPCI
10
16.293153
20
3.378424
30
12.8
41
0.045
42
0.045
43
1
 50
0
 0
TEXT
 8
TEXTO_NUDOS
 6
CONTINUOUS
 62
94
10
16.293153
20
3.462174
30
12.8
11
16.293153
21
3.462174
31
12.8
 1
98
 7
ROMANS
 40
0.06
 41
1
 50
0
 72
1
 73
0
 0
INSERT
 8
UNIFILAR
 6
CONTINUOUS
 62
94
 2
ROCIADOR_AUTOMATICO_IPCI
10
5.081028
20
1.607773
30
12.8
41
0.04375
42
0.04375
43
1
 50
0
 0
TEXT
 8
TEXTO_NUDOS
 6
CONTINUOUS
 62
94
10
5.081028
20
1.723398
30
12.8
11
5.081028
21
1.723398
31
12.8
 1
90
 7
ROMANS
 40
0.06
 41
1
 50
0
 72
1
 73
0
 0
INSERT
 8
UNIFILAR
 6
CONTINUOUS
 62
94
 2
ROCIADOR_AUTOMATICO_IPCI
10
1.308124
20
2.423123
30
12.8
41
0.04375
42
0.04375
43
1
 50
0
 0
TEXT
 8
TEXTO_NUDOS
 6
CONTINUOUS
 62
94
10
1.308124
20
2.538748
30
12.8
11
1.308124
21
2.538748
31
12.8
 1
88
 7
ROMANS
 40
0.06
 41
1
 50
0
 72
1
 73
0
 0
INSERT
 8
UNIFILAR
 6
CONTINUOUS
 62
94
 2
NUDO_DERIVACION_IPCI
10
3.997935
20
2.423117
30
12.8
41
0.045
42
0.045
43
1
 50
0
 0
TEXT
 8
TEXTO_NUDOS
 6
CONTINUOUS
 62
94
10
3.997935
20
2.506867
30
12.8
11
3.997935
21
2.506867
31
12.8
 1
87
 7
ROMANS
 40
0.06
 41
1
 50
0
 72
1
 73
0
 0
INSERT
 8
UNIFILAR
 6
CONTINUOUS
 62
94
 2
NUDO_DERIVACION_IPCI
10
3.995961
20
1.607773
30
12.8
41
0.045
42
0.045
43
1
 50
0
 0
TEXT
 8
TEXTO_NUDOS
 6
CONTINUOUS
 62
94
10
3.995961
20
1.691523
30
12.8
11
3.995961
21
1.691523
31
12.8
 1
89
 7
ROMANS
 40
0.06
 41
1
 50
0
 72
1
 73
0
 0
INSERT
 8
UNIFILAR
 6
CONTINUOUS
 62
94
 2
NUDO_PASO_IPCI
10
3.994242
20
3.548424
30
10.3
41
0.02
42
0.02
43
1
 50
0
 0
INSERT
 8
UNIFILAR
 6
CONTINUOUS
 62
94
 2
NUDO_DERIVACION_IPCI
10
3.997148
20
3.546147
30
11.8
41
0.045
42
0.045
43
1
 50
0
 0
TEXT
 8
TEXTO_NUDOS
 6
CONTINUOUS
 62
94
10
3.997148
20
3.629897
30
11.8
11
3.997148
21
3.629897
31
11.8
 1
85
 7
ROMANS
 40
0.06
 41
1
 50
0
 72
1
 73
0
 0
INSERT
 8
UNIFILAR
 6
CONTINUOUS
 62
94
 2
NUDO_DERIVACION_IPCI
10
3.997935
20
3.545372
30
12.8
41
0.045
42
0.045
43
1
 50
0
 0
TEXT
 8
TEXTO_NUDOS
 6
CONTINUOUS
 62
94
10
3.997935
20
3.629122
30
12.8
11
3.997935
21
3.629122
31
12.8
 1
86
 7
ROMANS
 40
0.06
 41
1
 50
0
 72
1
 73
0
 0
INSERT
 8
UNIFILAR
 6
CONTINUOUS
 62
94
 2
ROCIADOR_AUTOMATICO_IPCI
10
7.258587
20
3.351051
30
12.8
41
0.04375
42
0.04375
43
1
 50
0
 0
TEXT
 8
TEXTO_NUDOS
 6
CONTINUOUS
 62
94
10
7.258587
20
3.466676
30
12.8
11
7.258587
21
3.466676
31
12.8
 1
94
 7
ROMANS
 40
0.06
 41
1
 50
0
 72
1
 73
0
 0
INSERT
 8
UNIFILAR
 6
CONTINUOUS
 62
94
 2
ROCIADOR_AUTOMATICO_IPCI
10
12.962591
20
0.109975
30
12.8
41
0.04375
42
0.04375
43
1
 50
0
 0
TEXT
 8
TEXTO_NUDOS
 6
CONTINUOUS
 62
94
10
12.962591
20
0.2256
30
12.8
11
12.962591
21
0.2256
31
12.8
 1
95
 7
ROMANS
 40
0.06
 41
1
 50
0
 72
1
 73
0
 0
INSERT
 8
UNIFILAR
 6
CONTINUOUS
 62
94
 2
ROCIADOR_AUTOMATICO_IPCI
10
15.091072
20
4.580506
30
12.8
41
0.04375
42
0.04375
43
1
 50
0
 0
TEXT
 8
TEXTO_NUDOS
 6
CONTINUOUS
 62
94
10
15.091072
20
4.696131
30
12.8
11
15.091072
21
4.696131
31
12.8
 1
99
 7
ROMANS
 40
0.06
 41
1
 50
0
 72
1
 73
0
 0
INSERT
 8
UNIFILAR
 6
CONTINUOUS
 62
94
 2
ROCIADOR_AUTOMATICO_IPCI
10
18.833337
20
1.342246
30
12.8
41
0.04375
42
0.04375
43
1
 50
0
 0
TEXT
 8
TEXTO_NUDOS
 6
CONTINUOUS
 62
94
10
18.833337
20
1.457871
30
12.8
11
18.833337
21
1.457871
31
12.8
 1
97
 7
ROMANS
 40
0.06
 41
1
 50
0
 72
1
 73
0
 0
INSERT
 8
UNIFILAR
 6
CONTINUOUS
 62
94
 2
ROCIADOR_AUTOMATICO_IPCI
10
16.293337
20
1.342246
30
12.8
41
0.04375
42
0.04375
43
1
 50
0
 0
TEXT
 8
TEXTO_NUDOS
 6
CONTINUOUS
 62
94
10
16.293337
20
1.457871
30
12.8
11
16.293337
21
1.457871
31
12.8
 1
96
 7
ROMANS
 40
0.06
 41
1
 50
0
 72
1
 73
0
 0
INSERT
 8
UNIFILAR
 6
CONTINUOUS
 62
94
 2
ROCIADOR_AUTOMATICO_IPCI
10
19.247403
20
3.378424
30
12.8
41
0.04375
42
0.04375
43
1
 50
0
 0
TEXT
 8
TEXTO_NUDOS
 6
CONTINUOUS
 62
94
10
19.247403
20
3.494049
30
12.8
11
19.247403
21
3.494049
31
12.8
 1
100
 7
ROMANS
 40
0.06
 41
1
 50
0
 72
1
 73
0
 0
INSERT
 8
UNIFILAR
 6
CONTINUOUS
 62
94
 2
NUDO_DERIVACION_IPCI
10
9.038587
20
0.109975
30
12.8
41
0.045
42
0.045
43
1
 50
0
 0
TEXT
 8
TEXTO_NUDOS
 6
CONTINUOUS
 62
94
10
9.038587
20
0.193725
30
12.8
11
9.038587
21
0.193725
31
12.8
 1
91
 7
ROMANS
 40
0.06
 41
1
 50
0
 72
1
 73
0
 0
INSERT
 8
UNIFILAR
 6
CONTINUOUS
 62
94
 2
ROCIADOR_AUTOMATICO_IPCI
10
10.623734
20
2.189975
30
12.8
41
0.04375
42
0.04375
43
1
 50
0
 0
TEXT
 8
TEXTO_NUDOS
 6
CONTINUOUS
 62
94
10
10.623734
20
2.3056
30
12.8
11
10.623734
21
2.3056
31
12.8
 1
93
 7
ROMANS
 40
0.06
 41
1
 50
0
 72
1
 73
0
 0
INSERT
 8
UNIFILAR
 6
CONTINUOUS
 62
94
 2
NUDO_DERIVACION_IPCI
10
9.038587
20
2.189975
30
12.8
41
0.045
42
0.045
43
1
 50
0
 0
TEXT
 8
TEXTO_NUDOS
 6
CONTINUOUS
 62
94
10
9.038587
20
2.273725
30
12.8
11
9.038587
21
2.273725
31
12.8
 1
92
 7
ROMANS
 40
0.06
 41
1
 50
0
 72
1
 73
0
 0
INSERT
 8
UNIFILAR
 6
CONTINUOUS
 62
94
 2
NUDO_PASO_IPCI
10
20.107396
20
3.375022
30
12.8
41
0.02
42
0.02
43
1
 50
0
 0
INSERT
 8
UNIFILAR
 6
CONTINUOUS
 62
94
 2
ROCIADOR_AUTOMATICO_IPCI
10
27.230308
20
3.735609
30
12.8
41
0.04375
42
0.04375
43
1
 50
0
 0
TEXT
 8
TEXTO_NUDOS
 6
CONTINUOUS
 62
94
10
27.230308
20
3.851234
30
12.8
11
27.230308
21
3.851234
31
12.8
 1
102
 7
ROMANS
 40
0.06
 41
1
 50
0
 72
1
 73
0
 0
INSERT
 8
UNIFILAR
 6
CONTINUOUS
 62
94
 2
ROCIADOR_AUTOMATICO_IPCI
10
23.592361
20
4.35167
30
12.8
41
0.04375
42
0.04375
43
1
 50
0
 0
TEXT
 8
TEXTO_NUDOS
 6
CONTINUOUS
 62
94
10
23.592361
20
4.467295
30
12.8
11
23.592361
21
4.467295
31
12.8
 1
101
 7
ROMANS
 40
0.06
 41
1
 50
0
 72
1
 73
0
 0
INSERT
 8
UNIFILAR
 6
CONTINUOUS
 62
94
 2
NUDO_PASO_IPCI
10
21.219403
20
4.35167
30
12.8
41
0.02
42
0.02
43
1
 50
0
 0
INSERT
 8
UNIFILAR
 6
CONTINUOUS
 62
94
 2
NUDO_PASO_IPCI
10
27.230308
20
4.35167
30
12.8
41
0.02
42
0.02
43
1
 50
0
 0
INSERT
 8
UNIFILAR
 6
CONTINUOUS
 62
94
 2
NUDO_PASO_IPCI
10
3.995961
20
11.285356
30
12.8
41
0.02
42
0.02
43
1
 50
0
 0
INSERT
 8
UNIFILAR
 6
CONTINUOUS
 62
94
 2
NUDO_PASO_IPCI
10
16.293314
20
11.285356
30
12.8
41
0.02
42
0.02
43
1
 50
0
 0
INSERT
 8
UNIFILAR
 6
CONTINUOUS
 62
94
 2
NUDO_DERIVACION_IPCI
10
16.293153
20
8.016907
30
12.8
41
0.045
42
0.045
43
1
 50
0
 0
TEXT
 8
TEXTO_NUDOS
 6
CONTINUOUS
 62
94
10
16.293153
20
8.100657
30
12.8
11
16.293153
21
8.100657
31
12.8
 1
115
 7
ROMANS
 40
0.06
 41
1
 50
0
 72
1
 73
0
 0
INSERT
 8
UNIFILAR
 6
CONTINUOUS
 62
94
 2
ROCIADOR_AUTOMATICO_IPCI
10
5.081028
20
9.787558
30
12.8
41
0.04375
42
0.04375
43
1
 50
0
 0
TEXT
 8
TEXTO_NUDOS
 6
CONTINUOUS
 62
94
10
5.081028
20
9.903183
30
12.8
11
5.081028
21
9.903183
31
12.8
 1
107
 7
ROMANS
 40
0.06
 41
1
 50
0
 72
1
 73
0
 0
INSERT
 8
UNIFILAR
 6
CONTINUOUS
 62
94
 2
ROCIADOR_AUTOMATICO_IPCI
10
1.308124
20
8.972208
30
12.8
41
0.04375
42
0.04375
43
1
 50
0
 0
TEXT
 8
TEXTO_NUDOS
 6
CONTINUOUS
 62
94
10
1.308124
20
9.087833
30
12.8
11
1.308124
21
9.087833
31
12.8
 1
105
 7
ROMANS
 40
0.06
 41
1
 50
0
 72
1
 73
0
 0
INSERT
 8
UNIFILAR
 6
CONTINUOUS
 62
94
 2
NUDO_DERIVACION_IPCI
10
3.997935
20
8.972215
30
12.8
41
0.045
42
0.045
43
1
 50
0
 0
TEXT
 8
TEXTO_NUDOS
 6
CONTINUOUS
 62
94
10
3.997935
20
9.055965
30
12.8
11
3.997935
21
9.055965
31
12.8
 1
104
 7
ROMANS
 40
0.06
 41
1
 50
0
 72
1
 73
0
 0
INSERT
 8
UNIFILAR
 6
CONTINUOUS
 62
94
 2
NUDO_DERIVACION_IPCI
10
3.995961
20
9.787558
30
12.8
41
0.045
42
0.045
43
1
 50
0
 0
TEXT
 8
TEXTO_NUDOS
 6
CONTINUOUS
 62
94
10
3.995961
20
9.871308
30
12.8
11
3.995961
21
9.871308
31
12.8
 1
106
 7
ROMANS
 40
0.06
 41
1
 50
0
 72
1
 73
0
 0
INSERT
 8
UNIFILAR
 6
CONTINUOUS
 62
94
 2
ROCIADOR_AUTOMATICO_IPCI
10
7.258587
20
8.04428
30
12.8
41
0.04375
42
0.04375
43
1
 50
0
 0
TEXT
 8
TEXTO_NUDOS
 6
CONTINUOUS
 62
94
10
7.258587
20
8.159905
30
12.8
11
7.258587
21
8.159905
31
12.8
 1
111
 7
ROMANS
 40
0.06
 41
1
 50
0
 72
1
 73
0
 0
INSERT
 8
UNIFILAR
 6
CONTINUOUS
 62
94
 2
ROCIADOR_AUTOMATICO_IPCI
10
12.962591
20
11.285356
30
12.8
41
0.04375
42
0.04375
43
1
 50
0
 0
TEXT
 8
TEXTO_NUDOS
 6
CONTINUOUS
 62
94
10
12.962591
20
11.400981
30
12.8
11
12.962591
21
11.400981
31
12.8
 1
112
 7
ROMANS
 40
0.06
 41
1
 50
0
 72
1
 73
0
 0
INSERT
 8
UNIFILAR
 6
CONTINUOUS
 62
94
 2
ROCIADOR_AUTOMATICO_IPCI
10
15.091072
20
6.814825
30
12.8
41
0.04375
42
0.04375
43
1
 50
0
 0
TEXT
 8
TEXTO_NUDOS
 6
CONTINUOUS
 62
94
10
15.091072
20
6.93045
30
12.8
11
15.091072
21
6.93045
31
12.8
 1
116
 7
ROMANS
 40
0.06
 41
1
 50
0
 72
1
 73
0
 0
INSERT
 8
UNIFILAR
 6
CONTINUOUS
 62
94
 2
ROCIADOR_AUTOMATICO_IPCI
10
18.833337
20
10.053085
30
12.8
41
0.04375
42
0.04375
43
1
 50
0
 0
TEXT
 8
TEXTO_NUDOS
 6
CONTINUOUS
 62
94
10
18.833337
20
10.16871
30
12.8
11
18.833337
21
10.16871
31
12.8
 1
114
 7
ROMANS
 40
0.06
 41
1
 50
0
 72
1
 73
0
 0
INSERT
 8
UNIFILAR
 6
CONTINUOUS
 62
94
 2
ROCIADOR_AUTOMATICO_IPCI
10
16.293337
20
10.053085
30
12.8
41
0.04375
42
0.04375
43
1
 50
0
 0
TEXT
 8
TEXTO_NUDOS
 6
CONTINUOUS
 62
94
10
16.293337
20
10.16871
30
12.8
11
16.293337
21
10.16871
31
12.8
 1
113
 7
ROMANS
 40
0.06
 41
1
 50
0
 72
1
 73
0
 0
INSERT
 8
UNIFILAR
 6
CONTINUOUS
 62
94
 2
ROCIADOR_AUTOMATICO_IPCI
10
19.247403
20
8.016907
30
12.8
41
0.04375
42
0.04375
43
1
 50
0
 0
TEXT
 8
TEXTO_NUDOS
 6
CONTINUOUS
 62
94
10
19.247403
20
8.132532
30
12.8
11
19.247403
21
8.132532
31
12.8
 1
117
 7
ROMANS
 40
0.06
 41
1
 50
0
 72
1
 73
0
 0
INSERT
 8
UNIFILAR
 6
CONTINUOUS
 62
94
 2
NUDO_DERIVACION_IPCI
10
9.038587
20
11.285356
30
12.8
41
0.045
42
0.045
43
1
 50
0
 0
TEXT
 8
TEXTO_NUDOS
 6
CONTINUOUS
 62
94
10
9.038587
20
11.369106
30
12.8
11
9.038587
21
11.369106
31
12.8
 1
108
 7
ROMANS
 40
0.06
 41
1
 50
0
 72
1
 73
0
 0
INSERT
 8
UNIFILAR
 6
CONTINUOUS
 62
94
 2
ROCIADOR_AUTOMATICO_IPCI
10
10.623734
20
9.205356
30
12.8
41
0.04375
42
0.04375
43
1
 50
0
 0
TEXT
 8
TEXTO_NUDOS
 6
CONTINUOUS
 62
94
10
10.623734
20
9.320981
30
12.8
11
10.623734
21
9.320981
31
12.8
 1
110
 7
ROMANS
 40
0.06
 41
1
 50
0
 72
1
 73
0
 0
INSERT
 8
UNIFILAR
 6
CONTINUOUS
 62
94
 2
NUDO_DERIVACION_IPCI
10
9.038587
20
9.205356
30
12.8
41
0.045
42
0.045
43
1
 50
0
 0
TEXT
 8
TEXTO_NUDOS
 6
CONTINUOUS
 62
94
10
9.038587
20
9.289106
30
12.8
11
9.038587
21
9.289106
31
12.8
 1
109
 7
ROMANS
 40
0.06
 41
1
 50
0
 72
1
 73
0
 0
INSERT
 8
UNIFILAR
 6
CONTINUOUS
 62
94
 2
NUDO_PASO_IPCI
10
20.107396
20
8.020309
30
12.8
41
0.02
42
0.02
43
1
 50
0
 0
INSERT
 8
UNIFILAR
 6
CONTINUOUS
 62
94
 2
ROCIADOR_AUTOMATICO_IPCI
10
27.230308
20
7.659722
30
12.8
41
0.04375
42
0.04375
43
1
 50
0
 0
TEXT
 8
TEXTO_NUDOS
 6
CONTINUOUS
 62
94
10
27.230308
20
7.775347
30
12.8
11
27.230308
21
7.775347
31
12.8
 1
119
 7
ROMANS
 40
0.06
 41
1
 50
0
 72
1
 73
0
 0
INSERT
 8
UNIFILAR
 6
CONTINUOUS
 62
94
 2
ROCIADOR_AUTOMATICO_IPCI
10
23.592361
20
7.043661
30
12.8
41
0.04375
42
0.04375
43
1
 50
0
 0
TEXT
 8
TEXTO_NUDOS
 6
CONTINUOUS
 62
94
10
23.592361
20
7.159286
30
12.8
11
23.592361
21
7.159286
31
12.8
 1
118
 7
ROMANS
 40
0.06
 41
1
 50
0
 72
1
 73
0
 0
INSERT
 8
UNIFILAR
 6
CONTINUOUS
 62
94
 2
NUDO_PASO_IPCI
10
21.219403
20
7.043661
30
12.8
41
0.02
42
0.02
43
1
 50
0
 0
INSERT
 8
UNIFILAR
 6
CONTINUOUS
 62
94
 2
NUDO_PASO_IPCI
10
27.230308
20
7.043661
30
12.8
41
0.02
42
0.02
43
1
 50
0
 0
INSERT
 8
UNIFILAR
 6
CONTINUOUS
 62
94
 2
ROCIADOR_AUTOMATICO_IPCI
10
3.558046
20
5.655372
30
12.8
41
0.04375
42
0.04375
43
1
 50
0
 0
TEXT
 8
TEXTO_NUDOS
 6
CONTINUOUS
 62
94
10
3.558046
20
5.770997
30
12.8
11
3.558046
21
5.770997
31
12.8
 1
120
 7
ROMANS
 40
0.06
 41
1
 50
0
 72
1
 73
0
 0
INSERT
 8
UNIFILAR
 6
CONTINUOUS
 62
94
 2
ROCIADOR_AUTOMATICO_IPCI
10
0.068072
20
5.656678
30
11.68
41
0.04375
42
0.04375
43
1
 50
0
 0
TEXT
 8
TEXTO_NUDOS
 6
CONTINUOUS
 62
94
10
0.068072
20
5.772303
30
11.68
11
0.068072
21
5.772303
31
11.68
 1
121
 7
ROMANS
 40
0.06
 41
1
 50
0
 72
1
 73
0
 0
INSERT
 8
UNIFILAR
 6
CONTINUOUS
 62
94
 2
NUDO_DERIVACION_IPCI
10
3.997935
20
5.655372
30
12.8
41
0.045
42
0.045
43
1
 50
0
 0
TEXT
 8
TEXTO_NUDOS
 6
CONTINUOUS
 62
94
10
3.997935
20
5.739122
30
12.8
11
3.997935
21
5.739122
31
12.8
 1
103
 7
ROMANS
 40
0.06
 41
1
 50
0
 72
1
 73
0
 0
INSERT
 8
UNIFILAR
 6
CONTINUOUS
 62
94
 2
NUDO_PASO_IPCI
10
2.588046
20
5.655372
30
12.8
41
0.02
42
0.02
43
1
 50
0
 0
INSERT
 8
UNIFILAR
 6
CONTINUOUS
 62
94
 2
NUDO_PASO_IPCI
10
0.828046
20
5.656678
30
11.68
41
0.02
42
0.02
43
1
 50
0
 0
LINE
 8
UNIFILAR
 6
CONTINUOUS
 62
94
10
1.373749
20
2.423123
30
12.8
11
3.964185
21
2.423117
31
12.8
 0
TEXT
 8
TEXTO_RAMAS
 6
CONTINUOUS
 62
94
10
2.653029
20
2.47312
30
12.8
11
2.653029
21
2.47312
31
12.8
 1
87 Ø1"
 7
ROMANS
 40
0.06
 41
1
 50
359.999861
 72
1
 73
0
 0
TEXT
 8
TEXTO_RAMAS
 6
CONTINUOUS
 62
94
10
2.653029
20
2.37312
30
12.8
11
2.653029
21
2.37312
31
12.8
 1
2.69m
 7
ROMANS
 40
0.06
 41
1
 50
359.999861
 72
1
 73
3
 0
LINE
 8
UNIFILAR
 6
CONTINUOUS
 62
94
10
5.015403
20
1.607773
30
12.8
11
4.029711
21
1.607773
31
12.8
 0
TEXT
 8
TEXTO_RAMAS
 6
CONTINUOUS
 62
94
10
4.538495
20
1.657773
30
12.8
11
4.538495
21
1.657773
31
12.8
 1
89 Ø1"
 7
ROMANS
 40
0.06
 41
1
 50
0
 72
1
 73
0
 0
TEXT
 8
TEXTO_RAMAS
 6
CONTINUOUS
 62
94
10
4.538495
20
1.557773
30
12.8
11
4.538495
21
1.557773
31
12.8
 1
1.09m
 7
ROMANS
 40
0.06
 41
1
 50
0
 72
1
 73
3
 0
LINE
 8
UNIFILAR
 6
CONTINUOUS
 62
94
10
3.997853
20
2.389367
30
12.8
11
3.996043
21
1.641523
31
12.8
 0
TEXT
 8
TEXTO_RAMAS
 6
CONTINUOUS
 62
94
10
3.946948
20
2.015566
30
12.8
11
3.946948
21
2.015566
31
12.8
 1
88 Ø1 1/4"
 7
ROMANS
 40
0.06
 41
1
 50
89.861308
 72
1
 73
0
 0
TEXT
 8
TEXTO_RAMAS
 6
CONTINUOUS
 62
94
10
4.046948
20
2.015324
30
12.8
11
4.046948
21
2.015324
31
12.8
 1
0.82m
 7
ROMANS
 40
0.06
 41
1
 50
89.861308
 72
1
 73
3
 0
LINE
 8
UNIFILAR
 6
CONTINUOUS
 62
94
10
3.995961
20
1.574023
30
12.8
11
3.995961
21
0.124975
31
12.8
 0
LINE
 8
UNIFILAR
 6
CONTINUOUS
 62
94
10
4.010961
20
0.109975
30
12.8
11
9.004837
21
0.109975
31
12.8
 0
TEXT
 8
TEXTO_RAMAS
 6
CONTINUOUS
 62
94
10
6.517274
20
0.159975
30
12.8
11
6.517274
21
0.159975
31
12.8
 1
90 Ø1 1/4"
 7
ROMANS
 40
0.06
 41
1
 50
0
 72
1
 73
0
 0
TEXT
 8
TEXTO_RAMAS
 6
CONTINUOUS
 62
94
10
6.517274
20
0.059975
30
12.8
11
6.517274
21
0.059975
31
12.8
 1
6.54m
 7
ROMANS
 40
0.06
 41
1
 50
0
 72
1
 73
3
 0
LINE
 8
UNIFILAR
 6
CONTINUOUS
 62
94
10
4.300153
20
3.548424
30
10.3
11
4.009242
21
3.548424
31
10.3
 0
LINE
 8
UNIFILAR
 6
CONTINUOUS
 62
94
10
3.994242
20
3.548424
30
10.3
11
3.997148
21
3.546147
31
11.8
 0
TEXT
 8
TEXTO_RAMAS
 6
CONTINUOUS
 62
94
10
4.163698
20
3.598424
30
10.3
11
4.163698
21
3.598424
31
10.3
 1
84 Ø1 1/4"
 7
ROMANS
 40
0.06
 41
1
 50
0
 72
1
 73
0
 0
TEXT
 8
TEXTO_RAMAS
 6
CONTINUOUS
 62
94
10
4.163698
20
3.498424
30
10.3
11
4.163698
21
3.498424
31
10.3
 1
0.34m
 7
ROMANS
 40
0.06
 41
1
 50
0
 72
1
 73
3
 0
LINE
 8
UNIFILAR
 6
CONTINUOUS
 62
94
10
4.213698
20
3.534424
30
10.3
11
4.163698
21
3.548424
31
10.3
 0
LINE
 8
UNIFILAR
 6
CONTINUOUS
 62
94
10
4.213698
20
3.562424
30
10.3
11
4.163698
21
3.548424
31
10.3
 0
LINE
 8
UNIFILAR
 6
CONTINUOUS
 62
94
10
3.997148
20
3.546147
30
11.8
11
3.997935
21
3.545372
31
12.8
 0
TEXT
 8
TEXTO_RAMAS
 6
CONTINUOUS
 62
94
10
4.032637
20
3.581373
30
12.3
11
4.032637
21
3.581373
31
12.3
 1
85 Ø1 1/4"
 7
ROMANS
 40
0.06
 41
1
 50
315.419321
 72
1
 73
0
 0
TEXT
 8
TEXTO_RAMAS
 6
CONTINUOUS
 62
94
10
3.962446
20
3.510146
30
12.3
11
3.962446
21
3.510146
31
12.3
 1
0m
 7
ROMANS
 40
0.06
 41
1
 50
315.419321
 72
1
 73
3
 0
LINE
 8
UNIFILAR
 6
CONTINUOUS
 62
94
10
3.967143
20
3.561598
30
11.8
11
3.487917
21
3.808379
31
11.8
 0
TEXT
 8
TEXTO_RAMAS
 6
CONTINUOUS
 62
94
10
3.718748
20
3.745751
30
11.8
11
3.718748
21
3.745751
31
11.8
 1
121 Ø1 1/4"
 7
ROMANS
 40
0.06
 41
1
 50
332.753468
 72
1
 73
0
 0
TEXT
 8
TEXTO_RAMAS
 6
CONTINUOUS
 62
94
10
3.672966
20
3.656847
30
11.8
11
3.672966
21
3.656847
31
11.8
 1
0.68m
 7
ROMANS
 40
0.06
 41
1
 50
332.753468
 72
1
 73
3
 0
LINE
 8
UNIFILAR
 6
CONTINUOUS
 62
94
10
3.7339
20
3.665961
30
11.8
11
3.695857
21
3.701299
31
11.8
 0
LINE
 8
UNIFILAR
 6
CONTINUOUS
 62
94
10
3.746719
20
3.690855
30
11.8
11
3.695857
21
3.701299
31
11.8
 0
LINE
 8
UNIFILAR
 6
CONTINUOUS
 62
94
10
3.997935
20
3.511622
30
12.8
11
3.997935
21
2.456867
31
12.8
 0
TEXT
 8
TEXTO_RAMAS
 6
CONTINUOUS
 62
94
10
3.947935
20
2.984244
30
12.8
11
3.947935
21
2.984244
31
12.8
 1
86 Ø1 1/4"
 7
ROMANS
 40
0.06
 41
1
 50
90
 72
1
 73
0
 0
TEXT
 8
TEXTO_RAMAS
 6
CONTINUOUS
 62
94
10
4.047935
20
2.984244
30
12.8
11
4.047935
21
2.984244
31
12.8
 1
1.12m
 7
ROMANS
 40
0.06
 41
1
 50
90
 72
1
 73
3
 0
LINE
 8
UNIFILAR
 6
CONTINUOUS
 62
94
10
9.038587
20
0.143725
30
12.8
11
9.038587
21
2.156225
31
12.8
 0
TEXT
 8
TEXTO_RAMAS
 6
CONTINUOUS
 62
94
10
8.988587
20
1.149975
30
12.8
11
8.988587
21
1.149975
31
12.8
 1
91 Ø1"
 7
ROMANS
 40
0.06
 41
1
 50
90
 72
1
 73
0
 0
TEXT
 8
TEXTO_RAMAS
 6
CONTINUOUS
 62
94
10
9.088587
20
1.149975
30
12.8
11
9.088587
21
1.149975
31
12.8
 1
2.08m
 7
ROMANS
 40
0.06
 41
1
 50
90
 72
1
 73
3
 0
LINE
 8
UNIFILAR
 6
CONTINUOUS
 62
94
10
9.072337
20
2.189975
30
12.8
11
10.558109
21
2.189975
31
12.8
 0
TEXT
 8
TEXTO_RAMAS
 6
CONTINUOUS
 62
94
10
9.83116
20
2.239975
30
12.8
11
9.83116
21
2.239975
31
12.8
 1
92 Ø1"
 7
ROMANS
 40
0.06
 41
1
 50
0
 72
1
 73
0
 0
TEXT
 8
TEXTO_RAMAS
 6
CONTINUOUS
 62
94
10
9.83116
20
2.139975
30
12.8
11
9.83116
21
2.139975
31
12.8
 1
1.59m
 7
ROMANS
 40
0.06
 41
1
 50
0
 72
1
 73
3
 0
LINE
 8
UNIFILAR
 6
CONTINUOUS
 62
94
10
9.072337
20
0.109975
30
12.8
11
12.896966
21
0.109975
31
12.8
 0
TEXT
 8
TEXTO_RAMAS
 6
CONTINUOUS
 62
94
10
11.000589
20
0.159975
30
12.8
11
11.000589
21
0.159975
31
12.8
 1
94 Ø1 1/4"
 7
ROMANS
 40
0.06
 41
1
 50
0
 72
1
 73
0
 0
TEXT
 8
TEXTO_RAMAS
 6
CONTINUOUS
 62
94
10
11.000589
20
0.059975
30
12.8
11
11.000589
21
0.059975
31
12.8
 1
3.92m
 7
ROMANS
 40
0.06
 41
1
 50
0
 72
1
 73
3
 0
LINE
 8
UNIFILAR
 6
CONTINUOUS
 62
94
10
13.028216
20
0.109975
30
12.8
11
16.278314
21
0.109975
31
12.8
 0
LINE
 8
UNIFILAR
 6
CONTINUOUS
 62
94
10
16.293315
20
0.124975
30
12.8
11
16.293336
21
1.276621
31
12.8
 0
TEXT
 8
TEXTO_RAMAS
 6
CONTINUOUS
 62
94
10
14.627953
20
0.159975
30
12.8
11
14.627953
21
0.159975
31
12.8
 1
95 Ø1 1/4"
 7
ROMANS
 40
0.06
 41
1
 50
0
 72
1
 73
0
 0
TEXT
 8
TEXTO_RAMAS
 6
CONTINUOUS
 62
94
10
14.627953
20
0.059975
30
12.8
11
14.627953
21
0.059975
31
12.8
 1
4.56m
 7
ROMANS
 40
0.06
 41
1
 50
0
 72
1
 73
3
 0
LINE
 8
UNIFILAR
 6
CONTINUOUS
 62
94
10
16.358962
20
1.342246
30
12.8
11
18.767712
21
1.342246
31
12.8
 0
TEXT
 8
TEXTO_RAMAS
 6
CONTINUOUS
 62
94
10
17.563337
20
1.392246
30
12.8
11
17.563337
21
1.392246
31
12.8
 1
96 Ø1"
 7
ROMANS
 40
0.06
 41
1
 50
0
 72
1
 73
0
 0
TEXT
 8
TEXTO_RAMAS
 6
CONTINUOUS
 62
94
10
17.563337
20
1.292246
30
12.8
11
17.563337
21
1.292246
31
12.8
 1
2.54m
 7
ROMANS
 40
0.06
 41
1
 50
0
 72
1
 73
3
 0
LINE
 8
UNIFILAR
 6
CONTINUOUS
 62
94
10
16.293331
20
1.407871
30
12.8
11
16.293156
21
3.344674
31
12.8
 0
TEXT
 8
TEXTO_RAMAS
 6
CONTINUOUS
 62
94
10
16.343245
20
2.36034
30
12.8
11
16.343245
21
2.36034
31
12.8
 1
97 Ø1 1/4"
 7
ROMANS
 40
0.06
 41
1
 50
270.005183
 72
1
 73
0
 0
TEXT
 8
TEXTO_RAMAS
 6
CONTINUOUS
 62
94
10
16.243245
20
2.360331
30
12.8
11
16.243245
21
2.360331
31
12.8
 1
2.04m
 7
ROMANS
 40
0.06
 41
1
 50
270.005183
 72
1
 73
3
 0
LINE
 8
UNIFILAR
 6
CONTINUOUS
 62
94
10
9.010319
20
2.208414
30
12.8
11
7.313552
21
3.315198
31
12.8
 0
TEXT
 8
TEXTO_RAMAS
 6
CONTINUOUS
 62
94
10
8.175904
20
2.812391
30
12.8
11
8.175904
21
2.812391
31
12.8
 1
93 Ø1"
 7
ROMANS
 40
0.06
 41
1
 50
326.88401
 72
1
 73
0
 0
TEXT
 8
TEXTO_RAMAS
 6
CONTINUOUS
 62
94
10
8.12127
20
2.728635
30
12.8
11
8.12127
21
2.728635
31
12.8
 1
2.13m
 7
ROMANS
 40
0.06
 41
1
 50
326.88401
 72
1
 73
3
 0
LINE
 8
UNIFILAR
 6
CONTINUOUS
 62
94
10
16.269288
20
3.402289
30
12.8
11
15.137476
21
4.534102
31
12.8
 0
TEXT
 8
TEXTO_RAMAS
 6
CONTINUOUS
 62
94
10
15.727468
20
4.01482
30
12.8
11
15.727468
21
4.01482
31
12.8
 1
98 Ø1"
 7
ROMANS
 40
0.06
 41
1
 50
315
 72
1
 73
0
 0
TEXT
 8
TEXTO_RAMAS
 6
CONTINUOUS
 62
94
10
15.656757
20
3.94411
30
12.8
11
15.656757
21
3.94411
31
12.8
 1
1.7m
 7
ROMANS
 40
0.06
 41
1
 50
315
 72
1
 73
3
 0
LINE
 8
UNIFILAR
 6
CONTINUOUS
 62
94
10
16.326903
20
3.378424
30
12.8
11
19.181778
21
3.378424
31
12.8
 0
TEXT
 8
TEXTO_RAMAS
 6
CONTINUOUS
 62
94
10
17.770278
20
3.428424
30
12.8
11
17.770278
21
3.428424
31
12.8
 1
99 Ø1 1/4"
 7
ROMANS
 40
0.06
 41
1
 50
0
 72
1
 73
0
 0
TEXT
 8
TEXTO_RAMAS
 6
CONTINUOUS
 62
94
10
17.770278
20
3.328424
30
12.8
11
17.770278
21
3.328424
31
12.8
 1
2.95m
 7
ROMANS
 40
0.06
 41
1
 50
0
 72
1
 73
3
 0
LINE
 8
UNIFILAR
 6
CONTINUOUS
 62
94
10
19.313027
20
3.378165
30
12.8
11
20.092396
21
3.375082
31
12.8
 0
LINE
 8
UNIFILAR
 6
CONTINUOUS
 62
94
10
20.118666
20
3.384921
30
12.8
11
21.208132
21
4.341772
31
12.8
 0
LINE
 8
UNIFILAR
 6
CONTINUOUS
 62
94
10
21.234403
20
4.35167
30
12.8
11
23.526736
21
4.35167
31
12.8
 0
TEXT
 8
TEXTO_RAMAS
 6
CONTINUOUS
 62
94
10
22.405882
20
4.40167
30
12.8
11
22.405882
21
4.40167
31
12.8
 1
100 Ø1"
 7
ROMANS
 40
0.06
 41
1
 50
0
 72
1
 73
0
 0
TEXT
 8
TEXTO_RAMAS
 6
CONTINUOUS
 62
94
10
22.405882
20
4.30167
30
12.8
11
22.405882
21
4.30167
31
12.8
 1
4.71m
 7
ROMANS
 40
0.06
 41
1
 50
0
 72
1
 73
3
 0
LINE
 8
UNIFILAR
 6
CONTINUOUS
 62
94
10
23.657986
20
4.35167
30
12.8
11
27.215308
21
4.35167
31
12.8
 0
LINE
 8
UNIFILAR
 6
CONTINUOUS
 62
94
10
27.230308
20
4.33667
30
12.8
11
27.230308
21
3.801234
31
12.8
 0
TEXT
 8
TEXTO_RAMAS
 6
CONTINUOUS
 62
94
10
25.411335
20
4.40167
30
12.8
11
25.411335
21
4.40167
31
12.8
 1
101 Ø1"
 7
ROMANS
 40
0.06
 41
1
 50
0
 72
1
 73
0
 0
TEXT
 8
TEXTO_RAMAS
 6
CONTINUOUS
 62
94
10
25.411335
20
4.30167
30
12.8
11
25.411335
21
4.30167
31
12.8
 1
4.25m
 7
ROMANS
 40
0.06
 41
1
 50
0
 72
1
 73
3
 0
LINE
 8
UNIFILAR
 6
CONTINUOUS
 62
94
10
1.373749
20
8.972208
30
12.8
11
3.964185
21
8.972214
31
12.8
 0
TEXT
 8
TEXTO_RAMAS
 6
CONTINUOUS
 62
94
10
2.653029
20
9.022211
30
12.8
11
2.653029
21
9.022211
31
12.8
 1
104 Ø1"
 7
ROMANS
 40
0.06
 41
1
 50
0.000139
 72
1
 73
0
 0
TEXT
 8
TEXTO_RAMAS
 6
CONTINUOUS
 62
94
10
2.653029
20
8.922211
30
12.8
11
2.653029
21
8.922211
31
12.8
 1
2.69m
 7
ROMANS
 40
0.06
 41
1
 50
0.000139
 72
1
 73
3
 0
LINE
 8
UNIFILAR
 6
CONTINUOUS
 62
94
10
5.015403
20
9.787558
30
12.8
11
4.029711
21
9.787558
31
12.8
 0
TEXT
 8
TEXTO_RAMAS
 6
CONTINUOUS
 62
94
10
4.538495
20
9.837558
30
12.8
11
4.538495
21
9.837558
31
12.8
 1
106 Ø1"
 7
ROMANS
 40
0.06
 41
1
 50
0
 72
1
 73
0
 0
TEXT
 8
TEXTO_RAMAS
 6
CONTINUOUS
 62
94
10
4.538495
20
9.737558
30
12.8
11
4.538495
21
9.737558
31
12.8
 1
1.09m
 7
ROMANS
 40
0.06
 41
1
 50
0
 72
1
 73
3
 0
LINE
 8
UNIFILAR
 6
CONTINUOUS
 62
94
10
3.997853
20
9.005964
30
12.8
11
3.996043
21
9.753808
31
12.8
 0
TEXT
 8
TEXTO_RAMAS
 6
CONTINUOUS
 62
94
10
4.046948
20
9.380007
30
12.8
11
4.046948
21
9.380007
31
12.8
 1
105 Ø1 1/4"
 7
ROMANS
 40
0.06
 41
1
 50
270.138692
 72
1
 73
0
 0
TEXT
 8
TEXTO_RAMAS
 6
CONTINUOUS
 62
94
10
3.946948
20
9.379765
30
12.8
11
3.946948
21
9.379765
31
12.8
 1
0.82m
 7
ROMANS
 40
0.06
 41
1
 50
270.138692
 72
1
 73
3
 0
LINE
 8
UNIFILAR
 6
CONTINUOUS
 62
94
10
3.995961
20
9.821308
30
12.8
11
3.995961
21
11.270356
31
12.8
 0
LINE
 8
UNIFILAR
 6
CONTINUOUS
 62
94
10
4.010961
20
11.285356
30
12.8
11
9.004837
21
11.285356
31
12.8
 0
TEXT
 8
TEXTO_RAMAS
 6
CONTINUOUS
 62
94
10
6.517274
20
11.335356
30
12.8
11
6.517274
21
11.335356
31
12.8
 1
107 Ø1 1/4"
 7
ROMANS
 40
0.06
 41
1
 50
0
 72
1
 73
0
 0
TEXT
 8
TEXTO_RAMAS
 6
CONTINUOUS
 62
94
10
6.517274
20
11.235356
30
12.8
11
6.517274
21
11.235356
31
12.8
 1
6.54m
 7
ROMANS
 40
0.06
 41
1
 50
0
 72
1
 73
3
 0
LINE
 8
UNIFILAR
 6
CONTINUOUS
 62
94
10
9.038587
20
11.251606
30
12.8
11
9.038587
21
9.239106
31
12.8
 0
TEXT
 8
TEXTO_RAMAS
 6
CONTINUOUS
 62
94
10
8.988587
20
10.245356
30
12.8
11
8.988587
21
10.245356
31
12.8
 1
108 Ø1"
 7
ROMANS
 40
0.06
 41
1
 50
90
 72
1
 73
0
 0
TEXT
 8
TEXTO_RAMAS
 6
CONTINUOUS
 62
94
10
9.088587
20
10.245356
30
12.8
11
9.088587
21
10.245356
31
12.8
 1
2.08m
 7
ROMANS
 40
0.06
 41
1
 50
90
 72
1
 73
3
 0
LINE
 8
UNIFILAR
 6
CONTINUOUS
 62
94
10
9.072337
20
9.205356
30
12.8
11
10.558109
21
9.205356
31
12.8
 0
TEXT
 8
TEXTO_RAMAS
 6
CONTINUOUS
 62
94
10
9.83116
20
9.255356
30
12.8
11
9.83116
21
9.255356
31
12.8
 1
109 Ø1"
 7
ROMANS
 40
0.06
 41
1
 50
0
 72
1
 73
0
 0
TEXT
 8
TEXTO_RAMAS
 6
CONTINUOUS
 62
94
10
9.83116
20
9.155356
30
12.8
11
9.83116
21
9.155356
31
12.8
 1
1.59m
 7
ROMANS
 40
0.06
 41
1
 50
0
 72
1
 73
3
 0
LINE
 8
UNIFILAR
 6
CONTINUOUS
 62
94
10
9.072337
20
11.285356
30
12.8
11
12.896966
21
11.285356
31
12.8
 0
TEXT
 8
TEXTO_RAMAS
 6
CONTINUOUS
 62
94
10
11.000589
20
11.335356
30
12.8
11
11.000589
21
11.335356
31
12.8
 1
111 Ø1 1/4"
 7
ROMANS
 40
0.06
 41
1
 50
0
 72
1
 73
0
 0
TEXT
 8
TEXTO_RAMAS
 6
CONTINUOUS
 62
94
10
11.000589
20
11.235356
30
12.8
11
11.000589
21
11.235356
31
12.8
 1
3.92m
 7
ROMANS
 40
0.06
 41
1
 50
0
 72
1
 73
3
 0
LINE
 8
UNIFILAR
 6
CONTINUOUS
 62
94
10
13.028216
20
11.285356
30
12.8
11
16.278314
21
11.285356
31
12.8
 0
LINE
 8
UNIFILAR
 6
CONTINUOUS
 62
94
10
16.293315
20
11.270356
30
12.8
11
16.293336
21
10.11871
31
12.8
 0
TEXT
 8
TEXTO_RAMAS
 6
CONTINUOUS
 62
94
10
14.627953
20
11.335356
30
12.8
11
14.627953
21
11.335356
31
12.8
 1
112 Ø1 1/4"
 7
ROMANS
 40
0.06
 41
1
 50
0
 72
1
 73
0
 0
TEXT
 8
TEXTO_RAMAS
 6
CONTINUOUS
 62
94
10
14.627953
20
11.235356
30
12.8
11
14.627953
21
11.235356
31
12.8
 1
4.56m
 7
ROMANS
 40
0.06
 41
1
 50
0
 72
1
 73
3
 0
LINE
 8
UNIFILAR
 6
CONTINUOUS
 62
94
10
16.358962
20
10.053085
30
12.8
11
18.767712
21
10.053085
31
12.8
 0
TEXT
 8
TEXTO_RAMAS
 6
CONTINUOUS
 62
94
10
17.563337
20
10.103085
30
12.8
11
17.563337
21
10.103085
31
12.8
 1
113 Ø1"
 7
ROMANS
 40
0.06
 41
1
 50
0
 72
1
 73
0
 0
TEXT
 8
TEXTO_RAMAS
 6
CONTINUOUS
 62
94
10
17.563337
20
10.003085
30
12.8
11
17.563337
21
10.003085
31
12.8
 1
2.54m
 7
ROMANS
 40
0.06
 41
1
 50
0
 72
1
 73
3
 0
LINE
 8
UNIFILAR
 6
CONTINUOUS
 62
94
10
16.293331
20
9.98746
30
12.8
11
16.293156
21
8.050657
31
12.8
 0
TEXT
 8
TEXTO_RAMAS
 6
CONTINUOUS
 62
94
10
16.243245
20
9.035
30
12.8
11
16.243245
21
9.035
31
12.8
 1
114 Ø1 1/4"
 7
ROMANS
 40
0.06
 41
1
 50
89.994817
 72
1
 73
0
 0
TEXT
 8
TEXTO_RAMAS
 6
CONTINUOUS
 62
94
10
16.343245
20
9.034991
30
12.8
11
16.343245
21
9.034991
31
12.8
 1
2.04m
 7
ROMANS
 40
0.06
 41
1
 50
89.994817
 72
1
 73
3
 0
LINE
 8
UNIFILAR
 6
CONTINUOUS
 62
94
10
9.010319
20
9.186917
30
12.8
11
7.313552
21
8.080134
31
12.8
 0
TEXT
 8
TEXTO_RAMAS
 6
CONTINUOUS
 62
94
10
8.12127
20
8.666696
30
12.8
11
8.12127
21
8.666696
31
12.8
 1
110 Ø1"
 7
ROMANS
 40
0.06
 41
1
 50
33.11599
 72
1
 73
0
 0
TEXT
 8
TEXTO_RAMAS
 6
CONTINUOUS
 62
94
10
8.175904
20
8.58294
30
12.8
11
8.175904
21
8.58294
31
12.8
 1
2.13m
 7
ROMANS
 40
0.06
 41
1
 50
33.11599
 72
1
 73
3
 0
LINE
 8
UNIFILAR
 6
CONTINUOUS
 62
94
10
16.269288
20
7.993042
30
12.8
11
15.137476
21
6.861229
31
12.8
 0
TEXT
 8
TEXTO_RAMAS
 6
CONTINUOUS
 62
94
10
15.656757
20
7.451222
30
12.8
11
15.656757
21
7.451222
31
12.8
 1
115 Ø1"
 7
ROMANS
 40
0.06
 41
1
 50
45
 72
1
 73
0
 0
TEXT
 8
TEXTO_RAMAS
 6
CONTINUOUS
 62
94
10
15.727468
20
7.380511
30
12.8
11
15.727468
21
7.380511
31
12.8
 1
1.7m
 7
ROMANS
 40
0.06
 41
1
 50
45
 72
1
 73
3
 0
LINE
 8
UNIFILAR
 6
CONTINUOUS
 62
94
10
16.326903
20
8.016907
30
12.8
11
19.181778
21
8.016907
31
12.8
 0
TEXT
 8
TEXTO_RAMAS
 6
CONTINUOUS
 62
94
10
17.770278
20
8.066907
30
12.8
11
17.770278
21
8.066907
31
12.8
 1
116 Ø1 1/4"
 7
ROMANS
 40
0.06
 41
1
 50
0
 72
1
 73
0
 0
TEXT
 8
TEXTO_RAMAS
 6
CONTINUOUS
 62
94
10
17.770278
20
7.966907
30
12.8
11
17.770278
21
7.966907
31
12.8
 1
2.95m
 7
ROMANS
 40
0.06
 41
1
 50
0
 72
1
 73
3
 0
LINE
 8
UNIFILAR
 6
CONTINUOUS
 62
94
10
19.313027
20
8.017167
30
12.8
11
20.092396
21
8.02025
31
12.8
 0
LINE
 8
UNIFILAR
 6
CONTINUOUS
 62
94
10
20.118666
20
8.01041
30
12.8
11
21.208132
21
7.053559
31
12.8
 0
LINE
 8
UNIFILAR
 6
CONTINUOUS
 62
94
10
21.234403
20
7.043661
30
12.8
11
23.526736
21
7.043661
31
12.8
 0
TEXT
 8
TEXTO_RAMAS
 6
CONTINUOUS
 62
94
10
22.405882
20
7.093661
30
12.8
11
22.405882
21
7.093661
31
12.8
 1
117 Ø1"
 7
ROMANS
 40
0.06
 41
1
 50
0
 72
1
 73
0
 0
TEXT
 8
TEXTO_RAMAS
 6
CONTINUOUS
 62
94
10
22.405882
20
6.993661
30
12.8
11
22.405882
21
6.993661
31
12.8
 1
4.71m
 7
ROMANS
 40
0.06
 41
1
 50
0
 72
1
 73
3
 0
LINE
 8
UNIFILAR
 6
CONTINUOUS
 62
94
10
23.657986
20
7.043661
30
12.8
11
27.215308
21
7.043661
31
12.8
 0
LINE
 8
UNIFILAR
 6
CONTINUOUS
 62
94
10
27.230308
20
7.058661
30
12.8
11
27.230308
21
7.594097
31
12.8
 0
TEXT
 8
TEXTO_RAMAS
 6
CONTINUOUS
 62
94
10
25.411335
20
7.093661
30
12.8
11
25.411335
21
7.093661
31
12.8
 1
118 Ø1"
 7
ROMANS
 40
0.06
 41
1
 50
360
 72
1
 73
0
 0
TEXT
 8
TEXTO_RAMAS
 6
CONTINUOUS
 62
94
10
25.411335
20
6.993661
30
12.8
11
25.411335
21
6.993661
31
12.8
 1
4.25m
 7
ROMANS
 40
0.06
 41
1
 50
0
 72
1
 73
3
 0
LINE
 8
UNIFILAR
 6
CONTINUOUS
 62
94
10
3.997935
20
3.579122
30
12.8
11
3.997935
21
5.621622
31
12.8
 0
TEXT
 8
TEXTO_RAMAS
 6
CONTINUOUS
 62
94
10
3.947935
20
4.600372
30
12.8
11
3.947935
21
4.600372
31
12.8
 1
102 Ø1 1/4"
 7
ROMANS
 40
0.06
 41
1
 50
90
 72
1
 73
0
 0
TEXT
 8
TEXTO_RAMAS
 6
CONTINUOUS
 62
94
10
4.047935
20
4.600372
30
12.8
11
4.047935
21
4.600372
31
12.8
 1
2.11m
 7
ROMANS
 40
0.06
 41
1
 50
90
 72
1
 73
3
 0
LINE
 8
UNIFILAR
 6
CONTINUOUS
 62
94
10
3.997935
20
5.689122
30
12.8
11
3.997935
21
8.938465
31
12.8
 0
TEXT
 8
TEXTO_RAMAS
 6
CONTINUOUS
 62
94
10
3.947935
20
7.313793
30
12.8
11
3.947935
21
7.313793
31
12.8
 1
103 Ø1 1/4"
 7
ROMANS
 40
0.06
 41
1
 50
90
 72
1
 73
0
 0
TEXT
 8
TEXTO_RAMAS
 6
CONTINUOUS
 62
94
10
4.047935
20
7.313793
30
12.8
11
4.047935
21
7.313793
31
12.8
 1
3.32m
 7
ROMANS
 40
0.06
 41
1
 50
90
 72
1
 73
3
 0
LINE
 8
UNIFILAR
 6
CONTINUOUS
 62
94
10
3.964185
20
5.655372
30
12.8
11
3.623671
21
5.655372
31
12.8
 0
TEXT
 8
TEXTO_RAMAS
 6
CONTINUOUS
 62
94
10
3.77799
20
5.705372
30
12.8
11
3.77799
21
5.705372
31
12.8
 1
119 Ø1"
 7
ROMANS
 40
0.06
 41
1
 50
0
 72
1
 73
0
 0
TEXT
 8
TEXTO_RAMAS
 6
CONTINUOUS
 62
94
10
3.77799
20
5.605372
30
12.8
11
3.77799
21
5.605372
31
12.8
 1
0.44m
 7
ROMANS
 40
0.06
 41
1
 50
0
 72
1
 73
3
 0
LINE
 8
UNIFILAR
 6
CONTINUOUS
 62
94
10
3.492421
20
5.655372
30
12.8
11
2.603046
21
5.655372
31
12.8
 0
LINE
 8
UNIFILAR
 6
CONTINUOUS
 62
94
10
2.573046
20
5.655383
30
12.8
11
0.843046
21
5.656667
31
11.68
 0
LINE
 8
UNIFILAR
 6
CONTINUOUS
 62
94
10
0.813046
20
5.656678
30
11.68
11
0.133697
21
5.656678
31
11.68
 0
TEXT
 8
TEXTO_RAMAS
 6
CONTINUOUS
 62
94
10
1.708083
20
5.706025
30
12.24
11
1.708083
21
5.706025
31
12.24
 1
120 Ø1"
 7
ROMANS
 40
0.06
 41
1
 50
359.957481
 72
1
 73
0
 0
TEXT
 8
TEXTO_RAMAS
 6
CONTINUOUS
 62
94
10
1.708009
20
5.606025
30
12.24
11
1.708009
21
5.606025
31
12.24
 1
3.49m
 7
ROMANS
 40
0.06
 41
1
 50
359.957481
 72
1
 73
3
 0
INSERT
 8
UNIFILAR
 6
CONTINUOUS
 62
94
 2
CONEXION_PLANTAS_IPCI
10
4.333153
20
3.548424
30
12.9
41
0.022
42
0.022
43
1
 50
0
 0
TEXT
 8
TEXTO_NUDOS
 6
CONTINUOUS
 62
94
10
4.333153
20
3.631424
30
12.9
11
4.333153
21
3.631424
31
12.9
 1
123
 7
ROMANS
 40
0.06
 41
1
 50
0
 72
1
 73
0
 0
INSERT
 8
UNIFILAR
 6
CONTINUOUS
 62
4
 2
BOCA_RELLENO_IPCI
10
3.394566
20
3.856451
30
14.4
41
0.0525
42
0.0525
43
1
 50
332.5
 0
INSERT
 8
UNIFILAR
 6
CONTINUOUS
 62
94
 2
BOCA_INCENDIOS_IPCI
10
3.394566
20
3.856451
30
14.4
41
0.0525
42
0.0525
43
1
 50
332.5
 0
TEXT
 8
TEXTO_NUDOS
 6
CONTINUOUS
 62
94
10
3.394566
20
4.189451
30
14.4
11
3.394566
21
4.189451
31
14.4
 1
125
 7
ROMANS
 40
0.06
 41
1
 50
0
 72
1
 73
0
 0
TEXT
 8
TEXTO_NUDOS
 6
CONTINUOUS
 62
94
10
3.394566
20
4.079451
30
14.4
11
3.394566
21
4.079451
31
14.4
 1
52.66
 7
ROMANS
 40
0.06
 41
1
 50
0
 72
1
 73
0
 0
TEXT
 8
TEXTO_NUDOS
 6
CONTINUOUS
 62
94
10
3.394566
20
3.969451
30
14.4
11
3.394566
21
3.969451
31
14.4
 1
1.59
 7
ROMANS
 40
0.06
 41
1
 50
0
 72
1
 73
0
 0
INSERT
 8
UNIFILAR
 6
CONTINUOUS
 62
94
 2
NUDO_PASO_IPCI
10
3.995961
20
0.109975
30
15.4
41
0.02
42
0.02
43
1
 50
0
 0
INSERT
 8
UNIFILAR
 6
CONTINUOUS
 62
94
 2
NUDO_PASO_IPCI
10
16.293314
20
0.109975
30
15.4
41
0.02
42
0.02
43
1
 50
0
 0
INSERT
 8
UNIFILAR
 6
CONTINUOUS
 62
94
 2
NUDO_DERIVACION_IPCI
10
16.293153
20
3.378424
30
15.4
41
0.045
42
0.045
43
1
 50
0
 0
TEXT
 8
TEXTO_NUDOS
 6
CONTINUOUS
 62
94
10
16.293153
20
3.462174
30
15.4
11
16.293153
21
3.462174
31
15.4
 1
138
 7
ROMANS
 40
0.06
 41
1
 50
0
 72
1
 73
0
 0
INSERT
 8
UNIFILAR
 6
CONTINUOUS
 62
94
 2
ROCIADOR_AUTOMATICO_IPCI
10
5.081028
20
1.607773
30
15.4
41
0.04375
42
0.04375
43
1
 50
0
 0
TEXT
 8
TEXTO_NUDOS
 6
CONTINUOUS
 62
94
10
5.081028
20
1.723398
30
15.4
11
5.081028
21
1.723398
31
15.4
 1
130
 7
ROMANS
 40
0.06
 41
1
 50
0
 72
1
 73
0
 0
INSERT
 8
UNIFILAR
 6
CONTINUOUS
 62
94
 2
ROCIADOR_AUTOMATICO_IPCI
10
1.308124
20
2.423123
30
15.4
41
0.04375
42
0.04375
43
1
 50
0
 0
TEXT
 8
TEXTO_NUDOS
 6
CONTINUOUS
 62
94
10
1.308124
20
2.538748
30
15.4
11
1.308124
21
2.538748
31
15.4
 1
128
 7
ROMANS
 40
0.06
 41
1
 50
0
 72
1
 73
0
 0
INSERT
 8
UNIFILAR
 6
CONTINUOUS
 62
94
 2
NUDO_DERIVACION_IPCI
10
3.997935
20
2.423117
30
15.4
41
0.045
42
0.045
43
1
 50
0
 0
TEXT
 8
TEXTO_NUDOS
 6
CONTINUOUS
 62
94
10
3.997935
20
2.506867
30
15.4
11
3.997935
21
2.506867
31
15.4
 1
127
 7
ROMANS
 40
0.06
 41
1
 50
0
 72
1
 73
0
 0
INSERT
 8
UNIFILAR
 6
CONTINUOUS
 62
94
 2
NUDO_DERIVACION_IPCI
10
3.995961
20
1.607773
30
15.4
41
0.045
42
0.045
43
1
 50
0
 0
TEXT
 8
TEXTO_NUDOS
 6
CONTINUOUS
 62
94
10
3.995961
20
1.691523
30
15.4
11
3.995961
21
1.691523
31
15.4
 1
129
 7
ROMANS
 40
0.06
 41
1
 50
0
 72
1
 73
0
 0
INSERT
 8
UNIFILAR
 6
CONTINUOUS
 62
94
 2
NUDO_PASO_IPCI
10
3.994242
20
3.548424
30
12.9
41
0.02
42
0.02
43
1
 50
0
 0
INSERT
 8
UNIFILAR
 6
CONTINUOUS
 62
94
 2
NUDO_DERIVACION_IPCI
10
3.997935
20
3.545372
30
15.4
41
0.045
42
0.045
43
1
 50
0
 0
TEXT
 8
TEXTO_NUDOS
 6
CONTINUOUS
 62
94
10
3.997935
20
3.629122
30
15.4
11
3.997935
21
3.629122
31
15.4
 1
126
 7
ROMANS
 40
0.06
 41
1
 50
0
 72
1
 73
0
 0
INSERT
 8
UNIFILAR
 6
CONTINUOUS
 62
94
 2
ROCIADOR_AUTOMATICO_IPCI
10
7.258587
20
3.351051
30
15.4
41
0.04375
42
0.04375
43
1
 50
0
 0
TEXT
 8
TEXTO_NUDOS
 6
CONTINUOUS
 62
94
10
7.258587
20
3.466676
30
15.4
11
7.258587
21
3.466676
31
15.4
 1
134
 7
ROMANS
 40
0.06
 41
1
 50
0
 72
1
 73
0
 0
INSERT
 8
UNIFILAR
 6
CONTINUOUS
 62
94
 2
ROCIADOR_AUTOMATICO_IPCI
10
12.962591
20
0.109975
30
15.4
41
0.04375
42
0.04375
43
1
 50
0
 0
TEXT
 8
TEXTO_NUDOS
 6
CONTINUOUS
 62
94
10
12.962591
20
0.2256
30
15.4
11
12.962591
21
0.2256
31
15.4
 1
135
 7
ROMANS
 40
0.06
 41
1
 50
0
 72
1
 73
0
 0
INSERT
 8
UNIFILAR
 6
CONTINUOUS
 62
94
 2
ROCIADOR_AUTOMATICO_IPCI
10
15.091072
20
4.580506
30
15.4
41
0.04375
42
0.04375
43
1
 50
0
 0
TEXT
 8
TEXTO_NUDOS
 6
CONTINUOUS
 62
94
10
15.091072
20
4.696131
30
15.4
11
15.091072
21
4.696131
31
15.4
 1
139
 7
ROMANS
 40
0.06
 41
1
 50
0
 72
1
 73
0
 0
INSERT
 8
UNIFILAR
 6
CONTINUOUS
 62
94
 2
ROCIADOR_AUTOMATICO_IPCI
10
18.833337
20
1.342246
30
15.4
41
0.04375
42
0.04375
43
1
 50
0
 0
TEXT
 8
TEXTO_NUDOS
 6
CONTINUOUS
 62
94
10
18.833337
20
1.457871
30
15.4
11
18.833337
21
1.457871
31
15.4
 1
137
 7
ROMANS
 40
0.06
 41
1
 50
0
 72
1
 73
0
 0
INSERT
 8
UNIFILAR
 6
CONTINUOUS
 62
94
 2
ROCIADOR_AUTOMATICO_IPCI
10
16.293337
20
1.342246
30
15.4
41
0.04375
42
0.04375
43
1
 50
0
 0
TEXT
 8
TEXTO_NUDOS
 6
CONTINUOUS
 62
94
10
16.293337
20
1.457871
30
15.4
11
16.293337
21
1.457871
31
15.4
 1
136
 7
ROMANS
 40
0.06
 41
1
 50
0
 72
1
 73
0
 0
INSERT
 8
UNIFILAR
 6
CONTINUOUS
 62
4
 2
ROCIADOR_RELLENO_IPCI
10
19.247403
20
3.378424
30
15.4
41
0.04375
42
0.04375
43
1
 50
0
 0
INSERT
 8
UNIFILAR
 6
CONTINUOUS
 62
94
 2
ROCIADOR_AUTOMATICO_IPCI
10
19.247403
20
3.378424
30
15.4
41
0.04375
42
0.04375
43
1
 50
0
 0
TEXT
 8
TEXTO_NUDOS
 6
CONTINUOUS
 62
94
10
19.247403
20
3.714049
30
15.4
11
19.247403
21
3.714049
31
15.4
 1
140
 7
ROMANS
 40
0.06
 41
1
 50
0
 72
1
 73
0
 0
TEXT
 8
TEXTO_NUDOS
 6
CONTINUOUS
 62
94
10
19.247403
20
3.604049
30
15.4
11
19.247403
21
3.604049
31
15.4
 1
37.17
 7
ROMANS
 40
0.06
 41
1
 50
0
 72
1
 73
0
 0
TEXT
 8
TEXTO_NUDOS
 6
CONTINUOUS
 62
94
10
19.247403
20
3.494049
30
15.4
11
19.247403
21
3.494049
31
15.4
 1
2.55
 7
ROMANS
 40
0.06
 41
1
 50
0
 72
1
 73
0
 0
INSERT
 8
UNIFILAR
 6
CONTINUOUS
 62
94
 2
NUDO_DERIVACION_IPCI
10
9.038587
20
0.109975
30
15.4
41
0.045
42
0.045
43
1
 50
0
 0
TEXT
 8
TEXTO_NUDOS
 6
CONTINUOUS
 62
94
10
9.038587
20
0.193725
30
15.4
11
9.038587
21
0.193725
31
15.4
 1
131
 7
ROMANS
 40
0.06
 41
1
 50
0
 72
1
 73
0
 0
INSERT
 8
UNIFILAR
 6
CONTINUOUS
 62
94
 2
ROCIADOR_AUTOMATICO_IPCI
10
10.623734
20
2.189975
30
15.4
41
0.04375
42
0.04375
43
1
 50
0
 0
TEXT
 8
TEXTO_NUDOS
 6
CONTINUOUS
 62
94
10
10.623734
20
2.3056
30
15.4
11
10.623734
21
2.3056
31
15.4
 1
133
 7
ROMANS
 40
0.06
 41
1
 50
0
 72
1
 73
0
 0
INSERT
 8
UNIFILAR
 6
CONTINUOUS
 62
94
 2
NUDO_DERIVACION_IPCI
10
9.038587
20
2.189975
30
15.4
41
0.045
42
0.045
43
1
 50
0
 0
TEXT
 8
TEXTO_NUDOS
 6
CONTINUOUS
 62
94
10
9.038587
20
2.273725
30
15.4
11
9.038587
21
2.273725
31
15.4
 1
132
 7
ROMANS
 40
0.06
 41
1
 50
0
 72
1
 73
0
 0
INSERT
 8
UNIFILAR
 6
CONTINUOUS
 62
94
 2
NUDO_PASO_IPCI
10
20.107396
20
3.375022
30
15.4
41
0.02
42
0.02
43
1
 50
0
 0
INSERT
 8
UNIFILAR
 6
CONTINUOUS
 62
4
 2
ROCIADOR_RELLENO_IPCI
10
27.230308
20
3.735609
30
15.4
41
0.04375
42
0.04375
43
1
 50
0
 0
INSERT
 8
UNIFILAR
 6
CONTINUOUS
 62
94
 2
ROCIADOR_AUTOMATICO_IPCI
10
27.230308
20
3.735609
30
15.4
41
0.04375
42
0.04375
43
1
 50
0
 0
TEXT
 8
TEXTO_NUDOS
 6
CONTINUOUS
 62
94
10
27.230308
20
4.071234
30
15.4
11
27.230308
21
4.071234
31
15.4
 1
142
 7
ROMANS
 40
0.06
 41
1
 50
0
 72
1
 73
0
 0
TEXT
 8
TEXTO_NUDOS
 6
CONTINUOUS
 62
94
10
27.230308
20
3.961234
30
15.4
11
27.230308
21
3.961234
31
15.4
 1
28.85
 7
ROMANS
 40
0.06
 41
1
 50
0
 72
1
 73
0
 0
TEXT
 8
TEXTO_NUDOS
 6
CONTINUOUS
 62
94
10
27.230308
20
3.851234
30
15.4
11
27.230308
21
3.851234
31
15.4
 1
2.24
 7
ROMANS
 40
0.06
 41
1
 50
0
 72
1
 73
0
 0
INSERT
 8
UNIFILAR
 6
CONTINUOUS
 62
4
 2
ROCIADOR_RELLENO_IPCI
10
23.592361
20
4.35167
30
15.4
41
0.04375
42
0.04375
43
1
 50
0
 0
INSERT
 8
UNIFILAR
 6
CONTINUOUS
 62
94
 2
ROCIADOR_AUTOMATICO_IPCI
10
23.592361
20
4.35167
30
15.4
41
0.04375
42
0.04375
43
1
 50
0
 0
TEXT
 8
TEXTO_NUDOS
 6
CONTINUOUS
 62
94
10
23.592361
20
4.687295
30
15.4
11
23.592361
21
4.687295
31
15.4
 1
141
 7
ROMANS
 40
0.06
 41
1
 50
0
 72
1
 73
0
 0
TEXT
 8
TEXTO_NUDOS
 6
CONTINUOUS
 62
94
10
23.592361
20
4.577295
30
15.4
11
23.592361
21
4.577295
31
15.4
 1
32.81
 7
ROMANS
 40
0.06
 41
1
 50
0
 72
1
 73
0
 0
TEXT
 8
TEXTO_NUDOS
 6
CONTINUOUS
 62
94
10
23.592361
20
4.467295
30
15.4
11
23.592361
21
4.467295
31
15.4
 1
2.39
 7
ROMANS
 40
0.06
 41
1
 50
0
 72
1
 73
0
 0
INSERT
 8
UNIFILAR
 6
CONTINUOUS
 62
94
 2
NUDO_PASO_IPCI
10
21.219403
20
4.35167
30
15.4
41
0.02
42
0.02
43
1
 50
0
 0
INSERT
 8
UNIFILAR
 6
CONTINUOUS
 62
94
 2
NUDO_PASO_IPCI
10
27.230308
20
4.35167
30
15.4
41
0.02
42
0.02
43
1
 50
0
 0
INSERT
 8
UNIFILAR
 6
CONTINUOUS
 62
94
 2
NUDO_PASO_IPCI
10
3.995961
20
11.285356
30
15.4
41
0.02
42
0.02
43
1
 50
0
 0
INSERT
 8
UNIFILAR
 6
CONTINUOUS
 62
94
 2
NUDO_PASO_IPCI
10
16.293314
20
11.285356
30
15.4
41
0.02
42
0.02
43
1
 50
0
 0
INSERT
 8
UNIFILAR
 6
CONTINUOUS
 62
94
 2
NUDO_DERIVACION_IPCI
10
16.293153
20
8.016907
30
15.4
41
0.045
42
0.045
43
1
 50
0
 0
TEXT
 8
TEXTO_NUDOS
 6
CONTINUOUS
 62
94
10
16.293153
20
8.100657
30
15.4
11
16.293153
21
8.100657
31
15.4
 1
155
 7
ROMANS
 40
0.06
 41
1
 50
0
 72
1
 73
0
 0
INSERT
 8
UNIFILAR
 6
CONTINUOUS
 62
94
 2
ROCIADOR_AUTOMATICO_IPCI
10
5.081028
20
9.787558
30
15.4
41
0.04375
42
0.04375
43
1
 50
0
 0
TEXT
 8
TEXTO_NUDOS
 6
CONTINUOUS
 62
94
10
5.081028
20
9.903183
30
15.4
11
5.081028
21
9.903183
31
15.4
 1
147
 7
ROMANS
 40
0.06
 41
1
 50
0
 72
1
 73
0
 0
INSERT
 8
UNIFILAR
 6
CONTINUOUS
 62
94
 2
ROCIADOR_AUTOMATICO_IPCI
10
1.308124
20
8.972208
30
15.4
41
0.04375
42
0.04375
43
1
 50
0
 0
TEXT
 8
TEXTO_NUDOS
 6
CONTINUOUS
 62
94
10
1.308124
20
9.087833
30
15.4
11
1.308124
21
9.087833
31
15.4
 1
145
 7
ROMANS
 40
0.06
 41
1
 50
0
 72
1
 73
0
 0
INSERT
 8
UNIFILAR
 6
CONTINUOUS
 62
94
 2
NUDO_DERIVACION_IPCI
10
3.997935
20
8.972215
30
15.4
41
0.045
42
0.045
43
1
 50
0
 0
TEXT
 8
TEXTO_NUDOS
 6
CONTINUOUS
 62
94
10
3.997935
20
9.055965
30
15.4
11
3.997935
21
9.055965
31
15.4
 1
144
 7
ROMANS
 40
0.06
 41
1
 50
0
 72
1
 73
0
 0
INSERT
 8
UNIFILAR
 6
CONTINUOUS
 62
94
 2
NUDO_DERIVACION_IPCI
10
3.995961
20
9.787558
30
15.4
41
0.045
42
0.045
43
1
 50
0
 0
TEXT
 8
TEXTO_NUDOS
 6
CONTINUOUS
 62
94
10
3.995961
20
9.871308
30
15.4
11
3.995961
21
9.871308
31
15.4
 1
146
 7
ROMANS
 40
0.06
 41
1
 50
0
 72
1
 73
0
 0
INSERT
 8
UNIFILAR
 6
CONTINUOUS
 62
94
 2
ROCIADOR_AUTOMATICO_IPCI
10
7.258587
20
8.04428
30
15.4
41
0.04375
42
0.04375
43
1
 50
0
 0
TEXT
 8
TEXTO_NUDOS
 6
CONTINUOUS
 62
94
10
7.258587
20
8.159905
30
15.4
11
7.258587
21
8.159905
31
15.4
 1
151
 7
ROMANS
 40
0.06
 41
1
 50
0
 72
1
 73
0
 0
INSERT
 8
UNIFILAR
 6
CONTINUOUS
 62
94
 2
ROCIADOR_AUTOMATICO_IPCI
10
12.962591
20
11.285356
30
15.4
41
0.04375
42
0.04375
43
1
 50
0
 0
TEXT
 8
TEXTO_NUDOS
 6
CONTINUOUS
 62
94
10
12.962591
20
11.400981
30
15.4
11
12.962591
21
11.400981
31
15.4
 1
152
 7
ROMANS
 40
0.06
 41
1
 50
0
 72
1
 73
0
 0
INSERT
 8
UNIFILAR
 6
CONTINUOUS
 62
94
 2
ROCIADOR_AUTOMATICO_IPCI
10
15.091072
20
6.814825
30
15.4
41
0.04375
42
0.04375
43
1
 50
0
 0
TEXT
 8
TEXTO_NUDOS
 6
CONTINUOUS
 62
94
10
15.091072
20
6.93045
30
15.4
11
15.091072
21
6.93045
31
15.4
 1
156
 7
ROMANS
 40
0.06
 41
1
 50
0
 72
1
 73
0
 0
INSERT
 8
UNIFILAR
 6
CONTINUOUS
 62
94
 2
ROCIADOR_AUTOMATICO_IPCI
10
18.833337
20
10.053085
30
15.4
41
0.04375
42
0.04375
43
1
 50
0
 0
TEXT
 8
TEXTO_NUDOS
 6
CONTINUOUS
 62
94
10
18.833337
20
10.16871
30
15.4
11
18.833337
21
10.16871
31
15.4
 1
154
 7
ROMANS
 40
0.06
 41
1
 50
0
 72
1
 73
0
 0
INSERT
 8
UNIFILAR
 6
CONTINUOUS
 62
94
 2
ROCIADOR_AUTOMATICO_IPCI
10
16.293337
20
10.053085
30
15.4
41
0.04375
42
0.04375
43
1
 50
0
 0
TEXT
 8
TEXTO_NUDOS
 6
CONTINUOUS
 62
94
10
16.293337
20
10.16871
30
15.4
11
16.293337
21
10.16871
31
15.4
 1
153
 7
ROMANS
 40
0.06
 41
1
 50
0
 72
1
 73
0
 0
INSERT
 8
UNIFILAR
 6
CONTINUOUS
 62
94
 2
ROCIADOR_AUTOMATICO_IPCI
10
19.247403
20
8.016907
30
15.4
41
0.04375
42
0.04375
43
1
 50
0
 0
TEXT
 8
TEXTO_NUDOS
 6
CONTINUOUS
 62
94
10
19.247403
20
8.132532
30
15.4
11
19.247403
21
8.132532
31
15.4
 1
157
 7
ROMANS
 40
0.06
 41
1
 50
0
 72
1
 73
0
 0
INSERT
 8
UNIFILAR
 6
CONTINUOUS
 62
94
 2
NUDO_DERIVACION_IPCI
10
9.038587
20
11.285356
30
15.4
41
0.045
42
0.045
43
1
 50
0
 0
TEXT
 8
TEXTO_NUDOS
 6
CONTINUOUS
 62
94
10
9.038587
20
11.369106
30
15.4
11
9.038587
21
11.369106
31
15.4
 1
148
 7
ROMANS
 40
0.06
 41
1
 50
0
 72
1
 73
0
 0
INSERT
 8
UNIFILAR
 6
CONTINUOUS
 62
94
 2
ROCIADOR_AUTOMATICO_IPCI
10
10.623734
20
9.205356
30
15.4
41
0.04375
42
0.04375
43
1
 50
0
 0
TEXT
 8
TEXTO_NUDOS
 6
CONTINUOUS
 62
94
10
10.623734
20
9.320981
30
15.4
11
10.623734
21
9.320981
31
15.4
 1
150
 7
ROMANS
 40
0.06
 41
1
 50
0
 72
1
 73
0
 0
INSERT
 8
UNIFILAR
 6
CONTINUOUS
 62
94
 2
NUDO_DERIVACION_IPCI
10
9.038587
20
9.205356
30
15.4
41
0.045
42
0.045
43
1
 50
0
 0
TEXT
 8
TEXTO_NUDOS
 6
CONTINUOUS
 62
94
10
9.038587
20
9.289106
30
15.4
11
9.038587
21
9.289106
31
15.4
 1
149
 7
ROMANS
 40
0.06
 41
1
 50
0
 72
1
 73
0
 0
INSERT
 8
UNIFILAR
 6
CONTINUOUS
 62
94
 2
NUDO_PASO_IPCI
10
20.107396
20
8.020309
30
15.4
41
0.02
42
0.02
43
1
 50
0
 0
INSERT
 8
UNIFILAR
 6
CONTINUOUS
 62
94
 2
ROCIADOR_AUTOMATICO_IPCI
10
27.230308
20
7.659722
30
15.4
41
0.04375
42
0.04375
43
1
 50
0
 0
TEXT
 8
TEXTO_NUDOS
 6
CONTINUOUS
 62
94
10
27.230308
20
7.775347
30
15.4
11
27.230308
21
7.775347
31
15.4
 1
159
 7
ROMANS
 40
0.06
 41
1
 50
0
 72
1
 73
0
 0
INSERT
 8
UNIFILAR
 6
CONTINUOUS
 62
94
 2
ROCIADOR_AUTOMATICO_IPCI
10
23.592361
20
7.043661
30
15.4
41
0.04375
42
0.04375
43
1
 50
0
 0
TEXT
 8
TEXTO_NUDOS
 6
CONTINUOUS
 62
94
10
23.592361
20
7.159286
30
15.4
11
23.592361
21
7.159286
31
15.4
 1
158
 7
ROMANS
 40
0.06
 41
1
 50
0
 72
1
 73
0
 0
INSERT
 8
UNIFILAR
 6
CONTINUOUS
 62
94
 2
NUDO_PASO_IPCI
10
21.219403
20
7.043661
30
15.4
41
0.02
42
0.02
43
1
 50
0
 0
INSERT
 8
UNIFILAR
 6
CONTINUOUS
 62
94
 2
NUDO_PASO_IPCI
10
27.230308
20
7.043661
30
15.4
41
0.02
42
0.02
43
1
 50
0
 0
INSERT
 8
UNIFILAR
 6
CONTINUOUS
 62
94
 2
ROCIADOR_AUTOMATICO_IPCI
10
3.558046
20
5.655372
30
15.4
41
0.04375
42
0.04375
43
1
 50
0
 0
TEXT
 8
TEXTO_NUDOS
 6
CONTINUOUS
 62
94
10
3.558046
20
5.770997
30
15.4
11
3.558046
21
5.770997
31
15.4
 1
160
 7
ROMANS
 40
0.06
 41
1
 50
0
 72
1
 73
0
 0
INSERT
 8
UNIFILAR
 6
CONTINUOUS
 62
94
 2
ROCIADOR_AUTOMATICO_IPCI
10
0.068072
20
5.656678
30
14.28
41
0.04375
42
0.04375
43
1
 50
0
 0
TEXT
 8
TEXTO_NUDOS
 6
CONTINUOUS
 62
94
10
0.068072
20
5.772303
30
14.28
11
0.068072
21
5.772303
31
14.28
 1
161
 7
ROMANS
 40
0.06
 41
1
 50
0
 72
1
 73
0
 0
INSERT
 8
UNIFILAR
 6
CONTINUOUS
 62
94
 2
NUDO_DERIVACION_IPCI
10
3.997935
20
5.655372
30
15.4
41
0.045
42
0.045
43
1
 50
0
 0
TEXT
 8
TEXTO_NUDOS
 6
CONTINUOUS
 62
94
10
3.997935
20
5.739122
30
15.4
11
3.997935
21
5.739122
31
15.4
 1
143
 7
ROMANS
 40
0.06
 41
1
 50
0
 72
1
 73
0
 0
INSERT
 8
UNIFILAR
 6
CONTINUOUS
 62
94
 2
NUDO_PASO_IPCI
10
2.588046
20
5.655372
30
15.4
41
0.02
42
0.02
43
1
 50
0
 0
INSERT
 8
UNIFILAR
 6
CONTINUOUS
 62
94
 2
NUDO_PASO_IPCI
10
0.828046
20
5.656678
30
14.28
41
0.02
42
0.02
43
1
 50
0
 0
INSERT
 8
UNIFILAR
 6
CONTINUOUS
 62
94
 2
NUDO_DERIVACION_IPCI
10
3.99845
20
3.544668
30
14.4
41
0.045
42
0.045
43
1
 50
0
 0
TEXT
 8
TEXTO_NUDOS
 6
CONTINUOUS
 62
94
10
3.99845
20
3.628418
30
14.4
11
3.99845
21
3.628418
31
14.4
 1
124
 7
ROMANS
 40
0.06
 41
1
 50
0
 72
1
 73
0
 0
LINE
 8
UNIFILAR
 6
CONTINUOUS
 62
94
10
1.373749
20
2.423123
30
15.4
11
3.964185
21
2.423117
31
15.4
 0
TEXT
 8
TEXTO_RAMAS
 6
CONTINUOUS
 62
94
10
2.653029
20
2.47312
30
15.4
11
2.653029
21
2.47312
31
15.4
 1
127 Ø1"
 7
ROMANS
 40
0.06
 41
1
 50
359.999861
 72
1
 73
0
 0
TEXT
 8
TEXTO_RAMAS
 6
CONTINUOUS
 62
94
10
2.653029
20
2.37312
30
15.4
11
2.653029
21
2.37312
31
15.4
 1
2.69m
 7
ROMANS
 40
0.06
 41
1
 50
359.999861
 72
1
 73
3
 0
LINE
 8
UNIFILAR
 6
CONTINUOUS
 62
94
10
5.015403
20
1.607773
30
15.4
11
4.029711
21
1.607773
31
15.4
 0
TEXT
 8
TEXTO_RAMAS
 6
CONTINUOUS
 62
94
10
4.538495
20
1.657773
30
15.4
11
4.538495
21
1.657773
31
15.4
 1
129 Ø1"
 7
ROMANS
 40
0.06
 41
1
 50
0
 72
1
 73
0
 0
TEXT
 8
TEXTO_RAMAS
 6
CONTINUOUS
 62
94
10
4.538495
20
1.557773
30
15.4
11
4.538495
21
1.557773
31
15.4
 1
1.09m
 7
ROMANS
 40
0.06
 41
1
 50
0
 72
1
 73
3
 0
LINE
 8
UNIFILAR
 6
CONTINUOUS
 62
94
10
3.997853
20
2.389367
30
15.4
11
3.996043
21
1.641523
31
15.4
 0
TEXT
 8
TEXTO_RAMAS
 6
CONTINUOUS
 62
94
10
3.946948
20
2.015566
30
15.4
11
3.946948
21
2.015566
31
15.4
 1
128 Ø2"
 7
ROMANS
 40
0.06
 41
1
 50
89.861308
 72
1
 73
0
 0
TEXT
 8
TEXTO_RAMAS
 6
CONTINUOUS
 62
94
10
4.046948
20
2.015324
30
15.4
11
4.046948
21
2.015324
31
15.4
 1
0.82m
 7
ROMANS
 40
0.06
 41
1
 50
89.861308
 72
1
 73
3
 0
LINE
 8
UNIFILAR
 6
CONTINUOUS
 62
94
10
4.011069
20
2.065411
30
15.4
11
3.996948
21
2.015445
31
15.4
 0
LINE
 8
UNIFILAR
 6
CONTINUOUS
 62
94
10
3.983069
20
2.065479
30
15.4
11
3.996948
21
2.015445
31
15.4
 0
LINE
 8
UNIFILAR
 6
CONTINUOUS
 62
94
10
3.995961
20
1.574023
30
15.4
11
3.995961
21
0.124975
31
15.4
 0
LINE
 8
UNIFILAR
 6
CONTINUOUS
 62
94
10
4.010961
20
0.109975
30
15.4
11
9.004837
21
0.109975
31
15.4
 0
TEXT
 8
TEXTO_RAMAS
 6
CONTINUOUS
 62
94
10
6.517274
20
0.159975
30
15.4
11
6.517274
21
0.159975
31
15.4
 1
130 Ø2"
 7
ROMANS
 40
0.06
 41
1
 50
0
 72
1
 73
0
 0
TEXT
 8
TEXTO_RAMAS
 6
CONTINUOUS
 62
94
10
6.517274
20
0.059975
30
15.4
11
6.517274
21
0.059975
31
15.4
 1
6.54m
 7
ROMANS
 40
0.06
 41
1
 50
0
 72
1
 73
3
 0
LINE
 8
UNIFILAR
 6
CONTINUOUS
 62
94
10
6.467274
20
0.123975
30
15.4
11
6.517274
21
0.109975
31
15.4
 0
LINE
 8
UNIFILAR
 6
CONTINUOUS
 62
94
10
6.467274
20
0.095975
30
15.4
11
6.517274
21
0.109975
31
15.4
 0
LINE
 8
UNIFILAR
 6
CONTINUOUS
 62
94
10
4.300153
20
3.548424
30
12.9
11
4.009242
21
3.548424
31
12.9
 0
LINE
 8
UNIFILAR
 6
CONTINUOUS
 62
94
10
3.994242
20
3.548424
30
12.9
11
3.99845
21
3.544668
31
14.4
 0
TEXT
 8
TEXTO_RAMAS
 6
CONTINUOUS
 62
94
10
4.163698
20
3.598424
30
12.9
11
4.163698
21
3.598424
31
12.9
 1
123 Ø1 1/4"
 7
ROMANS
 40
0.06
 41
1
 50
0
 72
1
 73
0
 0
TEXT
 8
TEXTO_RAMAS
 6
CONTINUOUS
 62
94
10
4.163698
20
3.498424
30
12.9
11
4.163698
21
3.498424
31
12.9
 1
0.34m
 7
ROMANS
 40
0.06
 41
1
 50
0
 72
1
 73
3
 0
LINE
 8
UNIFILAR
 6
CONTINUOUS
 62
94
10
4.213698
20
3.534424
30
12.9
11
4.163698
21
3.548424
31
12.9
 0
LINE
 8
UNIFILAR
 6
CONTINUOUS
 62
94
10
4.213698
20
3.562424
30
12.9
11
4.163698
21
3.548424
31
12.9
 0
LINE
 8
UNIFILAR
 6
CONTINUOUS
 62
94
10
9.038587
20
0.143725
30
15.4
11
9.038587
21
2.156225
31
15.4
 0
TEXT
 8
TEXTO_RAMAS
 6
CONTINUOUS
 62
94
10
8.988587
20
1.149975
30
15.4
11
8.988587
21
1.149975
31
15.4
 1
131 Ø1"
 7
ROMANS
 40
0.06
 41
1
 50
90
 72
1
 73
0
 0
TEXT
 8
TEXTO_RAMAS
 6
CONTINUOUS
 62
94
10
9.088587
20
1.149975
30
15.4
11
9.088587
21
1.149975
31
15.4
 1
2.08m
 7
ROMANS
 40
0.06
 41
1
 50
90
 72
1
 73
3
 0
LINE
 8
UNIFILAR
 6
CONTINUOUS
 62
94
10
9.072337
20
2.189975
30
15.4
11
10.558109
21
2.189975
31
15.4
 0
TEXT
 8
TEXTO_RAMAS
 6
CONTINUOUS
 62
94
10
9.83116
20
2.239975
30
15.4
11
9.83116
21
2.239975
31
15.4
 1
132 Ø1"
 7
ROMANS
 40
0.06
 41
1
 50
0
 72
1
 73
0
 0
TEXT
 8
TEXTO_RAMAS
 6
CONTINUOUS
 62
94
10
9.83116
20
2.139975
30
15.4
11
9.83116
21
2.139975
31
15.4
 1
1.59m
 7
ROMANS
 40
0.06
 41
1
 50
0
 72
1
 73
3
 0
LINE
 8
UNIFILAR
 6
CONTINUOUS
 62
94
10
9.072337
20
0.109975
30
15.4
11
12.896966
21
0.109975
31
15.4
 0
TEXT
 8
TEXTO_RAMAS
 6
CONTINUOUS
 62
94
10
11.000589
20
0.159975
30
15.4
11
11.000589
21
0.159975
31
15.4
 1
134 Ø2"
 7
ROMANS
 40
0.06
 41
1
 50
0
 72
1
 73
0
 0
TEXT
 8
TEXTO_RAMAS
 6
CONTINUOUS
 62
94
10
11.000589
20
0.059975
30
15.4
11
11.000589
21
0.059975
31
15.4
 1
3.92m
 7
ROMANS
 40
0.06
 41
1
 50
0
 72
1
 73
3
 0
LINE
 8
UNIFILAR
 6
CONTINUOUS
 62
94
10
10.950589
20
0.123975
30
15.4
11
11.000589
21
0.109975
31
15.4
 0
LINE
 8
UNIFILAR
 6
CONTINUOUS
 62
94
10
10.950589
20
0.095975
30
15.4
11
11.000589
21
0.109975
31
15.4
 0
LINE
 8
UNIFILAR
 6
CONTINUOUS
 62
94
10
13.028216
20
0.109975
30
15.4
11
16.278314
21
0.109975
31
15.4
 0
LINE
 8
UNIFILAR
 6
CONTINUOUS
 62
94
10
16.293315
20
0.124975
30
15.4
11
16.293336
21
1.276621
31
15.4
 0
TEXT
 8
TEXTO_RAMAS
 6
CONTINUOUS
 62
94
10
14.627953
20
0.159975
30
15.4
11
14.627953
21
0.159975
31
15.4
 1
135 Ø2"
 7
ROMANS
 40
0.06
 41
1
 50
0
 72
1
 73
0
 0
TEXT
 8
TEXTO_RAMAS
 6
CONTINUOUS
 62
94
10
14.627953
20
0.059975
30
15.4
11
14.627953
21
0.059975
31
15.4
 1
4.56m
 7
ROMANS
 40
0.06
 41
1
 50
0
 72
1
 73
3
 0
LINE
 8
UNIFILAR
 6
CONTINUOUS
 62
94
10
14.577953
20
0.123975
30
15.4
11
14.627953
21
0.109975
31
15.4
 0
LINE
 8
UNIFILAR
 6
CONTINUOUS
 62
94
10
14.577953
20
0.095975
30
15.4
11
14.627953
21
0.109975
31
15.4
 0
LINE
 8
UNIFILAR
 6
CONTINUOUS
 62
94
10
16.358962
20
1.342246
30
15.4
11
18.767712
21
1.342246
31
15.4
 0
TEXT
 8
TEXTO_RAMAS
 6
CONTINUOUS
 62
94
10
17.563337
20
1.392246
30
15.4
11
17.563337
21
1.392246
31
15.4
 1
136 Ø1"
 7
ROMANS
 40
0.06
 41
1
 50
0
 72
1
 73
0
 0
TEXT
 8
TEXTO_RAMAS
 6
CONTINUOUS
 62
94
10
17.563337
20
1.292246
30
15.4
11
17.563337
21
1.292246
31
15.4
 1
2.54m
 7
ROMANS
 40
0.06
 41
1
 50
0
 72
1
 73
3
 0
LINE
 8
UNIFILAR
 6
CONTINUOUS
 62
94
10
16.293331
20
1.407871
30
15.4
11
16.293156
21
3.344674
31
15.4
 0
TEXT
 8
TEXTO_RAMAS
 6
CONTINUOUS
 62
94
10
16.343245
20
2.36034
30
15.4
11
16.343245
21
2.36034
31
15.4
 1
137 Ø1 1/4"
 7
ROMANS
 40
0.06
 41
1
 50
270.005183
 72
1
 73
0
 0
TEXT
 8
TEXTO_RAMAS
 6
CONTINUOUS
 62
94
10
16.243245
20
2.360331
30
15.4
11
16.243245
21
2.360331
31
15.4
 1
2.04m
 7
ROMANS
 40
0.06
 41
1
 50
270.005183
 72
1
 73
3
 0
LINE
 8
UNIFILAR
 6
CONTINUOUS
 62
94
10
16.27925
20
2.310334
30
15.4
11
16.293245
21
2.360335
31
15.4
 0
LINE
 8
UNIFILAR
 6
CONTINUOUS
 62
94
10
16.30725
20
2.310336
30
15.4
11
16.293245
21
2.360335
31
15.4
 0
LINE
 8
UNIFILAR
 6
CONTINUOUS
 62
94
10
9.010319
20
2.208414
30
15.4
11
7.313552
21
3.315198
31
15.4
 0
TEXT
 8
TEXTO_RAMAS
 6
CONTINUOUS
 62
94
10
8.175904
20
2.812391
30
15.4
11
8.175904
21
2.812391
31
15.4
 1
133 Ø1"
 7
ROMANS
 40
0.06
 41
1
 50
326.88401
 72
1
 73
0
 0
TEXT
 8
TEXTO_RAMAS
 6
CONTINUOUS
 62
94
10
8.12127
20
2.728635
30
15.4
11
8.12127
21
2.728635
31
15.4
 1
2.13m
 7
ROMANS
 40
0.06
 41
1
 50
326.88401
 72
1
 73
3
 0
LINE
 8
UNIFILAR
 6
CONTINUOUS
 62
94
10
16.269288
20
3.402289
30
15.4
11
15.137476
21
4.534102
31
15.4
 0
TEXT
 8
TEXTO_RAMAS
 6
CONTINUOUS
 62
94
10
15.727468
20
4.01482
30
15.4
11
15.727468
21
4.01482
31
15.4
 1
138 Ø1"
 7
ROMANS
 40
0.06
 41
1
 50
315
 72
1
 73
0
 0
TEXT
 8
TEXTO_RAMAS
 6
CONTINUOUS
 62
94
10
15.656757
20
3.94411
30
15.4
11
15.656757
21
3.94411
31
15.4
 1
1.7m
 7
ROMANS
 40
0.06
 41
1
 50
315
 72
1
 73
3
 0
LINE
 8
UNIFILAR
 6
CONTINUOUS
 62
94
10
16.326903
20
3.378424
30
15.4
11
19.181778
21
3.378424
31
15.4
 0
TEXT
 8
TEXTO_RAMAS
 6
CONTINUOUS
 62
94
10
17.770278
20
3.428424
30
15.4
11
17.770278
21
3.428424
31
15.4
 1
139 Ø1 1/2"
 7
ROMANS
 40
0.06
 41
1
 50
0
 72
1
 73
0
 0
TEXT
 8
TEXTO_RAMAS
 6
CONTINUOUS
 62
94
10
17.770278
20
3.328424
30
15.4
11
17.770278
21
3.328424
31
15.4
 1
2.95m
 7
ROMANS
 40
0.06
 41
1
 50
0
 72
1
 73
3
 0
LINE
 8
UNIFILAR
 6
CONTINUOUS
 62
94
10
17.720278
20
3.392424
30
15.4
11
17.770278
21
3.378424
31
15.4
 0
LINE
 8
UNIFILAR
 6
CONTINUOUS
 62
94
10
17.720278
20
3.364424
30
15.4
11
17.770278
21
3.378424
31
15.4
 0
LINE
 8
UNIFILAR
 6
CONTINUOUS
 62
94
10
19.313027
20
3.378165
30
15.4
11
20.092396
21
3.375082
31
15.4
 0
LINE
 8
UNIFILAR
 6
CONTINUOUS
 62
94
10
20.118666
20
3.384921
30
15.4
11
21.208132
21
4.341772
31
15.4
 0
LINE
 8
UNIFILAR
 6
CONTINUOUS
 62
94
10
21.234403
20
4.35167
30
15.4
11
23.526736
21
4.35167
31
15.4
 0
TEXT
 8
TEXTO_RAMAS
 6
CONTINUOUS
 62
94
10
22.405882
20
4.40167
30
15.4
11
22.405882
21
4.40167
31
15.4
 1
140 Ø1 1/4"
 7
ROMANS
 40
0.06
 41
1
 50
0
 72
1
 73
0
 0
TEXT
 8
TEXTO_RAMAS
 6
CONTINUOUS
 62
94
10
22.405882
20
4.30167
30
15.4
11
22.405882
21
4.30167
31
15.4
 1
4.71m
 7
ROMANS
 40
0.06
 41
1
 50
0
 72
1
 73
3
 0
LINE
 8
UNIFILAR
 6
CONTINUOUS
 62
94
10
22.355882
20
4.36567
30
15.4
11
22.405882
21
4.35167
31
15.4
 0
LINE
 8
UNIFILAR
 6
CONTINUOUS
 62
94
10
22.355882
20
4.33767
30
15.4
11
22.405882
21
4.35167
31
15.4
 0
LINE
 8
UNIFILAR
 6
CONTINUOUS
 62
94
10
23.657986
20
4.35167
30
15.4
11
27.215308
21
4.35167
31
15.4
 0
LINE
 8
UNIFILAR
 6
CONTINUOUS
 62
94
10
27.230308
20
4.33667
30
15.4
11
27.230308
21
3.801234
31
15.4
 0
TEXT
 8
TEXTO_RAMAS
 6
CONTINUOUS
 62
94
10
25.411335
20
4.40167
30
15.4
11
25.411335
21
4.40167
31
15.4
 1
141 Ø1"
 7
ROMANS
 40
0.06
 41
1
 50
0
 72
1
 73
0
 0
TEXT
 8
TEXTO_RAMAS
 6
CONTINUOUS
 62
94
10
25.411335
20
4.30167
30
15.4
11
25.411335
21
4.30167
31
15.4
 1
4.25m
 7
ROMANS
 40
0.06
 41
1
 50
0
 72
1
 73
3
 0
LINE
 8
UNIFILAR
 6
CONTINUOUS
 62
94
10
25.361335
20
4.36567
30
15.4
11
25.411335
21
4.35167
31
15.4
 0
LINE
 8
UNIFILAR
 6
CONTINUOUS
 62
94
10
25.361335
20
4.33767
30
15.4
11
25.411335
21
4.35167
31
15.4
 0
LINE
 8
UNIFILAR
 6
CONTINUOUS
 62
94
10
1.373749
20
8.972208
30
15.4
11
3.964185
21
8.972214
31
15.4
 0
TEXT
 8
TEXTO_RAMAS
 6
CONTINUOUS
 62
94
10
2.653029
20
9.022211
30
15.4
11
2.653029
21
9.022211
31
15.4
 1
144 Ø1"
 7
ROMANS
 40
0.06
 41
1
 50
0.000139
 72
1
 73
0
 0
TEXT
 8
TEXTO_RAMAS
 6
CONTINUOUS
 62
94
10
2.653029
20
8.922211
30
15.4
11
2.653029
21
8.922211
31
15.4
 1
2.69m
 7
ROMANS
 40
0.06
 41
1
 50
0.000139
 72
1
 73
3
 0
LINE
 8
UNIFILAR
 6
CONTINUOUS
 62
94
10
5.015403
20
9.787558
30
15.4
11
4.029711
21
9.787558
31
15.4
 0
TEXT
 8
TEXTO_RAMAS
 6
CONTINUOUS
 62
94
10
4.538495
20
9.837558
30
15.4
11
4.538495
21
9.837558
31
15.4
 1
146 Ø1"
 7
ROMANS
 40
0.06
 41
1
 50
0
 72
1
 73
0
 0
TEXT
 8
TEXTO_RAMAS
 6
CONTINUOUS
 62
94
10
4.538495
20
9.737558
30
15.4
11
4.538495
21
9.737558
31
15.4
 1
1.09m
 7
ROMANS
 40
0.06
 41
1
 50
0
 72
1
 73
3
 0
LINE
 8
UNIFILAR
 6
CONTINUOUS
 62
94
10
3.997853
20
9.005964
30
15.4
11
3.996043
21
9.753808
31
15.4
 0
TEXT
 8
TEXTO_RAMAS
 6
CONTINUOUS
 62
94
10
4.046948
20
9.380007
30
15.4
11
4.046948
21
9.380007
31
15.4
 1
145 Ø1 1/4"
 7
ROMANS
 40
0.06
 41
1
 50
270.138692
 72
1
 73
0
 0
TEXT
 8
TEXTO_RAMAS
 6
CONTINUOUS
 62
94
10
3.946948
20
9.379765
30
15.4
11
3.946948
21
9.379765
31
15.4
 1
0.82m
 7
ROMANS
 40
0.06
 41
1
 50
270.138692
 72
1
 73
3
 0
LINE
 8
UNIFILAR
 6
CONTINUOUS
 62
94
10
3.995961
20
9.821308
30
15.4
11
3.995961
21
11.270356
31
15.4
 0
LINE
 8
UNIFILAR
 6
CONTINUOUS
 62
94
10
4.010961
20
11.285356
30
15.4
11
9.004837
21
11.285356
31
15.4
 0
TEXT
 8
TEXTO_RAMAS
 6
CONTINUOUS
 62
94
10
6.517274
20
11.335356
30
15.4
11
6.517274
21
11.335356
31
15.4
 1
147 Ø1 1/4"
 7
ROMANS
 40
0.06
 41
1
 50
0
 72
1
 73
0
 0
TEXT
 8
TEXTO_RAMAS
 6
CONTINUOUS
 62
94
10
6.517274
20
11.235356
30
15.4
11
6.517274
21
11.235356
31
15.4
 1
6.54m
 7
ROMANS
 40
0.06
 41
1
 50
0
 72
1
 73
3
 0
LINE
 8
UNIFILAR
 6
CONTINUOUS
 62
94
10
9.038587
20
11.251606
30
15.4
11
9.038587
21
9.239106
31
15.4
 0
TEXT
 8
TEXTO_RAMAS
 6
CONTINUOUS
 62
94
10
8.988587
20
10.245356
30
15.4
11
8.988587
21
10.245356
31
15.4
 1
148 Ø1"
 7
ROMANS
 40
0.06
 41
1
 50
90
 72
1
 73
0
 0
TEXT
 8
TEXTO_RAMAS
 6
CONTINUOUS
 62
94
10
9.088587
20
10.245356
30
15.4
11
9.088587
21
10.245356
31
15.4
 1
2.08m
 7
ROMANS
 40
0.06
 41
1
 50
90
 72
1
 73
3
 0
LINE
 8
UNIFILAR
 6
CONTINUOUS
 62
94
10
9.072337
20
9.205356
30
15.4
11
10.558109
21
9.205356
31
15.4
 0
TEXT
 8
TEXTO_RAMAS
 6
CONTINUOUS
 62
94
10
9.83116
20
9.255356
30
15.4
11
9.83116
21
9.255356
31
15.4
 1
149 Ø1"
 7
ROMANS
 40
0.06
 41
1
 50
0
 72
1
 73
0
 0
TEXT
 8
TEXTO_RAMAS
 6
CONTINUOUS
 62
94
10
9.83116
20
9.155356
30
15.4
11
9.83116
21
9.155356
31
15.4
 1
1.59m
 7
ROMANS
 40
0.06
 41
1
 50
0
 72
1
 73
3
 0
LINE
 8
UNIFILAR
 6
CONTINUOUS
 62
94
10
9.072337
20
11.285356
30
15.4
11
12.896966
21
11.285356
31
15.4
 0
TEXT
 8
TEXTO_RAMAS
 6
CONTINUOUS
 62
94
10
11.000589
20
11.335356
30
15.4
11
11.000589
21
11.335356
31
15.4
 1
151 Ø1 1/4"
 7
ROMANS
 40
0.06
 41
1
 50
0
 72
1
 73
0
 0
TEXT
 8
TEXTO_RAMAS
 6
CONTINUOUS
 62
94
10
11.000589
20
11.235356
30
15.4
11
11.000589
21
11.235356
31
15.4
 1
3.92m
 7
ROMANS
 40
0.06
 41
1
 50
0
 72
1
 73
3
 0
LINE
 8
UNIFILAR
 6
CONTINUOUS
 62
94
10
13.028216
20
11.285356
30
15.4
11
16.278314
21
11.285356
31
15.4
 0
LINE
 8
UNIFILAR
 6
CONTINUOUS
 62
94
10
16.293315
20
11.270356
30
15.4
11
16.293336
21
10.11871
31
15.4
 0
TEXT
 8
TEXTO_RAMAS
 6
CONTINUOUS
 62
94
10
14.627953
20
11.335356
30
15.4
11
14.627953
21
11.335356
31
15.4
 1
152 Ø1 1/4"
 7
ROMANS
 40
0.06
 41
1
 50
0
 72
1
 73
0
 0
TEXT
 8
TEXTO_RAMAS
 6
CONTINUOUS
 62
94
10
14.627953
20
11.235356
30
15.4
11
14.627953
21
11.235356
31
15.4
 1
4.56m
 7
ROMANS
 40
0.06
 41
1
 50
0
 72
1
 73
3
 0
LINE
 8
UNIFILAR
 6
CONTINUOUS
 62
94
10
16.358962
20
10.053085
30
15.4
11
18.767712
21
10.053085
31
15.4
 0
TEXT
 8
TEXTO_RAMAS
 6
CONTINUOUS
 62
94
10
17.563337
20
10.103085
30
15.4
11
17.563337
21
10.103085
31
15.4
 1
153 Ø1"
 7
ROMANS
 40
0.06
 41
1
 50
0
 72
1
 73
0
 0
TEXT
 8
TEXTO_RAMAS
 6
CONTINUOUS
 62
94
10
17.563337
20
10.003085
30
15.4
11
17.563337
21
10.003085
31
15.4
 1
2.54m
 7
ROMANS
 40
0.06
 41
1
 50
0
 72
1
 73
3
 0
LINE
 8
UNIFILAR
 6
CONTINUOUS
 62
94
10
16.293331
20
9.98746
30
15.4
11
16.293156
21
8.050657
31
15.4
 0
TEXT
 8
TEXTO_RAMAS
 6
CONTINUOUS
 62
94
10
16.243245
20
9.035
30
15.4
11
16.243245
21
9.035
31
15.4
 1
154 Ø1 1/4"
 7
ROMANS
 40
0.06
 41
1
 50
89.994817
 72
1
 73
0
 0
TEXT
 8
TEXTO_RAMAS
 6
CONTINUOUS
 62
94
10
16.343245
20
9.034991
30
15.4
11
16.343245
21
9.034991
31
15.4
 1
2.04m
 7
ROMANS
 40
0.06
 41
1
 50
89.994817
 72
1
 73
3
 0
LINE
 8
UNIFILAR
 6
CONTINUOUS
 62
94
10
9.010319
20
9.186917
30
15.4
11
7.313552
21
8.080134
31
15.4
 0
TEXT
 8
TEXTO_RAMAS
 6
CONTINUOUS
 62
94
10
8.12127
20
8.666696
30
15.4
11
8.12127
21
8.666696
31
15.4
 1
150 Ø1"
 7
ROMANS
 40
0.06
 41
1
 50
33.11599
 72
1
 73
0
 0
TEXT
 8
TEXTO_RAMAS
 6
CONTINUOUS
 62
94
10
8.175904
20
8.58294
30
15.4
11
8.175904
21
8.58294
31
15.4
 1
2.13m
 7
ROMANS
 40
0.06
 41
1
 50
33.11599
 72
1
 73
3
 0
LINE
 8
UNIFILAR
 6
CONTINUOUS
 62
94
10
16.269288
20
7.993042
30
15.4
11
15.137476
21
6.861229
31
15.4
 0
TEXT
 8
TEXTO_RAMAS
 6
CONTINUOUS
 62
94
10
15.656757
20
7.451222
30
15.4
11
15.656757
21
7.451222
31
15.4
 1
155 Ø1"
 7
ROMANS
 40
0.06
 41
1
 50
45
 72
1
 73
0
 0
TEXT
 8
TEXTO_RAMAS
 6
CONTINUOUS
 62
94
10
15.727468
20
7.380511
30
15.4
11
15.727468
21
7.380511
31
15.4
 1
1.7m
 7
ROMANS
 40
0.06
 41
1
 50
45
 72
1
 73
3
 0
LINE
 8
UNIFILAR
 6
CONTINUOUS
 62
94
10
16.326903
20
8.016907
30
15.4
11
19.181778
21
8.016907
31
15.4
 0
TEXT
 8
TEXTO_RAMAS
 6
CONTINUOUS
 62
94
10
17.770278
20
8.066907
30
15.4
11
17.770278
21
8.066907
31
15.4
 1
156 Ø1 1/4"
 7
ROMANS
 40
0.06
 41
1
 50
0
 72
1
 73
0
 0
TEXT
 8
TEXTO_RAMAS
 6
CONTINUOUS
 62
94
10
17.770278
20
7.966907
30
15.4
11
17.770278
21
7.966907
31
15.4
 1
2.95m
 7
ROMANS
 40
0.06
 41
1
 50
0
 72
1
 73
3
 0
LINE
 8
UNIFILAR
 6
CONTINUOUS
 62
94
10
19.313027
20
8.017167
30
15.4
11
20.092396
21
8.02025
31
15.4
 0
LINE
 8
UNIFILAR
 6
CONTINUOUS
 62
94
10
20.118666
20
8.01041
30
15.4
11
21.208132
21
7.053559
31
15.4
 0
LINE
 8
UNIFILAR
 6
CONTINUOUS
 62
94
10
21.234403
20
7.043661
30
15.4
11
23.526736
21
7.043661
31
15.4
 0
TEXT
 8
TEXTO_RAMAS
 6
CONTINUOUS
 62
94
10
22.405882
20
7.093661
30
15.4
11
22.405882
21
7.093661
31
15.4
 1
157 Ø1"
 7
ROMANS
 40
0.06
 41
1
 50
0
 72
1
 73
0
 0
TEXT
 8
TEXTO_RAMAS
 6
CONTINUOUS
 62
94
10
22.405882
20
6.993661
30
15.4
11
22.405882
21
6.993661
31
15.4
 1
4.71m
 7
ROMANS
 40
0.06
 41
1
 50
0
 72
1
 73
3
 0
LINE
 8
UNIFILAR
 6
CONTINUOUS
 62
94
10
23.657986
20
7.043661
30
15.4
11
27.215308
21
7.043661
31
15.4
 0
LINE
 8
UNIFILAR
 6
CONTINUOUS
 62
94
10
27.230308
20
7.058661
30
15.4
11
27.230308
21
7.594097
31
15.4
 0
TEXT
 8
TEXTO_RAMAS
 6
CONTINUOUS
 62
94
10
25.411335
20
7.093661
30
15.4
11
25.411335
21
7.093661
31
15.4
 1
158 Ø1"
 7
ROMANS
 40
0.06
 41
1
 50
360
 72
1
 73
0
 0
TEXT
 8
TEXTO_RAMAS
 6
CONTINUOUS
 62
94
10
25.411335
20
6.993661
30
15.4
11
25.411335
21
6.993661
31
15.4
 1
4.25m
 7
ROMANS
 40
0.06
 41
1
 50
0
 72
1
 73
3
 0
LINE
 8
UNIFILAR
 6
CONTINUOUS
 62
94
10
3.997935
20
5.689122
30
15.4
11
3.997935
21
8.938465
31
15.4
 0
TEXT
 8
TEXTO_RAMAS
 6
CONTINUOUS
 62
94
10
3.947935
20
7.313793
30
15.4
11
3.947935
21
7.313793
31
15.4
 1
143 Ø1 1/4"
 7
ROMANS
 40
0.06
 41
1
 50
90
 72
1
 73
0
 0
TEXT
 8
TEXTO_RAMAS
 6
CONTINUOUS
 62
94
10
4.047935
20
7.313793
30
15.4
11
4.047935
21
7.313793
31
15.4
 1
3.32m
 7
ROMANS
 40
0.06
 41
1
 50
90
 72
1
 73
3
 0
LINE
 8
UNIFILAR
 6
CONTINUOUS
 62
94
10
3.964185
20
5.655372
30
15.4
11
3.623671
21
5.655372
31
15.4
 0
TEXT
 8
TEXTO_RAMAS
 6
CONTINUOUS
 62
94
10
3.77799
20
5.705372
30
15.4
11
3.77799
21
5.705372
31
15.4
 1
159 Ø1"
 7
ROMANS
 40
0.06
 41
1
 50
0
 72
1
 73
0
 0
TEXT
 8
TEXTO_RAMAS
 6
CONTINUOUS
 62
94
10
3.77799
20
5.605372
30
15.4
11
3.77799
21
5.605372
31
15.4
 1
0.44m
 7
ROMANS
 40
0.06
 41
1
 50
0
 72
1
 73
3
 0
LINE
 8
UNIFILAR
 6
CONTINUOUS
 62
94
10
3.492421
20
5.655372
30
15.4
11
2.603046
21
5.655372
31
15.4
 0
LINE
 8
UNIFILAR
 6
CONTINUOUS
 62
94
10
2.573046
20
5.655383
30
15.4
11
0.843046
21
5.656667
31
14.28
 0
LINE
 8
UNIFILAR
 6
CONTINUOUS
 62
94
10
0.813046
20
5.656678
30
14.28
11
0.133697
21
5.656678
31
14.28
 0
TEXT
 8
TEXTO_RAMAS
 6
CONTINUOUS
 62
94
10
1.708083
20
5.706025
30
14.84
11
1.708083
21
5.706025
31
14.84
 1
160 Ø1"
 7
ROMANS
 40
0.06
 41
1
 50
359.957481
 72
1
 73
0
 0
TEXT
 8
TEXTO_RAMAS
 6
CONTINUOUS
 62
94
10
1.708009
20
5.606025
30
14.84
11
1.708009
21
5.606025
31
14.84
 1
3.49m
 7
ROMANS
 40
0.06
 41
1
 50
359.957481
 72
1
 73
3
 0
LINE
 8
UNIFILAR
 6
CONTINUOUS
 62
94
10
3.997935
20
3.511622
30
15.4
11
3.997935
21
2.456867
31
15.4
 0
TEXT
 8
TEXTO_RAMAS
 6
CONTINUOUS
 62
94
10
3.947935
20
2.984244
30
15.4
11
3.947935
21
2.984244
31
15.4
 1
126 Ø1 1/4"
 7
ROMANS
 40
0.06
 41
1
 50
90
 72
1
 73
0
 0
TEXT
 8
TEXTO_RAMAS
 6
CONTINUOUS
 62
94
10
4.047935
20
2.984244
30
15.4
11
4.047935
21
2.984244
31
15.4
 1
1.12m
 7
ROMANS
 40
0.06
 41
1
 50
90
 72
1
 73
3
 0
LINE
 8
UNIFILAR
 6
CONTINUOUS
 62
94
10
4.011935
20
3.034244
30
15.4
11
3.997935
21
2.984244
31
15.4
 0
LINE
 8
UNIFILAR
 6
CONTINUOUS
 62
94
10
3.983935
20
3.034244
30
15.4
11
3.997935
21
2.984244
31
15.4
 0
LINE
 8
UNIFILAR
 6
CONTINUOUS
 62
94
10
3.997935
20
3.579122
30
15.4
11
3.997935
21
5.621622
31
15.4
 0
TEXT
 8
TEXTO_RAMAS
 6
CONTINUOUS
 62
94
10
3.947935
20
4.600372
30
15.4
11
3.947935
21
4.600372
31
15.4
 1
142 Ø1 1/4"
 7
ROMANS
 40
0.06
 41
1
 50
90
 72
1
 73
0
 0
TEXT
 8
TEXTO_RAMAS
 6
CONTINUOUS
 62
94
10
4.047935
20
4.600372
30
15.4
11
4.047935
21
4.600372
31
15.4
 1
2.11m
 7
ROMANS
 40
0.06
 41
1
 50
90
 72
1
 73
3
 0
LINE
 8
UNIFILAR
 6
CONTINUOUS
 62
94
10
3.968461
20
3.560151
30
14.4
11
3.487866
21
3.808281
31
14.4
 0
TEXT
 8
TEXTO_RAMAS
 6
CONTINUOUS
 62
94
10
3.719446
20
3.744987
30
14.4
11
3.719446
21
3.744987
31
14.4
 1
124 Ø1 1/4"
 7
ROMANS
 40
0.06
 41
1
 50
332.692845
 72
1
 73
0
 0
TEXT
 8
TEXTO_RAMAS
 6
CONTINUOUS
 62
94
10
3.67357
20
3.656131
30
14.4
11
3.67357
21
3.656131
31
14.4
 1
0.68m
 7
ROMANS
 40
0.06
 41
1
 50
332.692845
 72
1
 73
3
 0
LINE
 8
UNIFILAR
 6
CONTINUOUS
 62
94
10
3.734514
20
3.665181
30
14.4
11
3.696508
21
3.700559
31
14.4
 0
LINE
 8
UNIFILAR
 6
CONTINUOUS
 62
94
10
3.747359
20
3.690061
30
14.4
11
3.696508
21
3.700559
31
14.4
 0
LINE
 8
UNIFILAR
 6
CONTINUOUS
 62
94
10
3.99845
20
3.544668
30
14.4
11
3.997935
21
3.545372
31
15.4
 0
TEXT
 8
TEXTO_RAMAS
 6
CONTINUOUS
 62
94
10
4.038539
20
3.574553
30
14.9
11
4.038539
21
3.574553
31
14.9
 1
125 Ø2 1/2"
 7
ROMANS
 40
0.06
 41
1
 50
306.203555
 72
1
 73
0
 0
TEXT
 8
TEXTO_RAMAS
 6
CONTINUOUS
 62
94
10
3.957846
20
3.515487
30
14.9
11
3.957846
21
3.515487
31
14.9
 1
0m
 7
ROMANS
 40
0.06
 41
1
 50
306.203555
 72
1
 73
3
 0
LINE
 8
UNIFILAR
 6
CONTINUOUS
 62
94
10
4.016428
20
3.496405
30
14.85
11
3.998192
21
3.54502
31
14.9
 0
LINE
 8
UNIFILAR
 6
CONTINUOUS
 62
94
10
4.039022
20
3.512943
30
14.85
11
3.998192
21
3.54502
31
14.9
 0
LINE
 8
UNIFILAR
 6
CONTINUOUS
 62
94
10
4.333153
20
3.548424
30
0
11
4.333153
21
3.548424
31
2.5
 0
LINE
 8
UNIFILAR
 6
CONTINUOUS
 62
94
10
4.333153
20
3.548424
30
0
11
4.333153
21
3.548424
31
2.5
 0
TEXT
 8
TEXTO_RAMAS
 6
CONTINUOUS
 62
94
10
4.283153
20
3.548424
30
1.25
11
4.283153
21
3.548424
31
1.25
 1
4 Ø1 1/2"
 7
ROMANS
 40
0.035997
 41
1
 50
90
 72
1
 73
0
 0
TEXT
 8
TEXTO_RAMAS
 6
CONTINUOUS
 62
94
10
4.383153
20
3.548424
30
1.25
11
4.383153
21
3.548424
31
1.25
 1
2.5m
 7
ROMANS
 40
0.035997
 41
1
 50
90
 72
1
 73
3
 0
LINE
 8
UNIFILAR
 6
CONTINUOUS
 62
94
10
4.347153
20
3.598424
30
1.2
11
4.333153
21
3.548424
31
1.25
 0
LINE
 8
UNIFILAR
 6
CONTINUOUS
 62
94
10
4.319153
20
3.598424
30
1.2
11
4.333153
21
3.548424
31
1.25
 0
LINE
 8
UNIFILAR
 6
CONTINUOUS
 62
94
10
4.333153
20
3.548424
30
2.5
11
4.333153
21
3.548424
31
5.1
 0
LINE
 8
UNIFILAR
 6
CONTINUOUS
 62
94
10
4.333153
20
3.548424
30
2.5
11
4.333153
21
3.548424
31
5.1
 0
TEXT
 8
TEXTO_RAMAS
 6
CONTINUOUS
 62
94
10
4.283153
20
3.548424
30
3.8
11
4.283153
21
3.548424
31
3.8
 1
5 Ø1 1/2"
 7
ROMANS
 40
0.059995
 41
1
 50
90
 72
1
 73
0
 0
TEXT
 8
TEXTO_RAMAS
 6
CONTINUOUS
 62
94
10
4.383153
20
3.548424
30
3.8
11
4.383153
21
3.548424
31
3.8
 1
2.6m
 7
ROMANS
 40
0.059995
 41
1
 50
90
 72
1
 73
3
 0
LINE
 8
UNIFILAR
 6
CONTINUOUS
 62
94
10
4.347153
20
3.598424
30
3.75
11
4.333153
21
3.548424
31
3.8
 0
LINE
 8
UNIFILAR
 6
CONTINUOUS
 62
94
10
4.319153
20
3.598424
30
3.75
11
4.333153
21
3.548424
31
3.8
 0
LINE
 8
UNIFILAR
 6
CONTINUOUS
 62
94
10
4.333153
20
3.548424
30
5.1
11
4.333153
21
3.548424
31
7.7
 0
LINE
 8
UNIFILAR
 6
CONTINUOUS
 62
94
10
4.333153
20
3.548424
30
5.1
11
4.333153
21
3.548424
31
7.7
 0
TEXT
 8
TEXTO_RAMAS
 6
CONTINUOUS
 62
94
10
4.283153
20
3.548424
30
6.4
11
4.283153
21
3.548424
31
6.4
 1
44 Ø1 1/2"
 7
ROMANS
 40
0.059995
 41
1
 50
90
 72
1
 73
0
 0
TEXT
 8
TEXTO_RAMAS
 6
CONTINUOUS
 62
94
10
4.383153
20
3.548424
30
6.4
11
4.383153
21
3.548424
31
6.4
 1
2.6m
 7
ROMANS
 40
0.059995
 41
1
 50
90
 72
1
 73
3
 0
LINE
 8
UNIFILAR
 6
CONTINUOUS
 62
94
10
4.347153
20
3.598424
30
6.35
11
4.333153
21
3.548424
31
6.4
 0
LINE
 8
UNIFILAR
 6
CONTINUOUS
 62
94
10
4.319153
20
3.598424
30
6.35
11
4.333153
21
3.548424
31
6.4
 0
LINE
 8
UNIFILAR
 6
CONTINUOUS
 62
94
10
4.333153
20
3.548424
30
7.7
11
4.333153
21
3.548424
31
10.3
 0
LINE
 8
UNIFILAR
 6
CONTINUOUS
 62
94
10
4.333153
20
3.548424
30
7.7
11
4.333153
21
3.548424
31
10.3
 0
TEXT
 8
TEXTO_RAMAS
 6
CONTINUOUS
 62
94
10
4.283153
20
3.548424
30
9
11
4.283153
21
3.548424
31
9
 1
83 Ø1 1/2"
 7
ROMANS
 40
0.059995
 41
1
 50
90
 72
1
 73
0
 0
TEXT
 8
TEXTO_RAMAS
 6
CONTINUOUS
 62
94
10
4.383153
20
3.548424
30
9
11
4.383153
21
3.548424
31
9
 1
2.6m
 7
ROMANS
 40
0.059995
 41
1
 50
90
 72
1
 73
3
 0
LINE
 8
UNIFILAR
 6
CONTINUOUS
 62
94
10
4.347153
20
3.598424
30
8.95
11
4.333153
21
3.548424
31
9
 0
LINE
 8
UNIFILAR
 6
CONTINUOUS
 62
94
10
4.319153
20
3.598424
30
8.95
11
4.333153
21
3.548424
31
9
 0
LINE
 8
UNIFILAR
 6
CONTINUOUS
 62
94
10
4.333153
20
3.548424
30
10.3
11
4.333153
21
3.548424
31
12.9
 0
LINE
 8
UNIFILAR
 6
CONTINUOUS
 62
94
10
4.333153
20
3.548424
30
10.3
11
4.333153
21
3.548424
31
12.9
 0
TEXT
 8
TEXTO_RAMAS
 6
CONTINUOUS
 62
94
10
4.283153
20
3.548424
30
11.6
11
4.283153
21
3.548424
31
11.6
 1
122 Ø1 1/4"
 7
ROMANS
 40
0.059995
 41
1
 50
90
 72
1
 73
0
 0
TEXT
 8
TEXTO_RAMAS
 6
CONTINUOUS
 62
94
10
4.383153
20
3.548424
30
11.6
11
4.383153
21
3.548424
31
11.6
 1
2.6m
 7
ROMANS
 40
0.059995
 41
1
 50
90
 72
1
 73
3
 0
LINE
 8
UNIFILAR
 6
CONTINUOUS
 62
94
10
4.347153
20
3.598424
30
11.55
11
4.333153
21
3.548424
31
11.6
 0
LINE
 8
UNIFILAR
 6
CONTINUOUS
 62
94
10
4.319153
20
3.598424
30
11.55
11
4.333153
21
3.548424
31
11.6
 0
ENDSEC
 0
EOF
